ISO-10303-21;
HEADER;
/* Generated by software containing ST-Developer
 * from STEP Tools, Inc. (www.steptools.com) 
 */
/* OPTION: using custom renumber hook */

FILE_DESCRIPTION(
/* description */ ('STEP AP242 Edition 2',
'CAx-IF Rec.Pracs.---Representation and Presentation of Product Manufa
cturing Information (PMI)---4.0---2014-10-13',
'CAx-IF Rec.Pracs.---3D Tessellated Geometry---0.4---2014-09-14','2;1',
'CAx-IF Rec.Pracs.---User Defined Attributes---1.5---2016-08-15'),
/* implementation_level */ '2;1');

FILE_NAME(
/* name */ 'Part Studio 1 - Part 1',
/* time_stamp */ '2026-08-30T21:56:34Z',
/* author */ (''),
/* organization */ (''),
/* preprocessor_version */ 'ST-DEVELOPER v20',
/* originating_system */ 'ONSHAPE BY PTC INC, 1.220',
/* authorisation */ '  ');

FILE_SCHEMA (('AP242_MANAGED_MODEL_BASED_3D_ENGINEERING_MIM_LF { 1 0 10303 442 3 1 4 }'));
ENDSEC;

DATA;
#10=SHAPE_REPRESENTATION_RELATIONSHIP('','',#347,#11);
#11=ADVANCED_BREP_SHAPE_REPRESENTATION('',(#345),#8655);
#12=B_SPLINE_SURFACE_WITH_KNOTS('',3,3,((#1626,#1627,#1628,#1629),(#1630,
#1631,#1632,#1633),(#1634,#1635,#1636,#1637),(#1638,#1639,#1640,#1641),
(#1642,#1643,#1644,#1645),(#1646,#1647,#1648,#1649),(#1650,#1651,#1652,
#1653),(#1654,#1655,#1656,#1657),(#1658,#1659,#1660,#1661),(#1662,#1663,
#1664,#1665),(#1666,#1667,#1668,#1669),(#1670,#1671,#1672,#1673),(#1674,
#1675,#1676,#1677),(#1678,#1679,#1680,#1681),(#1682,#1683,#1684,#1685),
(#1686,#1687,#1688,#1689),(#1690,#1691,#1692,#1693),(#1694,#1695,#1696,
#1697),(#1698,#1699,#1700,#1701),(#1702,#1703,#1704,#1705),(#1706,#1707,
#1708,#1709),(#1710,#1711,#1712,#1713)),.UNSPECIFIED.,.F.,.F.,.F.,(4,2,
2,2,2,2,2,2,2,2,4),(4,4),(0.318058607007379,0.375,0.40625,0.4375,0.46875,
0.5,0.53125,0.5625,0.59375,0.625,0.681941399441758),(0.,1.),
 .UNSPECIFIED.);
#13=B_SPLINE_SURFACE_WITH_KNOTS('',3,3,((#2510,#2511,#2512,#2513),(#2514,
#2515,#2516,#2517),(#2518,#2519,#2520,#2521),(#2522,#2523,#2524,#2525),
(#2526,#2527,#2528,#2529),(#2530,#2531,#2532,#2533),(#2534,#2535,#2536,
#2537),(#2538,#2539,#2540,#2541),(#2542,#2543,#2544,#2545),(#2546,#2547,
#2548,#2549),(#2550,#2551,#2552,#2553),(#2554,#2555,#2556,#2557),(#2558,
#2559,#2560,#2561),(#2562,#2563,#2564,#2565),(#2566,#2567,#2568,#2569),
(#2570,#2571,#2572,#2573),(#2574,#2575,#2576,#2577),(#2578,#2579,#2580,
#2581),(#2582,#2583,#2584,#2585),(#2586,#2587,#2588,#2589),(#2590,#2591,
#2592,#2593),(#2594,#2595,#2596,#2597),(#2598,#2599,#2600,#2601),(#2602,
#2603,#2604,#2605),(#2606,#2607,#2608,#2609),(#2610,#2611,#2612,#2613),
(#2614,#2615,#2616,#2617),(#2618,#2619,#2620,#2621),(#2622,#2623,#2624,
#2625),(#2626,#2627,#2628,#2629),(#2630,#2631,#2632,#2633),(#2634,#2635,
#2636,#2637),(#2638,#2639,#2640,#2641),(#2642,#2643,#2644,#2645),(#2646,
#2647,#2648,#2649),(#2650,#2651,#2652,#2653),(#2654,#2655,#2656,#2657),
(#2658,#2659,#2660,#2661),(#2662,#2663,#2664,#2665),(#2666,#2667,#2668,
#2669),(#2670,#2671,#2672,#2673),(#2674,#2675,#2676,#2677),(#2678,#2679,
#2680,#2681),(#2682,#2683,#2684,#2685),(#2686,#2687,#2688,#2689),(#2690,
#2691,#2692,#2693),(#2694,#2695,#2696,#2697),(#2698,#2699,#2700,#2701),
(#2702,#2703,#2704,#2705),(#2706,#2707,#2708,#2709),(#2710,#2711,#2712,
#2713),(#2714,#2715,#2716,#2717),(#2718,#2719,#2720,#2721),(#2722,#2723,
#2724,#2725),(#2726,#2727,#2728,#2729),(#2730,#2731,#2732,#2733),(#2734,
#2735,#2736,#2737),(#2738,#2739,#2740,#2741)),.UNSPECIFIED.,.F.,.F.,.F.,
(4,2,2,2,2,2,2,2,2,2,2,2,2,2,2,2,2,2,2,2,2,2,2,2,2,2,2,2,4),(4,4),(0.,0.03125,
0.0625,0.09375,0.125,0.15625,0.1875,0.21875,0.25,0.3125,0.375,0.40625,0.4375,
0.46875,0.5,0.53125,0.5625,0.59375,0.625,0.6875,0.75,0.78125,0.8125,0.84375,
0.875,0.90625,0.9375,0.96875,1.),(0.,1.),.UNSPECIFIED.);
#14=B_SPLINE_SURFACE_WITH_KNOTS('',3,3,((#3042,#3043,#3044,#3045),(#3046,
#3047,#3048,#3049),(#3050,#3051,#3052,#3053),(#3054,#3055,#3056,#3057),
(#3058,#3059,#3060,#3061),(#3062,#3063,#3064,#3065),(#3066,#3067,#3068,
#3069),(#3070,#3071,#3072,#3073),(#3074,#3075,#3076,#3077),(#3078,#3079,
#3080,#3081),(#3082,#3083,#3084,#3085),(#3086,#3087,#3088,#3089),(#3090,
#3091,#3092,#3093),(#3094,#3095,#3096,#3097),(#3098,#3099,#3100,#3101),
(#3102,#3103,#3104,#3105),(#3106,#3107,#3108,#3109),(#3110,#3111,#3112,
#3113)),.UNSPECIFIED.,.F.,.F.,.F.,(4,2,2,2,2,2,2,2,4),(4,4),(0.421771956957846,
0.4375,0.46875,0.5,0.53125,0.5625,0.59375,0.625,0.651180120575549),(0.,
1.),.UNSPECIFIED.);
#15=B_SPLINE_SURFACE_WITH_KNOTS('',3,3,((#3885,#3886,#3887,#3888),(#3889,
#3890,#3891,#3892),(#3893,#3894,#3895,#3896),(#3897,#3898,#3899,#3900),
(#3901,#3902,#3903,#3904),(#3905,#3906,#3907,#3908),(#3909,#3910,#3911,
#3912),(#3913,#3914,#3915,#3916),(#3917,#3918,#3919,#3920),(#3921,#3922,
#3923,#3924),(#3925,#3926,#3927,#3928),(#3929,#3930,#3931,#3932),(#3933,
#3934,#3935,#3936),(#3937,#3938,#3939,#3940),(#3941,#3942,#3943,#3944),
(#3945,#3946,#3947,#3948),(#3949,#3950,#3951,#3952),(#3953,#3954,#3955,
#3956),(#3957,#3958,#3959,#3960),(#3961,#3962,#3963,#3964),(#3965,#3966,
#3967,#3968),(#3969,#3970,#3971,#3972),(#3973,#3974,#3975,#3976),(#3977,
#3978,#3979,#3980),(#3981,#3982,#3983,#3984),(#3985,#3986,#3987,#3988),
(#3989,#3990,#3991,#3992),(#3993,#3994,#3995,#3996),(#3997,#3998,#3999,
#4000),(#4001,#4002,#4003,#4004),(#4005,#4006,#4007,#4008),(#4009,#4010,
#4011,#4012),(#4013,#4014,#4015,#4016),(#4017,#4018,#4019,#4020),(#4021,
#4022,#4023,#4024),(#4025,#4026,#4027,#4028),(#4029,#4030,#4031,#4032),
(#4033,#4034,#4035,#4036),(#4037,#4038,#4039,#4040),(#4041,#4042,#4043,
#4044),(#4045,#4046,#4047,#4048),(#4049,#4050,#4051,#4052),(#4053,#4054,
#4055,#4056),(#4057,#4058,#4059,#4060),(#4061,#4062,#4063,#4064),(#4065,
#4066,#4067,#4068),(#4069,#4070,#4071,#4072),(#4073,#4074,#4075,#4076),
(#4077,#4078,#4079,#4080),(#4081,#4082,#4083,#4084),(#4085,#4086,#4087,
#4088),(#4089,#4090,#4091,#4092),(#4093,#4094,#4095,#4096),(#4097,#4098,
#4099,#4100),(#4101,#4102,#4103,#4104),(#4105,#4106,#4107,#4108),(#4109,
#4110,#4111,#4112),(#4113,#4114,#4115,#4116)),.UNSPECIFIED.,.F.,.F.,.F.,
(4,2,2,2,2,2,2,2,2,2,2,2,2,2,2,2,2,2,2,2,2,2,2,2,2,2,2,2,4),(4,4),(0.0101945110483141,
0.03125,0.0625,0.09375,0.125,0.15625,0.1875,0.21875,0.25,0.3125,0.375,0.40625,
0.4375,0.46875,0.5,0.53125,0.5625,0.59375,0.625,0.6875,0.75,0.78125,0.8125,
0.84375,0.875,0.90625,0.9375,0.96875,0.990264756864145),(0.,1.),
 .UNSPECIFIED.);
#16=B_SPLINE_SURFACE_WITH_KNOTS('',2,3,((#4534,#4535,#4536,#4537,#4538,
#4539,#4540,#4541,#4542,#4543,#4544,#4545,#4546,#4547,#4548,#4549,#4550,
#4551,#4552,#4553,#4554,#4555,#4556,#4557,#4558,#4559,#4560,#4561,#4562,
#4563,#4564,#4565,#4566,#4567,#4568,#4569,#4570,#4571,#4572,#4573,#4574,
#4575,#4576,#4577,#4578,#4579,#4580,#4581,#4582,#4583,#4584,#4585),(#4586,
#4587,#4588,#4589,#4590,#4591,#4592,#4593,#4594,#4595,#4596,#4597,#4598,
#4599,#4600,#4601,#4602,#4603,#4604,#4605,#4606,#4607,#4608,#4609,#4610,
#4611,#4612,#4613,#4614,#4615,#4616,#4617,#4618,#4619,#4620,#4621,#4622,
#4623,#4624,#4625,#4626,#4627,#4628,#4629,#4630,#4631,#4632,#4633,#4634,
#4635,#4636,#4637),(#4638,#4639,#4640,#4641,#4642,#4643,#4644,#4645,#4646,
#4647,#4648,#4649,#4650,#4651,#4652,#4653,#4654,#4655,#4656,#4657,#4658,
#4659,#4660,#4661,#4662,#4663,#4664,#4665,#4666,#4667,#4668,#4669,#4670,
#4671,#4672,#4673,#4674,#4675,#4676,#4677,#4678,#4679,#4680,#4681,#4682,
#4683,#4684,#4685,#4686,#4687,#4688,#4689)),.UNSPECIFIED.,.F.,.F.,.F.,(3,
3),(4,2,2,2,2,2,2,2,2,2,2,2,2,2,2,2,2,2,2,2,2,2,2,2,2,4),(0.,1.),(0.482091381115666,
0.483928302971029,0.484846763898711,0.485765224826393,0.487602146681757,
0.489439068537121,0.493112912247848,0.496786755958576,0.511482130801486,
0.526177505644396,0.540872880487306,0.570263630173126,0.599654379858946,
0.629045129544767,0.643740504387677,0.658435879230587,0.687826628916407,
0.717217378602228,0.775998877973868,0.805389627659688,0.834780377345509,
0.893561876717149,0.922952626402969,0.937648001245879,0.944995688667335,
0.952343376088789),.UNSPECIFIED.);
#17=B_SPLINE_SURFACE_WITH_KNOTS('',2,3,((#4694,#4695,#4696,#4697,#4698,
#4699,#4700,#4701,#4702,#4703,#4704,#4705,#4706,#4707,#4708,#4709,#4710,
#4711,#4712,#4713,#4714,#4715,#4716,#4717,#4718,#4719,#4720,#4721,#4722,
#4723,#4724,#4725,#4726,#4727,#4728,#4729,#4730,#4731,#4732,#4733,#4734,
#4735,#4736,#4737,#4738,#4739,#4740,#4741,#4742,#4743,#4744,#4745),(#4746,
#4747,#4748,#4749,#4750,#4751,#4752,#4753,#4754,#4755,#4756,#4757,#4758,
#4759,#4760,#4761,#4762,#4763,#4764,#4765,#4766,#4767,#4768,#4769,#4770,
#4771,#4772,#4773,#4774,#4775,#4776,#4777,#4778,#4779,#4780,#4781,#4782,
#4783,#4784,#4785,#4786,#4787,#4788,#4789,#4790,#4791,#4792,#4793,#4794,
#4795,#4796,#4797),(#4798,#4799,#4800,#4801,#4802,#4803,#4804,#4805,#4806,
#4807,#4808,#4809,#4810,#4811,#4812,#4813,#4814,#4815,#4816,#4817,#4818,
#4819,#4820,#4821,#4822,#4823,#4824,#4825,#4826,#4827,#4828,#4829,#4830,
#4831,#4832,#4833,#4834,#4835,#4836,#4837,#4838,#4839,#4840,#4841,#4842,
#4843,#4844,#4845,#4846,#4847,#4848,#4849)),.UNSPECIFIED.,.F.,.F.,.F.,(3,
3),(4,2,2,2,2,2,2,2,2,2,2,2,2,2,2,2,2,2,2,2,2,2,2,2,2,4),(0.,1.),(0.48209138111525,
0.483928302970612,0.484846763898293,0.485765224825974,0.487602146681336,
0.489439068536698,0.493112912247422,0.496786755958147,0.511482130801043,
0.52617750564394,0.540872880486836,0.57026363017263,0.599654379858423,0.629045129544216,
0.643740504387113,0.65843587923001,0.687826628915803,0.717217378601596,
0.775998877973183,0.805389627658976,0.834780377344769,0.893561876716356,
0.922952626402149,0.937648001245046,0.944995688666494,0.952343376087942),
 .UNSPECIFIED.);
#18=B_SPLINE_SURFACE_WITH_KNOTS('',2,3,((#4854,#4855,#4856,#4857,#4858,
#4859,#4860,#4861,#4862,#4863,#4864,#4865,#4866,#4867,#4868,#4869,#4870,
#4871,#4872,#4873,#4874,#4875,#4876,#4877,#4878,#4879,#4880,#4881,#4882,
#4883,#4884,#4885),(#4886,#4887,#4888,#4889,#4890,#4891,#4892,#4893,#4894,
#4895,#4896,#4897,#4898,#4899,#4900,#4901,#4902,#4903,#4904,#4905,#4906,
#4907,#4908,#4909,#4910,#4911,#4912,#4913,#4914,#4915,#4916,#4917),(#4918,
#4919,#4920,#4921,#4922,#4923,#4924,#4925,#4926,#4927,#4928,#4929,#4930,
#4931,#4932,#4933,#4934,#4935,#4936,#4937,#4938,#4939,#4940,#4941,#4942,
#4943,#4944,#4945,#4946,#4947,#4948,#4949)),.UNSPECIFIED.,.F.,.F.,.F.,(3,
3),(4,2,2,2,2,2,2,2,2,2,2,2,2,2,2,4),(0.,1.),(0.043826489192333,0.262958935153999,
0.372525158134833,0.427308269625249,0.441004047497853,0.447851936434155,
0.454699825370457,0.458123769838608,0.461547714306759,0.468395603243061,
0.471819547711212,0.475243492179363,0.478667436647514,0.48037940888159,
0.481235394998628,0.482091381115666),.UNSPECIFIED.);
#19=B_SPLINE_SURFACE_WITH_KNOTS('',2,3,((#4954,#4955,#4956,#4957,#4958,
#4959,#4960,#4961,#4962,#4963,#4964,#4965,#4966,#4967,#4968,#4969,#4970,
#4971,#4972,#4973,#4974,#4975,#4976,#4977,#4978,#4979,#4980,#4981,#4982,
#4983,#4984,#4985,#4986,#4987,#4988,#4989,#4990,#4991,#4992,#4993,#4994,
#4995,#4996,#4997,#4998,#4999,#5000,#5001,#5002,#5003),(#5004,#5005,#5006,
#5007,#5008,#5009,#5010,#5011,#5012,#5013,#5014,#5015,#5016,#5017,#5018,
#5019,#5020,#5021,#5022,#5023,#5024,#5025,#5026,#5027,#5028,#5029,#5030,
#5031,#5032,#5033,#5034,#5035,#5036,#5037,#5038,#5039,#5040,#5041,#5042,
#5043,#5044,#5045,#5046,#5047,#5048,#5049,#5050,#5051,#5052,#5053),(#5054,
#5055,#5056,#5057,#5058,#5059,#5060,#5061,#5062,#5063,#5064,#5065,#5066,
#5067,#5068,#5069,#5070,#5071,#5072,#5073,#5074,#5075,#5076,#5077,#5078,
#5079,#5080,#5081,#5082,#5083,#5084,#5085,#5086,#5087,#5088,#5089,#5090,
#5091,#5092,#5093,#5094,#5095,#5096,#5097,#5098,#5099,#5100,#5101,#5102,
#5103)),.UNSPECIFIED.,.F.,.F.,.F.,(3,3),(4,2,2,2,2,2,2,2,2,2,2,2,2,2,2,
2,2,2,2,2,2,2,2,2,4),(0.,1.),(0.0784266052022214,0.0850524405909005,0.0883653582852401,
0.0900218171324098,0.0916782759795796,0.0983041113682587,0.101617029062598,
0.104929946756938,0.111555782145617,0.118181617534296,0.131433288311654,
0.184439971421087,0.237446654530519,0.290453337639952,0.343460020749385,
0.369963362304101,0.396466703858817,0.44947338696825,0.502480070077683,
0.608493436296548,0.661500119405981,0.714506802515414,0.767513485624846,
0.820520168734279,0.917313281522316),.UNSPECIFIED.);
#20=B_SPLINE_SURFACE_WITH_KNOTS('',2,3,((#5108,#5109,#5110,#5111,#5112,
#5113,#5114,#5115,#5116,#5117,#5118,#5119,#5120,#5121,#5122,#5123,#5124,
#5125,#5126,#5127,#5128,#5129,#5130,#5131,#5132,#5133,#5134,#5135,#5136,
#5137,#5138,#5139),(#5140,#5141,#5142,#5143,#5144,#5145,#5146,#5147,#5148,
#5149,#5150,#5151,#5152,#5153,#5154,#5155,#5156,#5157,#5158,#5159,#5160,
#5161,#5162,#5163,#5164,#5165,#5166,#5167,#5168,#5169,#5170,#5171),(#5172,
#5173,#5174,#5175,#5176,#5177,#5178,#5179,#5180,#5181,#5182,#5183,#5184,
#5185,#5186,#5187,#5188,#5189,#5190,#5191,#5192,#5193,#5194,#5195,#5196,
#5197,#5198,#5199,#5200,#5201,#5202,#5203)),.UNSPECIFIED.,.F.,.F.,.F.,(3,
3),(4,2,2,2,2,2,2,2,2,2,2,2,2,2,2,4),(0.,1.),(0.0438264891922945,0.262958935153772,
0.372525158134511,0.42730826962488,0.441004047497473,0.447851936433769,
0.454699825370065,0.458123769838213,0.461547714306361,0.468395603242658,
0.471819547710806,0.475243492178954,0.478667436647102,0.480379408881176,
0.481235394998213,0.48209138111525),.UNSPECIFIED.);
#21=B_SPLINE_SURFACE_WITH_KNOTS('',2,3,((#5208,#5209,#5210,#5211,#5212,
#5213,#5214,#5215,#5216,#5217,#5218,#5219,#5220,#5221,#5222,#5223,#5224,
#5225,#5226,#5227,#5228,#5229,#5230,#5231,#5232,#5233,#5234,#5235,#5236,
#5237,#5238,#5239,#5240,#5241,#5242,#5243,#5244,#5245,#5246,#5247,#5248,
#5249),(#5250,#5251,#5252,#5253,#5254,#5255,#5256,#5257,#5258,#5259,#5260,
#5261,#5262,#5263,#5264,#5265,#5266,#5267,#5268,#5269,#5270,#5271,#5272,
#5273,#5274,#5275,#5276,#5277,#5278,#5279,#5280,#5281,#5282,#5283,#5284,
#5285,#5286,#5287,#5288,#5289,#5290,#5291),(#5292,#5293,#5294,#5295,#5296,
#5297,#5298,#5299,#5300,#5301,#5302,#5303,#5304,#5305,#5306,#5307,#5308,
#5309,#5310,#5311,#5312,#5313,#5314,#5315,#5316,#5317,#5318,#5319,#5320,
#5321,#5322,#5323,#5324,#5325,#5326,#5327,#5328,#5329,#5330,#5331,#5332,
#5333)),.UNSPECIFIED.,.F.,.F.,.F.,(3,3),(4,2,2,2,2,2,2,2,2,2,2,2,2,2,2,
2,2,2,2,2,4),(0.,1.),(2.0822856559362,2.09154942168495,2.10081318743371,
2.11108071485315,2.12134824227259,2.14188329711149,2.16241835195037,2.18295340678927,
2.20348846162815,2.22402351646704,2.26509362614483,2.28562868098372,2.30616373582261,
2.34723384550039,2.38830395517817,2.42937406485595,2.51151428421151,2.59365450356708,
2.67579472292263,2.71686483260042,2.7579349422782),.UNSPECIFIED.);
#22=B_SPLINE_SURFACE_WITH_KNOTS('',3,1,((#5484,#5485),(#5486,#5487),(#5488,
#5489),(#5490,#5491)),.SURF_OF_LINEAR_EXTRUSION.,.F.,.F.,.F.,(4,4),(2,2),
(-8.98200411508173E-17,1.),(0.,1.),.PIECEWISE_BEZIER_KNOTS.);
#23=B_SPLINE_SURFACE_WITH_KNOTS('',2,3,((#5496,#5497,#5498,#5499,#5500,
#5501,#5502,#5503,#5504,#5505,#5506,#5507,#5508,#5509,#5510,#5511,#5512,
#5513,#5514,#5515,#5516,#5517,#5518,#5519,#5520,#5521,#5522,#5523,#5524,
#5525,#5526,#5527,#5528,#5529,#5530,#5531,#5532,#5533,#5534,#5535,#5536,
#5537,#5538,#5539,#5540,#5541,#5542,#5543,#5544,#5545,#5546,#5547),(#5548,
#5549,#5550,#5551,#5552,#5553,#5554,#5555,#5556,#5557,#5558,#5559,#5560,
#5561,#5562,#5563,#5564,#5565,#5566,#5567,#5568,#5569,#5570,#5571,#5572,
#5573,#5574,#5575,#5576,#5577,#5578,#5579,#5580,#5581,#5582,#5583,#5584,
#5585,#5586,#5587,#5588,#5589,#5590,#5591,#5592,#5593,#5594,#5595,#5596,
#5597,#5598,#5599),(#5600,#5601,#5602,#5603,#5604,#5605,#5606,#5607,#5608,
#5609,#5610,#5611,#5612,#5613,#5614,#5615,#5616,#5617,#5618,#5619,#5620,
#5621,#5622,#5623,#5624,#5625,#5626,#5627,#5628,#5629,#5630,#5631,#5632,
#5633,#5634,#5635,#5636,#5637,#5638,#5639,#5640,#5641,#5642,#5643,#5644,
#5645,#5646,#5647,#5648,#5649,#5650,#5651)),.UNSPECIFIED.,.F.,.F.,.F.,(3,
3),(4,2,2,2,2,2,2,2,2,2,2,2,2,2,2,2,2,2,2,2,2,2,2,2,2,4),(0.,1.),(0.482091381160529,
0.483928303015721,0.484846763943317,0.485765224870913,0.487602146726105,
0.489439068581297,0.493112912291681,0.496786756002065,0.511482130843601,
0.526177505685137,0.540872880526673,0.570263630209745,0.599654379892816,
0.629045129575888,0.643740504417425,0.65843587925896,0.687826628942032,
0.717217378625104,0.775998877991248,0.80538962767432,0.834780377357392,
0.893561876723536,0.922952626406608,0.937648001248144,0.944995688668912,
0.95234337608968),.UNSPECIFIED.);
#24=B_SPLINE_SURFACE_WITH_KNOTS('',2,3,((#5656,#5657,#5658,#5659,#5660,
#5661,#5662,#5663,#5664,#5665,#5666,#5667,#5668,#5669,#5670,#5671,#5672,
#5673,#5674,#5675,#5676,#5677,#5678,#5679,#5680,#5681,#5682,#5683,#5684,
#5685,#5686,#5687,#5688,#5689,#5690,#5691,#5692,#5693,#5694,#5695,#5696,
#5697),(#5698,#5699,#5700,#5701,#5702,#5703,#5704,#5705,#5706,#5707,#5708,
#5709,#5710,#5711,#5712,#5713,#5714,#5715,#5716,#5717,#5718,#5719,#5720,
#5721,#5722,#5723,#5724,#5725,#5726,#5727,#5728,#5729,#5730,#5731,#5732,
#5733,#5734,#5735,#5736,#5737,#5738,#5739),(#5740,#5741,#5742,#5743,#5744,
#5745,#5746,#5747,#5748,#5749,#5750,#5751,#5752,#5753,#5754,#5755,#5756,
#5757,#5758,#5759,#5760,#5761,#5762,#5763,#5764,#5765,#5766,#5767,#5768,
#5769,#5770,#5771,#5772,#5773,#5774,#5775,#5776,#5777,#5778,#5779,#5780,
#5781)),.UNSPECIFIED.,.F.,.F.,.F.,(3,3),(4,2,2,2,2,2,2,2,2,2,2,2,2,2,2,
2,2,2,2,2,4),(0.,1.),(2.08227075189845,2.09174365572332,2.10121655954819,
2.11148507640821,2.12175359326823,2.14229062698827,2.16282766070832,2.18336469442836,
2.20390172814841,2.22443876186845,2.26551282930853,2.28604986302858,2.30658689674863,
2.34766096418871,2.3887350316288,2.42980909906889,2.51195723394906,2.59410536882924,
2.67625350370941,2.7173275711495,2.75840163858958),.UNSPECIFIED.);
#25=B_SPLINE_SURFACE_WITH_KNOTS('',3,3,((#5914,#5915,#5916,#5917,#5918,
#5919,#5920,#5921,#5922,#5923,#5924,#5925,#5926,#5927,#5928,#5929,#5930,
#5931,#5932,#5933,#5934,#5935),(#5936,#5937,#5938,#5939,#5940,#5941,#5942,
#5943,#5944,#5945,#5946,#5947,#5948,#5949,#5950,#5951,#5952,#5953,#5954,
#5955,#5956,#5957),(#5958,#5959,#5960,#5961,#5962,#5963,#5964,#5965,#5966,
#5967,#5968,#5969,#5970,#5971,#5972,#5973,#5974,#5975,#5976,#5977,#5978,
#5979),(#5980,#5981,#5982,#5983,#5984,#5985,#5986,#5987,#5988,#5989,#5990,
#5991,#5992,#5993,#5994,#5995,#5996,#5997,#5998,#5999,#6000,#6001),(#6002,
#6003,#6004,#6005,#6006,#6007,#6008,#6009,#6010,#6011,#6012,#6013,#6014,
#6015,#6016,#6017,#6018,#6019,#6020,#6021,#6022,#6023),(#6024,#6025,#6026,
#6027,#6028,#6029,#6030,#6031,#6032,#6033,#6034,#6035,#6036,#6037,#6038,
#6039,#6040,#6041,#6042,#6043,#6044,#6045),(#6046,#6047,#6048,#6049,#6050,
#6051,#6052,#6053,#6054,#6055,#6056,#6057,#6058,#6059,#6060,#6061,#6062,
#6063,#6064,#6065,#6066,#6067),(#6068,#6069,#6070,#6071,#6072,#6073,#6074,
#6075,#6076,#6077,#6078,#6079,#6080,#6081,#6082,#6083,#6084,#6085,#6086,
#6087,#6088,#6089),(#6090,#6091,#6092,#6093,#6094,#6095,#6096,#6097,#6098,
#6099,#6100,#6101,#6102,#6103,#6104,#6105,#6106,#6107,#6108,#6109,#6110,
#6111),(#6112,#6113,#6114,#6115,#6116,#6117,#6118,#6119,#6120,#6121,#6122,
#6123,#6124,#6125,#6126,#6127,#6128,#6129,#6130,#6131,#6132,#6133),(#6134,
#6135,#6136,#6137,#6138,#6139,#6140,#6141,#6142,#6143,#6144,#6145,#6146,
#6147,#6148,#6149,#6150,#6151,#6152,#6153,#6154,#6155),(#6156,#6157,#6158,
#6159,#6160,#6161,#6162,#6163,#6164,#6165,#6166,#6167,#6168,#6169,#6170,
#6171,#6172,#6173,#6174,#6175,#6176,#6177),(#6178,#6179,#6180,#6181,#6182,
#6183,#6184,#6185,#6186,#6187,#6188,#6189,#6190,#6191,#6192,#6193,#6194,
#6195,#6196,#6197,#6198,#6199),(#6200,#6201,#6202,#6203,#6204,#6205,#6206,
#6207,#6208,#6209,#6210,#6211,#6212,#6213,#6214,#6215,#6216,#6217,#6218,
#6219,#6220,#6221),(#6222,#6223,#6224,#6225,#6226,#6227,#6228,#6229,#6230,
#6231,#6232,#6233,#6234,#6235,#6236,#6237,#6238,#6239,#6240,#6241,#6242,
#6243),(#6244,#6245,#6246,#6247,#6248,#6249,#6250,#6251,#6252,#6253,#6254,
#6255,#6256,#6257,#6258,#6259,#6260,#6261,#6262,#6263,#6264,#6265),(#6266,
#6267,#6268,#6269,#6270,#6271,#6272,#6273,#6274,#6275,#6276,#6277,#6278,
#6279,#6280,#6281,#6282,#6283,#6284,#6285,#6286,#6287),(#6288,#6289,#6290,
#6291,#6292,#6293,#6294,#6295,#6296,#6297,#6298,#6299,#6300,#6301,#6302,
#6303,#6304,#6305,#6306,#6307,#6308,#6309),(#6310,#6311,#6312,#6313,#6314,
#6315,#6316,#6317,#6318,#6319,#6320,#6321,#6322,#6323,#6324,#6325,#6326,
#6327,#6328,#6329,#6330,#6331),(#6332,#6333,#6334,#6335,#6336,#6337,#6338,
#6339,#6340,#6341,#6342,#6343,#6344,#6345,#6346,#6347,#6348,#6349,#6350,
#6351,#6352,#6353),(#6354,#6355,#6356,#6357,#6358,#6359,#6360,#6361,#6362,
#6363,#6364,#6365,#6366,#6367,#6368,#6369,#6370,#6371,#6372,#6373,#6374,
#6375),(#6376,#6377,#6378,#6379,#6380,#6381,#6382,#6383,#6384,#6385,#6386,
#6387,#6388,#6389,#6390,#6391,#6392,#6393,#6394,#6395,#6396,#6397),(#6398,
#6399,#6400,#6401,#6402,#6403,#6404,#6405,#6406,#6407,#6408,#6409,#6410,
#6411,#6412,#6413,#6414,#6415,#6416,#6417,#6418,#6419),(#6420,#6421,#6422,
#6423,#6424,#6425,#6426,#6427,#6428,#6429,#6430,#6431,#6432,#6433,#6434,
#6435,#6436,#6437,#6438,#6439,#6440,#6441),(#6442,#6443,#6444,#6445,#6446,
#6447,#6448,#6449,#6450,#6451,#6452,#6453,#6454,#6455,#6456,#6457,#6458,
#6459,#6460,#6461,#6462,#6463),(#6464,#6465,#6466,#6467,#6468,#6469,#6470,
#6471,#6472,#6473,#6474,#6475,#6476,#6477,#6478,#6479,#6480,#6481,#6482,
#6483,#6484,#6485),(#6486,#6487,#6488,#6489,#6490,#6491,#6492,#6493,#6494,
#6495,#6496,#6497,#6498,#6499,#6500,#6501,#6502,#6503,#6504,#6505,#6506,
#6507),(#6508,#6509,#6510,#6511,#6512,#6513,#6514,#6515,#6516,#6517,#6518,
#6519,#6520,#6521,#6522,#6523,#6524,#6525,#6526,#6527,#6528,#6529),(#6530,
#6531,#6532,#6533,#6534,#6535,#6536,#6537,#6538,#6539,#6540,#6541,#6542,
#6543,#6544,#6545,#6546,#6547,#6548,#6549,#6550,#6551),(#6552,#6553,#6554,
#6555,#6556,#6557,#6558,#6559,#6560,#6561,#6562,#6563,#6564,#6565,#6566,
#6567,#6568,#6569,#6570,#6571,#6572,#6573),(#6574,#6575,#6576,#6577,#6578,
#6579,#6580,#6581,#6582,#6583,#6584,#6585,#6586,#6587,#6588,#6589,#6590,
#6591,#6592,#6593,#6594,#6595),(#6596,#6597,#6598,#6599,#6600,#6601,#6602,
#6603,#6604,#6605,#6606,#6607,#6608,#6609,#6610,#6611,#6612,#6613,#6614,
#6615,#6616,#6617),(#6618,#6619,#6620,#6621,#6622,#6623,#6624,#6625,#6626,
#6627,#6628,#6629,#6630,#6631,#6632,#6633,#6634,#6635,#6636,#6637,#6638,
#6639),(#6640,#6641,#6642,#6643,#6644,#6645,#6646,#6647,#6648,#6649,#6650,
#6651,#6652,#6653,#6654,#6655,#6656,#6657,#6658,#6659,#6660,#6661),(#6662,
#6663,#6664,#6665,#6666,#6667,#6668,#6669,#6670,#6671,#6672,#6673,#6674,
#6675,#6676,#6677,#6678,#6679,#6680,#6681,#6682,#6683),(#6684,#6685,#6686,
#6687,#6688,#6689,#6690,#6691,#6692,#6693,#6694,#6695,#6696,#6697,#6698,
#6699,#6700,#6701,#6702,#6703,#6704,#6705),(#6706,#6707,#6708,#6709,#6710,
#6711,#6712,#6713,#6714,#6715,#6716,#6717,#6718,#6719,#6720,#6721,#6722,
#6723,#6724,#6725,#6726,#6727),(#6728,#6729,#6730,#6731,#6732,#6733,#6734,
#6735,#6736,#6737,#6738,#6739,#6740,#6741,#6742,#6743,#6744,#6745,#6746,
#6747,#6748,#6749),(#6750,#6751,#6752,#6753,#6754,#6755,#6756,#6757,#6758,
#6759,#6760,#6761,#6762,#6763,#6764,#6765,#6766,#6767,#6768,#6769,#6770,
#6771),(#6772,#6773,#6774,#6775,#6776,#6777,#6778,#6779,#6780,#6781,#6782,
#6783,#6784,#6785,#6786,#6787,#6788,#6789,#6790,#6791,#6792,#6793),(#6794,
#6795,#6796,#6797,#6798,#6799,#6800,#6801,#6802,#6803,#6804,#6805,#6806,
#6807,#6808,#6809,#6810,#6811,#6812,#6813,#6814,#6815),(#6816,#6817,#6818,
#6819,#6820,#6821,#6822,#6823,#6824,#6825,#6826,#6827,#6828,#6829,#6830,
#6831,#6832,#6833,#6834,#6835,#6836,#6837),(#6838,#6839,#6840,#6841,#6842,
#6843,#6844,#6845,#6846,#6847,#6848,#6849,#6850,#6851,#6852,#6853,#6854,
#6855,#6856,#6857,#6858,#6859),(#6860,#6861,#6862,#6863,#6864,#6865,#6866,
#6867,#6868,#6869,#6870,#6871,#6872,#6873,#6874,#6875,#6876,#6877,#6878,
#6879,#6880,#6881),(#6882,#6883,#6884,#6885,#6886,#6887,#6888,#6889,#6890,
#6891,#6892,#6893,#6894,#6895,#6896,#6897,#6898,#6899,#6900,#6901,#6902,
#6903),(#6904,#6905,#6906,#6907,#6908,#6909,#6910,#6911,#6912,#6913,#6914,
#6915,#6916,#6917,#6918,#6919,#6920,#6921,#6922,#6923,#6924,#6925),(#6926,
#6927,#6928,#6929,#6930,#6931,#6932,#6933,#6934,#6935,#6936,#6937,#6938,
#6939,#6940,#6941,#6942,#6943,#6944,#6945,#6946,#6947),(#6948,#6949,#6950,
#6951,#6952,#6953,#6954,#6955,#6956,#6957,#6958,#6959,#6960,#6961,#6962,
#6963,#6964,#6965,#6966,#6967,#6968,#6969),(#6970,#6971,#6972,#6973,#6974,
#6975,#6976,#6977,#6978,#6979,#6980,#6981,#6982,#6983,#6984,#6985,#6986,
#6987,#6988,#6989,#6990,#6991),(#6992,#6993,#6994,#6995,#6996,#6997,#6998,
#6999,#7000,#7001,#7002,#7003,#7004,#7005,#7006,#7007,#7008,#7009,#7010,
#7011,#7012,#7013),(#7014,#7015,#7016,#7017,#7018,#7019,#7020,#7021,#7022,
#7023,#7024,#7025,#7026,#7027,#7028,#7029,#7030,#7031,#7032,#7033,#7034,
#7035),(#7036,#7037,#7038,#7039,#7040,#7041,#7042,#7043,#7044,#7045,#7046,
#7047,#7048,#7049,#7050,#7051,#7052,#7053,#7054,#7055,#7056,#7057)),
 .UNSPECIFIED.,.F.,.F.,.F.,(4,2,2,2,2,2,2,2,2,2,2,2,2,2,2,2,2,2,2,2,2,2,
2,2,2,4),(4,2,2,2,2,2,2,2,2,2,4),(0.,0.0625,0.125,0.15625,0.171875,0.1875,
0.25,0.3125,0.34375,0.359375,0.375,0.4375,0.5,0.515625,0.53125,0.5625,0.625,
0.65625,0.671875,0.6875,0.75,0.8125,0.875,0.9375,0.96875,1.),(0.,0.03125,
0.125,0.25,0.375,0.5,0.625,0.75,0.875,0.96875,1.),.UNSPECIFIED.);
#26=B_SPLINE_SURFACE_WITH_KNOTS('',2,3,((#7103,#7104,#7105,#7106,#7107,
#7108,#7109,#7110,#7111,#7112,#7113,#7114,#7115,#7116,#7117,#7118,#7119,
#7120,#7121,#7122,#7123,#7124,#7125,#7126,#7127,#7128,#7129,#7130,#7131,
#7132,#7133,#7134,#7135,#7136,#7137,#7138,#7139,#7140,#7141,#7142,#7143,
#7144),(#7145,#7146,#7147,#7148,#7149,#7150,#7151,#7152,#7153,#7154,#7155,
#7156,#7157,#7158,#7159,#7160,#7161,#7162,#7163,#7164,#7165,#7166,#7167,
#7168,#7169,#7170,#7171,#7172,#7173,#7174,#7175,#7176,#7177,#7178,#7179,
#7180,#7181,#7182,#7183,#7184,#7185,#7186),(#7187,#7188,#7189,#7190,#7191,
#7192,#7193,#7194,#7195,#7196,#7197,#7198,#7199,#7200,#7201,#7202,#7203,
#7204,#7205,#7206,#7207,#7208,#7209,#7210,#7211,#7212,#7213,#7214,#7215,
#7216,#7217,#7218,#7219,#7220,#7221,#7222,#7223,#7224,#7225,#7226,#7227,
#7228)),.UNSPECIFIED.,.F.,.F.,.F.,(3,3),(4,2,2,2,2,2,2,2,2,2,2,2,2,2,2,
2,2,2,2,2,4),(0.,1.),(4.16379985767419,4.24422701207425,4.3246541664743,
4.40508132087437,4.48550847527443,4.52572205247446,4.56593562967449,4.58604241827451,
4.60614920687452,4.64636278407455,4.68657636127459,4.7066831498746,4.72678993847462,
4.74689672707463,4.75695012137464,4.76700351567465,4.78711030427466,4.79716369857467,
4.80721709287468,4.81653240955886,4.82584772624305),.UNSPECIFIED.);
#27=B_SPLINE_SURFACE_WITH_KNOTS('',2,3,((#7250,#7251,#7252,#7253,#7254,
#7255,#7256,#7257,#7258,#7259,#7260,#7261,#7262,#7263,#7264,#7265,#7266,
#7267,#7268,#7269,#7270,#7271,#7272,#7273,#7274,#7275,#7276,#7277,#7278,
#7279,#7280,#7281),(#7282,#7283,#7284,#7285,#7286,#7287,#7288,#7289,#7290,
#7291,#7292,#7293,#7294,#7295,#7296,#7297,#7298,#7299,#7300,#7301,#7302,
#7303,#7304,#7305,#7306,#7307,#7308,#7309,#7310,#7311,#7312,#7313),(#7314,
#7315,#7316,#7317,#7318,#7319,#7320,#7321,#7322,#7323,#7324,#7325,#7326,
#7327,#7328,#7329,#7330,#7331,#7332,#7333,#7334,#7335,#7336,#7337,#7338,
#7339,#7340,#7341,#7342,#7343,#7344,#7345)),.UNSPECIFIED.,.F.,.F.,.F.,(3,
3),(4,2,2,2,2,2,2,2,2,2,2,2,2,2,2,4),(0.,1.),(0.0438264891923824,0.262958935176456,
0.372525158168492,0.427308269664511,0.441004047538515,0.447851936475518,
0.45469982541252,0.458123769881021,0.461547714349522,0.468395603286524,
0.471819547755025,0.475243492223527,0.478667436692028,0.480379408926278,
0.481235395043404,0.482091381160529),.UNSPECIFIED.);
#28=B_SPLINE_SURFACE_WITH_KNOTS('',3,3,((#7350,#7351,#7352,#7353,#7354,
#7355,#7356,#7357,#7358,#7359,#7360,#7361,#7362,#7363,#7364,#7365,#7366,
#7367,#7368,#7369,#7370,#7371),(#7372,#7373,#7374,#7375,#7376,#7377,#7378,
#7379,#7380,#7381,#7382,#7383,#7384,#7385,#7386,#7387,#7388,#7389,#7390,
#7391,#7392,#7393),(#7394,#7395,#7396,#7397,#7398,#7399,#7400,#7401,#7402,
#7403,#7404,#7405,#7406,#7407,#7408,#7409,#7410,#7411,#7412,#7413,#7414,
#7415),(#7416,#7417,#7418,#7419,#7420,#7421,#7422,#7423,#7424,#7425,#7426,
#7427,#7428,#7429,#7430,#7431,#7432,#7433,#7434,#7435,#7436,#7437),(#7438,
#7439,#7440,#7441,#7442,#7443,#7444,#7445,#7446,#7447,#7448,#7449,#7450,
#7451,#7452,#7453,#7454,#7455,#7456,#7457,#7458,#7459),(#7460,#7461,#7462,
#7463,#7464,#7465,#7466,#7467,#7468,#7469,#7470,#7471,#7472,#7473,#7474,
#7475,#7476,#7477,#7478,#7479,#7480,#7481),(#7482,#7483,#7484,#7485,#7486,
#7487,#7488,#7489,#7490,#7491,#7492,#7493,#7494,#7495,#7496,#7497,#7498,
#7499,#7500,#7501,#7502,#7503),(#7504,#7505,#7506,#7507,#7508,#7509,#7510,
#7511,#7512,#7513,#7514,#7515,#7516,#7517,#7518,#7519,#7520,#7521,#7522,
#7523,#7524,#7525),(#7526,#7527,#7528,#7529,#7530,#7531,#7532,#7533,#7534,
#7535,#7536,#7537,#7538,#7539,#7540,#7541,#7542,#7543,#7544,#7545,#7546,
#7547),(#7548,#7549,#7550,#7551,#7552,#7553,#7554,#7555,#7556,#7557,#7558,
#7559,#7560,#7561,#7562,#7563,#7564,#7565,#7566,#7567,#7568,#7569),(#7570,
#7571,#7572,#7573,#7574,#7575,#7576,#7577,#7578,#7579,#7580,#7581,#7582,
#7583,#7584,#7585,#7586,#7587,#7588,#7589,#7590,#7591),(#7592,#7593,#7594,
#7595,#7596,#7597,#7598,#7599,#7600,#7601,#7602,#7603,#7604,#7605,#7606,
#7607,#7608,#7609,#7610,#7611,#7612,#7613),(#7614,#7615,#7616,#7617,#7618,
#7619,#7620,#7621,#7622,#7623,#7624,#7625,#7626,#7627,#7628,#7629,#7630,
#7631,#7632,#7633,#7634,#7635),(#7636,#7637,#7638,#7639,#7640,#7641,#7642,
#7643,#7644,#7645,#7646,#7647,#7648,#7649,#7650,#7651,#7652,#7653,#7654,
#7655,#7656,#7657),(#7658,#7659,#7660,#7661,#7662,#7663,#7664,#7665,#7666,
#7667,#7668,#7669,#7670,#7671,#7672,#7673,#7674,#7675,#7676,#7677,#7678,
#7679),(#7680,#7681,#7682,#7683,#7684,#7685,#7686,#7687,#7688,#7689,#7690,
#7691,#7692,#7693,#7694,#7695,#7696,#7697,#7698,#7699,#7700,#7701),(#7702,
#7703,#7704,#7705,#7706,#7707,#7708,#7709,#7710,#7711,#7712,#7713,#7714,
#7715,#7716,#7717,#7718,#7719,#7720,#7721,#7722,#7723),(#7724,#7725,#7726,
#7727,#7728,#7729,#7730,#7731,#7732,#7733,#7734,#7735,#7736,#7737,#7738,
#7739,#7740,#7741,#7742,#7743,#7744,#7745),(#7746,#7747,#7748,#7749,#7750,
#7751,#7752,#7753,#7754,#7755,#7756,#7757,#7758,#7759,#7760,#7761,#7762,
#7763,#7764,#7765,#7766,#7767),(#7768,#7769,#7770,#7771,#7772,#7773,#7774,
#7775,#7776,#7777,#7778,#7779,#7780,#7781,#7782,#7783,#7784,#7785,#7786,
#7787,#7788,#7789),(#7790,#7791,#7792,#7793,#7794,#7795,#7796,#7797,#7798,
#7799,#7800,#7801,#7802,#7803,#7804,#7805,#7806,#7807,#7808,#7809,#7810,
#7811),(#7812,#7813,#7814,#7815,#7816,#7817,#7818,#7819,#7820,#7821,#7822,
#7823,#7824,#7825,#7826,#7827,#7828,#7829,#7830,#7831,#7832,#7833),(#7834,
#7835,#7836,#7837,#7838,#7839,#7840,#7841,#7842,#7843,#7844,#7845,#7846,
#7847,#7848,#7849,#7850,#7851,#7852,#7853,#7854,#7855),(#7856,#7857,#7858,
#7859,#7860,#7861,#7862,#7863,#7864,#7865,#7866,#7867,#7868,#7869,#7870,
#7871,#7872,#7873,#7874,#7875,#7876,#7877),(#7878,#7879,#7880,#7881,#7882,
#7883,#7884,#7885,#7886,#7887,#7888,#7889,#7890,#7891,#7892,#7893,#7894,
#7895,#7896,#7897,#7898,#7899),(#7900,#7901,#7902,#7903,#7904,#7905,#7906,
#7907,#7908,#7909,#7910,#7911,#7912,#7913,#7914,#7915,#7916,#7917,#7918,
#7919,#7920,#7921),(#7922,#7923,#7924,#7925,#7926,#7927,#7928,#7929,#7930,
#7931,#7932,#7933,#7934,#7935,#7936,#7937,#7938,#7939,#7940,#7941,#7942,
#7943),(#7944,#7945,#7946,#7947,#7948,#7949,#7950,#7951,#7952,#7953,#7954,
#7955,#7956,#7957,#7958,#7959,#7960,#7961,#7962,#7963,#7964,#7965),(#7966,
#7967,#7968,#7969,#7970,#7971,#7972,#7973,#7974,#7975,#7976,#7977,#7978,
#7979,#7980,#7981,#7982,#7983,#7984,#7985,#7986,#7987),(#7988,#7989,#7990,
#7991,#7992,#7993,#7994,#7995,#7996,#7997,#7998,#7999,#8000,#8001,#8002,
#8003,#8004,#8005,#8006,#8007,#8008,#8009),(#8010,#8011,#8012,#8013,#8014,
#8015,#8016,#8017,#8018,#8019,#8020,#8021,#8022,#8023,#8024,#8025,#8026,
#8027,#8028,#8029,#8030,#8031),(#8032,#8033,#8034,#8035,#8036,#8037,#8038,
#8039,#8040,#8041,#8042,#8043,#8044,#8045,#8046,#8047,#8048,#8049,#8050,
#8051,#8052,#8053),(#8054,#8055,#8056,#8057,#8058,#8059,#8060,#8061,#8062,
#8063,#8064,#8065,#8066,#8067,#8068,#8069,#8070,#8071,#8072,#8073,#8074,
#8075),(#8076,#8077,#8078,#8079,#8080,#8081,#8082,#8083,#8084,#8085,#8086,
#8087,#8088,#8089,#8090,#8091,#8092,#8093,#8094,#8095,#8096,#8097),(#8098,
#8099,#8100,#8101,#8102,#8103,#8104,#8105,#8106,#8107,#8108,#8109,#8110,
#8111,#8112,#8113,#8114,#8115,#8116,#8117,#8118,#8119),(#8120,#8121,#8122,
#8123,#8124,#8125,#8126,#8127,#8128,#8129,#8130,#8131,#8132,#8133,#8134,
#8135,#8136,#8137,#8138,#8139,#8140,#8141),(#8142,#8143,#8144,#8145,#8146,
#8147,#8148,#8149,#8150,#8151,#8152,#8153,#8154,#8155,#8156,#8157,#8158,
#8159,#8160,#8161,#8162,#8163),(#8164,#8165,#8166,#8167,#8168,#8169,#8170,
#8171,#8172,#8173,#8174,#8175,#8176,#8177,#8178,#8179,#8180,#8181,#8182,
#8183,#8184,#8185),(#8186,#8187,#8188,#8189,#8190,#8191,#8192,#8193,#8194,
#8195,#8196,#8197,#8198,#8199,#8200,#8201,#8202,#8203,#8204,#8205,#8206,
#8207),(#8208,#8209,#8210,#8211,#8212,#8213,#8214,#8215,#8216,#8217,#8218,
#8219,#8220,#8221,#8222,#8223,#8224,#8225,#8226,#8227,#8228,#8229),(#8230,
#8231,#8232,#8233,#8234,#8235,#8236,#8237,#8238,#8239,#8240,#8241,#8242,
#8243,#8244,#8245,#8246,#8247,#8248,#8249,#8250,#8251),(#8252,#8253,#8254,
#8255,#8256,#8257,#8258,#8259,#8260,#8261,#8262,#8263,#8264,#8265,#8266,
#8267,#8268,#8269,#8270,#8271,#8272,#8273),(#8274,#8275,#8276,#8277,#8278,
#8279,#8280,#8281,#8282,#8283,#8284,#8285,#8286,#8287,#8288,#8289,#8290,
#8291,#8292,#8293,#8294,#8295),(#8296,#8297,#8298,#8299,#8300,#8301,#8302,
#8303,#8304,#8305,#8306,#8307,#8308,#8309,#8310,#8311,#8312,#8313,#8314,
#8315,#8316,#8317),(#8318,#8319,#8320,#8321,#8322,#8323,#8324,#8325,#8326,
#8327,#8328,#8329,#8330,#8331,#8332,#8333,#8334,#8335,#8336,#8337,#8338,
#8339),(#8340,#8341,#8342,#8343,#8344,#8345,#8346,#8347,#8348,#8349,#8350,
#8351,#8352,#8353,#8354,#8355,#8356,#8357,#8358,#8359,#8360,#8361),(#8362,
#8363,#8364,#8365,#8366,#8367,#8368,#8369,#8370,#8371,#8372,#8373,#8374,
#8375,#8376,#8377,#8378,#8379,#8380,#8381,#8382,#8383),(#8384,#8385,#8386,
#8387,#8388,#8389,#8390,#8391,#8392,#8393,#8394,#8395,#8396,#8397,#8398,
#8399,#8400,#8401,#8402,#8403,#8404,#8405),(#8406,#8407,#8408,#8409,#8410,
#8411,#8412,#8413,#8414,#8415,#8416,#8417,#8418,#8419,#8420,#8421,#8422,
#8423,#8424,#8425,#8426,#8427),(#8428,#8429,#8430,#8431,#8432,#8433,#8434,
#8435,#8436,#8437,#8438,#8439,#8440,#8441,#8442,#8443,#8444,#8445,#8446,
#8447,#8448,#8449),(#8450,#8451,#8452,#8453,#8454,#8455,#8456,#8457,#8458,
#8459,#8460,#8461,#8462,#8463,#8464,#8465,#8466,#8467,#8468,#8469,#8470,
#8471),(#8472,#8473,#8474,#8475,#8476,#8477,#8478,#8479,#8480,#8481,#8482,
#8483,#8484,#8485,#8486,#8487,#8488,#8489,#8490,#8491,#8492,#8493)),
 .UNSPECIFIED.,.F.,.F.,.F.,(4,2,2,2,2,2,2,2,2,2,2,2,2,2,2,2,2,2,2,2,2,2,
2,2,2,4),(4,2,2,2,2,2,2,2,2,2,4),(0.,0.03125,0.0625,0.125,0.1875,0.25,0.3125,
0.328125,0.34375,0.375,0.4375,0.46875,0.484375,0.5,0.5625,0.625,0.640625,
0.65625,0.6875,0.75,0.8125,0.828125,0.84375,0.875,0.9375,1.),(0.,0.03125,
0.125,0.25,0.375,0.5,0.625,0.75,0.875,0.96875,1.),.UNSPECIFIED.);
#29=B_SPLINE_SURFACE_WITH_KNOTS('',2,3,((#8522,#8523,#8524,#8525,#8526,
#8527,#8528,#8529,#8530,#8531,#8532,#8533,#8534,#8535,#8536,#8537,#8538,
#8539,#8540,#8541,#8542,#8543,#8544,#8545,#8546,#8547,#8548,#8549,#8550,
#8551,#8552,#8553,#8554,#8555,#8556,#8557,#8558,#8559,#8560,#8561,#8562,
#8563,#8564,#8565),(#8566,#8567,#8568,#8569,#8570,#8571,#8572,#8573,#8574,
#8575,#8576,#8577,#8578,#8579,#8580,#8581,#8582,#8583,#8584,#8585,#8586,
#8587,#8588,#8589,#8590,#8591,#8592,#8593,#8594,#8595,#8596,#8597,#8598,
#8599,#8600,#8601,#8602,#8603,#8604,#8605,#8606,#8607,#8608,#8609),(#8610,
#8611,#8612,#8613,#8614,#8615,#8616,#8617,#8618,#8619,#8620,#8621,#8622,
#8623,#8624,#8625,#8626,#8627,#8628,#8629,#8630,#8631,#8632,#8633,#8634,
#8635,#8636,#8637,#8638,#8639,#8640,#8641,#8642,#8643,#8644,#8645,#8646,
#8647,#8648,#8649,#8650,#8651,#8652,#8653)),.UNSPECIFIED.,.F.,.F.,.F.,(3,
3),(4,2,2,2,2,2,2,2,2,2,2,2,2,2,2,2,2,2,2,2,2,4),(0.,1.),(3.50099382461396,
3.51071137671242,3.52042892881088,3.53048159957436,3.54053427033785,3.56063961186481,
3.58074495339178,3.60085029491874,3.61090296568223,3.6209556364457,3.64106097797267,
3.6812716610266,3.72148234408053,3.76169302713446,3.8019037101884,3.84211439324232,
3.88232507629625,3.90243041782322,3.92253575935019,4.00295712545804,4.08337849156591,
4.16379985767376),.UNSPECIFIED.);
#30=B_SPLINE_CURVE_WITH_KNOTS('',3,(#379,#380,#381,#382,#383,#384,#385,
#386,#387,#388,#389,#390,#391,#392,#393,#394,#395,#396,#397,#398,#399,#400,
#401,#402,#403,#404,#405,#406,#407,#408,#409,#410,#411,#412,#413,#414,#415,
#416,#417,#418,#419,#420,#421,#422,#423,#424,#425,#426,#427,#428,#429,#430,
#431,#432,#433,#434,#435,#436,#437,#438,#439,#440,#441,#442,#443,#444,#445,
#446,#447,#448,#449,#450,#451,#452,#453,#454,#455,#456,#457,#458,#459,#460,
#461,#462,#463,#464,#465,#466,#467,#468,#469,#470,#471,#472,#473,#474,#475,
#476,#477,#478,#479,#480,#481,#482,#483,#484,#485,#486,#487,#488,#489,#490,
#491,#492,#493,#494,#495,#496,#497,#498,#499,#500,#501,#502,#503,#504,#505,
#506,#507,#508),.UNSPECIFIED.,.F.,.F.,(4,1,1,1,1,1,1,1,1,1,1,1,1,1,1,1,
1,1,1,1,1,1,1,1,1,1,1,1,1,1,1,1,1,1,1,1,1,1,1,1,1,1,1,1,1,1,1,1,1,1,1,1,
1,1,1,1,1,1,1,1,1,1,1,1,1,1,1,1,1,1,1,1,1,1,1,1,1,1,1,1,1,1,1,1,1,1,1,1,
1,1,1,1,1,1,1,1,1,1,1,1,1,1,1,1,1,1,1,1,1,1,1,1,1,1,1,1,1,1,1,1,1,1,1,1,
1,1,1,4),(0.,0.03125,0.046875,0.0625,0.078125,0.0859375,0.09375,0.1015625,
0.109375,0.1171875,0.12109375,0.125,0.12890625,0.1328125,0.134765625,0.13671875,
0.138671875,0.1396484375,0.140625,0.14111328125,0.1416015625,0.14208984375,
0.142333984375,0.142578125,0.1427001953125,0.142822265625,0.14288330078125,
0.1429443359375,0.14306640625,0.143310546875,0.1435546875,0.14404296875,
0.14453125,0.1455078125,0.146484375,0.1484375,0.150390625,0.15234375,0.154296875,
0.15625,0.16015625,0.1640625,0.171875,0.1796875,0.1875,0.203125,0.2109375,
0.21875,0.2265625,0.23046875,0.234375,0.23828125,0.2421875,0.244140625,
0.24609375,0.2470703125,0.248046875,0.2490234375,0.24951171875,0.249755859375,
0.25,0.250244140625,0.25048828125,0.2509765625,0.251953125,0.2529296875,
0.25390625,0.255859375,0.2578125,0.26171875,0.265625,0.26953125,0.2734375,
0.28125,0.2890625,0.296875,0.3125,0.328125,0.34375,0.375,0.390625,0.40625,
0.421875,0.4375,0.453125,0.4609375,0.46875,0.4765625,0.48046875,0.484375,
0.48828125,0.4921875,0.494140625,0.49609375,0.4970703125,0.498046875,0.4990234375,
0.49951171875,0.499755859375,0.5,0.500244140625,0.50048828125,0.5009765625,
0.501953125,0.5029296875,0.50390625,0.505859375,0.5078125,0.51171875,0.515625,
0.51953125,0.5234375,0.53125,0.5390625,0.546875,0.5625,0.578125,0.59375,
0.609375,0.625,0.65625,0.6875,0.71875,0.75,0.8125,0.875,0.9375,1.),
 .UNSPECIFIED.);
#31=B_SPLINE_CURVE_WITH_KNOTS('',3,(#510,#511,#512,#513,#514,#515,#516,
#517,#518,#519,#520,#521,#522,#523,#524,#525,#526,#527,#528,#529,#530,#531,
#532,#533,#534,#535,#536,#537,#538,#539,#540,#541,#542,#543,#544,#545,#546,
#547,#548,#549,#550,#551,#552,#553,#554,#555,#556,#557,#558,#559,#560,#561,
#562,#563,#564,#565,#566,#567,#568,#569,#570,#571,#572,#573,#574,#575,#576,
#577,#578,#579,#580,#581,#582,#583,#584,#585,#586,#587,#588,#589,#590,#591,
#592,#593,#594,#595,#596,#597,#598,#599,#600,#601,#602,#603,#604,#605,#606,
#607,#608,#609,#610,#611,#612,#613,#614,#615,#616,#617,#618,#619,#620,#621,
#622,#623,#624,#625,#626,#627,#628,#629,#630,#631,#632,#633,#634),
 .UNSPECIFIED.,.F.,.F.,(4,1,1,1,1,1,1,1,1,1,1,1,1,1,1,1,1,1,1,1,1,1,1,1,
1,1,1,1,1,1,1,1,1,1,1,1,1,1,1,1,1,1,1,1,1,1,1,1,1,1,1,1,1,1,1,1,1,1,1,1,
1,1,1,1,1,1,1,1,1,1,1,1,1,1,1,1,1,1,1,1,1,1,1,1,1,1,1,1,1,1,1,1,1,1,1,1,
1,1,1,1,1,1,1,1,1,1,1,1,1,1,1,1,1,1,1,1,1,1,1,1,1,1,4),(0.,0.0625,0.125,
0.1875,0.25,0.28125,0.3125,0.34375,0.375,0.390625,0.40625,0.421875,0.4375,
0.453125,0.4609375,0.46875,0.4765625,0.48046875,0.484375,0.48828125,0.4921875,
0.494140625,0.49609375,0.4970703125,0.498046875,0.4990234375,0.49951171875,
0.499755859375,0.5,0.500244140625,0.50048828125,0.5009765625,0.501953125,
0.5029296875,0.50390625,0.505859375,0.5078125,0.51171875,0.515625,0.51953125,
0.5234375,0.53125,0.5390625,0.546875,0.5625,0.578125,0.59375,0.609375,0.625,
0.65625,0.671875,0.6875,0.703125,0.7109375,0.71875,0.7265625,0.73046875,
0.734375,0.73828125,0.7421875,0.744140625,0.74609375,0.7470703125,0.748046875,
0.7490234375,0.74951171875,0.75,0.75048828125,0.7509765625,0.751953125,
0.7529296875,0.75390625,0.755859375,0.7578125,0.76171875,0.765625,0.76953125,
0.7734375,0.78125,0.7890625,0.796875,0.8046875,0.8125,0.8203125,0.828125,
0.83203125,0.8359375,0.83984375,0.84375,0.845703125,0.8466796875,0.84765625,
0.84814453125,0.8486328125,0.84912109375,0.849609375,0.849853515625,0.8499755859375,
0.85009765625,0.8502197265625,0.850341796875,0.8505859375,0.85107421875,
0.8515625,0.8525390625,0.853515625,0.85546875,0.857421875,0.859375,0.861328125,
0.86328125,0.8671875,0.87109375,0.875,0.8828125,0.890625,0.8984375,0.90625,
0.921875,0.9375,0.953125,0.96875,1.),.UNSPECIFIED.);
#32=B_SPLINE_CURVE_WITH_KNOTS('',3,(#636,#637,#638,#639),.UNSPECIFIED.,
 .F.,.F.,(4,4),(0.,1.),.UNSPECIFIED.);
#33=B_SPLINE_CURVE_WITH_KNOTS('',3,(#642,#643,#644,#645,#646,#647,#648,
#649,#650,#651,#652,#653,#654,#655,#656,#657,#658,#659,#660,#661,#662,#663,
#664,#665,#666,#667,#668,#669,#670,#671,#672,#673,#674,#675,#676,#677,#678,
#679,#680,#681,#682,#683,#684,#685,#686,#687,#688,#689,#690,#691,#692,#693,
#694,#695,#696,#697,#698,#699,#700,#701,#702,#703,#704,#705,#706,#707,#708,
#709,#710,#711,#712,#713,#714,#715,#716,#717,#718,#719,#720,#721,#722,#723,
#724,#725,#726,#727,#728,#729,#730,#731,#732,#733,#734,#735,#736,#737,#738,
#739,#740,#741,#742,#743,#744,#745,#746,#747,#748,#749,#750,#751,#752,#753,
#754,#755,#756,#757,#758,#759,#760,#761,#762,#763,#764,#765,#766),
 .UNSPECIFIED.,.F.,.F.,(4,1,1,1,1,1,1,1,1,1,1,1,1,1,1,1,1,1,1,1,1,1,1,1,
1,1,1,1,1,1,1,1,1,1,1,1,1,1,1,1,1,1,1,1,1,1,1,1,1,1,1,1,1,1,1,1,1,1,1,1,
1,1,1,1,1,1,1,1,1,1,1,1,1,1,1,1,1,1,1,1,1,1,1,1,1,1,1,1,1,1,1,1,1,1,1,1,
1,1,1,1,1,1,1,1,1,1,1,1,1,1,1,1,1,1,1,1,1,1,1,1,1,1,4),(0.,0.0625,0.125,
0.1875,0.25,0.28125,0.3125,0.34375,0.375,0.390625,0.40625,0.421875,0.4375,
0.453125,0.4609375,0.46875,0.4765625,0.48046875,0.484375,0.48828125,0.4921875,
0.494140625,0.49609375,0.4970703125,0.498046875,0.4990234375,0.49951171875,
0.499755859375,0.5,0.500244140625,0.50048828125,0.5009765625,0.501953125,
0.5029296875,0.50390625,0.505859375,0.5078125,0.51171875,0.515625,0.51953125,
0.5234375,0.53125,0.5390625,0.546875,0.5625,0.578125,0.59375,0.609375,0.625,
0.65625,0.671875,0.6875,0.703125,0.7109375,0.71875,0.7265625,0.73046875,
0.734375,0.73828125,0.7421875,0.744140625,0.74609375,0.7470703125,0.748046875,
0.7490234375,0.74951171875,0.75,0.75048828125,0.7509765625,0.751953125,
0.7529296875,0.75390625,0.755859375,0.7578125,0.76171875,0.765625,0.76953125,
0.7734375,0.78125,0.7890625,0.796875,0.8046875,0.8125,0.8203125,0.828125,
0.83203125,0.8359375,0.83984375,0.84375,0.845703125,0.8466796875,0.84765625,
0.84814453125,0.8486328125,0.84912109375,0.849609375,0.849853515625,0.8499755859375,
0.85009765625,0.8502197265625,0.850341796875,0.8505859375,0.85107421875,
0.8515625,0.8525390625,0.853515625,0.85546875,0.857421875,0.859375,0.861328125,
0.86328125,0.8671875,0.87109375,0.875,0.8828125,0.890625,0.8984375,0.90625,
0.921875,0.9375,0.953125,0.96875,1.),.UNSPECIFIED.);
#34=B_SPLINE_CURVE_WITH_KNOTS('',3,(#773,#774,#775,#776,#777,#778,#779,
#780,#781,#782,#783,#784,#785,#786,#787,#788,#789,#790,#791,#792,#793,#794,
#795,#796,#797,#798,#799,#800,#801,#802,#803,#804,#805,#806,#807,#808,#809,
#810,#811,#812,#813,#814,#815,#816,#817,#818,#819,#820,#821,#822,#823,#824,
#825,#826,#827,#828,#829,#830,#831,#832,#833,#834,#835,#836,#837,#838,#839,
#840,#841,#842,#843,#844,#845,#846,#847,#848,#849,#850,#851,#852,#853,#854,
#855,#856,#857,#858,#859,#860,#861,#862,#863,#864,#865,#866,#867,#868,#869,
#870,#871,#872,#873,#874,#875,#876,#877,#878,#879,#880,#881,#882,#883,#884,
#885,#886,#887,#888,#889,#890,#891,#892,#893,#894,#895,#896,#897,#898,#899,
#900,#901,#902),.UNSPECIFIED.,.F.,.F.,(4,1,1,1,1,1,1,1,1,1,1,1,1,1,1,1,
1,1,1,1,1,1,1,1,1,1,1,1,1,1,1,1,1,1,1,1,1,1,1,1,1,1,1,1,1,1,1,1,1,1,1,1,
1,1,1,1,1,1,1,1,1,1,1,1,1,1,1,1,1,1,1,1,1,1,1,1,1,1,1,1,1,1,1,1,1,1,1,1,
1,1,1,1,1,1,1,1,1,1,1,1,1,1,1,1,1,1,1,1,1,1,1,1,1,1,1,1,1,1,1,1,1,1,1,1,
1,1,1,4),(0.,0.03125,0.046875,0.0625,0.078125,0.0859375,0.09375,0.1015625,
0.109375,0.1171875,0.12109375,0.125,0.12890625,0.1328125,0.134765625,0.13671875,
0.138671875,0.1396484375,0.140625,0.14111328125,0.1416015625,0.14208984375,
0.142333984375,0.142578125,0.1427001953125,0.142822265625,0.14288330078125,
0.1429443359375,0.14306640625,0.143310546875,0.1435546875,0.14404296875,
0.14453125,0.1455078125,0.146484375,0.1484375,0.150390625,0.15234375,0.154296875,
0.15625,0.16015625,0.1640625,0.171875,0.1796875,0.1875,0.203125,0.2109375,
0.21875,0.2265625,0.23046875,0.234375,0.23828125,0.2421875,0.244140625,
0.24609375,0.2470703125,0.248046875,0.2490234375,0.24951171875,0.249755859375,
0.25,0.250244140625,0.25048828125,0.2509765625,0.251953125,0.2529296875,
0.25390625,0.255859375,0.2578125,0.26171875,0.265625,0.26953125,0.2734375,
0.28125,0.2890625,0.296875,0.3125,0.328125,0.34375,0.375,0.390625,0.40625,
0.421875,0.4375,0.453125,0.4609375,0.46875,0.4765625,0.48046875,0.484375,
0.48828125,0.4921875,0.494140625,0.49609375,0.4970703125,0.498046875,0.4990234375,
0.49951171875,0.499755859375,0.5,0.500244140625,0.50048828125,0.5009765625,
0.501953125,0.5029296875,0.50390625,0.505859375,0.5078125,0.51171875,0.515625,
0.51953125,0.5234375,0.53125,0.5390625,0.546875,0.5625,0.578125,0.59375,
0.609375,0.625,0.65625,0.6875,0.71875,0.75,0.8125,0.875,0.9375,1.),
 .UNSPECIFIED.);
#35=B_SPLINE_CURVE_WITH_KNOTS('',3,(#904,#905,#906,#907,#908,#909,#910,
#911,#912,#913,#914,#915,#916,#917,#918,#919,#920,#921,#922,#923,#924,#925,
#926,#927,#928,#929,#930,#931,#932,#933,#934,#935,#936,#937,#938,#939,#940,
#941,#942,#943,#944,#945,#946,#947,#948,#949,#950,#951,#952,#953,#954,#955,
#956,#957,#958,#959,#960,#961,#962,#963,#964,#965,#966,#967,#968,#969,#970,
#971,#972,#973,#974,#975,#976,#977,#978,#979,#980,#981,#982,#983,#984,#985,
#986,#987,#988,#989,#990,#991,#992,#993,#994,#995,#996,#997,#998,#999,#1000,
#1001,#1002,#1003,#1004,#1005,#1006,#1007,#1008,#1009,#1010,#1011,#1012,
#1013,#1014,#1015,#1016,#1017),.UNSPECIFIED.,.F.,.F.,(4,1,1,1,1,1,1,1,1,
1,1,1,1,1,1,1,1,1,1,1,1,1,1,1,1,1,1,1,1,1,1,1,1,1,1,1,1,1,1,1,1,1,1,1,1,
1,1,1,1,1,1,1,1,1,1,1,1,1,1,1,1,1,1,1,1,1,1,1,1,1,1,1,1,1,1,1,1,1,1,1,1,
1,1,1,1,1,1,1,1,1,1,1,1,1,1,1,1,1,1,1,1,1,1,1,1,1,1,1,1,1,1,4),(0.,0.0625,
0.09375,0.109375,0.125,0.140625,0.15625,0.1875,0.21875,0.234375,0.2421875,
0.25,0.2578125,0.265625,0.28125,0.3125,0.328125,0.34375,0.359375,0.3671875,
0.37109375,0.375,0.37890625,0.3828125,0.390625,0.40625,0.421875,0.4375,
0.453125,0.46875,0.484375,0.4921875,0.49609375,0.5,0.50390625,0.5078125,
0.515625,0.53125,0.546875,0.5625,0.578125,0.59375,0.6015625,0.609375,0.6171875,
0.62109375,0.623046875,0.625,0.626953125,0.62890625,0.6328125,0.640625,
0.6484375,0.65625,0.671875,0.6875,0.703125,0.71875,0.7265625,0.734375,0.73828125,
0.7421875,0.74609375,0.748046875,0.7490234375,0.75,0.7509765625,0.751953125,
0.75390625,0.7578125,0.76171875,0.765625,0.7734375,0.78125,0.796875,0.8125,
0.828125,0.84375,0.8515625,0.859375,0.86328125,0.8671875,0.87109375,0.873046875,
0.8740234375,0.875,0.8759765625,0.876953125,0.87890625,0.8828125,0.88671875,
0.890625,0.8984375,0.90625,0.9140625,0.921875,0.92578125,0.9296875,0.93359375,
0.935546875,0.9365234375,0.9375,0.9384765625,0.939453125,0.94140625,0.9453125,
0.94921875,0.953125,0.9609375,0.96875,0.984375,1.),.UNSPECIFIED.);
#36=B_SPLINE_CURVE_WITH_KNOTS('',3,(#1019,#1020,#1021,#1022,#1023,#1024,
#1025,#1026,#1027,#1028,#1029,#1030,#1031,#1032,#1033,#1034,#1035,#1036,
#1037,#1038,#1039,#1040,#1041,#1042,#1043,#1044,#1045,#1046,#1047,#1048,
#1049,#1050,#1051,#1052,#1053,#1054,#1055,#1056,#1057,#1058,#1059,#1060,
#1061,#1062,#1063,#1064,#1065,#1066,#1067,#1068,#1069,#1070,#1071,#1072,
#1073,#1074,#1075,#1076,#1077,#1078,#1079,#1080,#1081,#1082,#1083,#1084,
#1085,#1086,#1087,#1088,#1089,#1090,#1091,#1092,#1093,#1094,#1095,#1096,
#1097,#1098,#1099,#1100,#1101,#1102,#1103,#1104,#1105,#1106,#1107,#1108,
#1109,#1110,#1111,#1112,#1113,#1114,#1115,#1116,#1117,#1118,#1119,#1120,
#1121,#1122,#1123,#1124,#1125,#1126,#1127,#1128,#1129,#1130,#1131),
 .UNSPECIFIED.,.F.,.F.,(4,1,1,1,1,1,1,1,1,1,1,1,1,1,1,1,1,1,1,1,1,1,1,1,
1,1,1,1,1,1,1,1,1,1,1,1,1,1,1,1,1,1,1,1,1,1,1,1,1,1,1,1,1,1,1,1,1,1,1,1,
1,1,1,1,1,1,1,1,1,1,1,1,1,1,1,1,1,1,1,1,1,1,1,1,1,1,1,1,1,1,1,1,1,1,1,1,
1,1,1,1,1,1,1,1,1,1,1,1,1,1,4),(0.,0.015625,0.03125,0.0390625,0.046875,
0.05078125,0.0546875,0.05859375,0.060546875,0.0615234375,0.0625,0.0634765625,
0.064453125,0.06640625,0.0703125,0.07421875,0.078125,0.0859375,0.09375,
0.1015625,0.109375,0.11328125,0.1171875,0.12109375,0.123046875,0.1240234375,
0.125,0.1259765625,0.126953125,0.12890625,0.1328125,0.13671875,0.140625,
0.1484375,0.15625,0.171875,0.1875,0.203125,0.21875,0.2265625,0.234375,0.23828125,
0.2421875,0.24609375,0.248046875,0.25,0.251953125,0.25390625,0.2578125,
0.26171875,0.265625,0.2734375,0.28125,0.296875,0.3125,0.328125,0.34375,
0.3515625,0.359375,0.3671875,0.37109375,0.373046875,0.375,0.376953125,0.37890625,
0.3828125,0.390625,0.3984375,0.40625,0.421875,0.4375,0.453125,0.46875,0.4765625,
0.484375,0.4921875,0.49609375,0.498046875,0.5,0.501953125,0.50390625,0.5078125,
0.515625,0.5234375,0.53125,0.546875,0.5625,0.59375,0.609375,0.6171875,0.62109375,
0.625,0.62890625,0.6328125,0.640625,0.65625,0.671875,0.6875,0.71875,0.734375,
0.7421875,0.75,0.7578125,0.765625,0.78125,0.8125,0.84375,0.875,0.90625,
0.9375,1.),.UNSPECIFIED.);
#37=B_SPLINE_CURVE_WITH_KNOTS('',3,(#1133,#1134,#1135,#1136,#1137,#1138,
#1139,#1140,#1141,#1142,#1143,#1144,#1145,#1146,#1147,#1148,#1149,#1150,
#1151,#1152,#1153,#1154,#1155,#1156,#1157,#1158,#1159,#1160,#1161,#1162,
#1163,#1164,#1165,#1166,#1167,#1168,#1169,#1170,#1171,#1172,#1173,#1174,
#1175,#1176,#1177,#1178,#1179,#1180,#1181,#1182,#1183,#1184,#1185,#1186,
#1187,#1188,#1189,#1190,#1191,#1192,#1193,#1194,#1195,#1196,#1197,#1198,
#1199,#1200,#1201,#1202,#1203,#1204,#1205,#1206,#1207,#1208,#1209,#1210,
#1211,#1212,#1213,#1214,#1215,#1216,#1217,#1218,#1219,#1220,#1221,#1222,
#1223,#1224,#1225,#1226,#1227,#1228,#1229,#1230,#1231,#1232,#1233,#1234,
#1235,#1236,#1237,#1238,#1239,#1240,#1241,#1242,#1243,#1244,#1245,#1246,
#1247,#1248,#1249,#1250,#1251,#1252,#1253,#1254,#1255,#1256,#1257),
 .UNSPECIFIED.,.F.,.F.,(4,1,1,1,1,1,1,1,1,1,1,1,1,1,1,1,1,1,1,1,1,1,1,1,
1,1,1,1,1,1,1,1,1,1,1,1,1,1,1,1,1,1,1,1,1,1,1,1,1,1,1,1,1,1,1,1,1,1,1,1,
1,1,1,1,1,1,1,1,1,1,1,1,1,1,1,1,1,1,1,1,1,1,1,1,1,1,1,1,1,1,1,1,1,1,1,1,
1,1,1,1,1,1,1,1,1,1,1,1,1,1,1,1,1,1,1,1,1,1,1,1,1,1,4),(0.,0.0625,0.125,
0.1875,0.25,0.28125,0.3125,0.34375,0.375,0.390625,0.40625,0.421875,0.4375,
0.453125,0.4609375,0.46875,0.4765625,0.48046875,0.484375,0.48828125,0.4921875,
0.494140625,0.49609375,0.4970703125,0.498046875,0.4990234375,0.49951171875,
0.499755859375,0.5,0.500244140625,0.50048828125,0.5009765625,0.501953125,
0.5029296875,0.50390625,0.505859375,0.5078125,0.51171875,0.515625,0.51953125,
0.5234375,0.53125,0.5390625,0.546875,0.5625,0.578125,0.59375,0.609375,0.625,
0.65625,0.671875,0.6875,0.703125,0.7109375,0.71875,0.7265625,0.73046875,
0.734375,0.73828125,0.7421875,0.744140625,0.74609375,0.7470703125,0.748046875,
0.7490234375,0.74951171875,0.75,0.75048828125,0.7509765625,0.751953125,
0.7529296875,0.75390625,0.755859375,0.7578125,0.76171875,0.765625,0.76953125,
0.7734375,0.78125,0.7890625,0.796875,0.8046875,0.8125,0.8203125,0.828125,
0.83203125,0.8359375,0.83984375,0.84375,0.845703125,0.8466796875,0.84765625,
0.84814453125,0.8486328125,0.84912109375,0.849609375,0.849853515625,0.8499755859375,
0.85009765625,0.8502197265625,0.850341796875,0.8505859375,0.85107421875,
0.8515625,0.8525390625,0.853515625,0.85546875,0.857421875,0.859375,0.861328125,
0.86328125,0.8671875,0.87109375,0.875,0.8828125,0.890625,0.8984375,0.90625,
0.921875,0.9375,0.953125,0.96875,1.),.UNSPECIFIED.);
#38=B_SPLINE_CURVE_WITH_KNOTS('',3,(#1259,#1260,#1261,#1262,#1263,#1264,
#1265,#1266,#1267,#1268,#1269,#1270,#1271,#1272,#1273,#1274,#1275,#1276,
#1277,#1278,#1279,#1280,#1281,#1282,#1283,#1284,#1285,#1286,#1287,#1288,
#1289,#1290,#1291,#1292,#1293,#1294,#1295,#1296,#1297,#1298,#1299,#1300,
#1301,#1302,#1303,#1304,#1305,#1306,#1307,#1308,#1309,#1310,#1311,#1312,
#1313,#1314,#1315,#1316,#1317,#1318,#1319,#1320,#1321,#1322,#1323,#1324,
#1325,#1326,#1327,#1328,#1329,#1330,#1331,#1332,#1333,#1334,#1335,#1336,
#1337,#1338,#1339,#1340,#1341,#1342,#1343,#1344,#1345,#1346,#1347,#1348,
#1349,#1350,#1351,#1352,#1353,#1354,#1355,#1356,#1357,#1358,#1359,#1360,
#1361,#1362,#1363,#1364,#1365,#1366,#1367,#1368,#1369,#1370,#1371,#1372),
 .UNSPECIFIED.,.F.,.F.,(4,1,1,1,1,1,1,1,1,1,1,1,1,1,1,1,1,1,1,1,1,1,1,1,
1,1,1,1,1,1,1,1,1,1,1,1,1,1,1,1,1,1,1,1,1,1,1,1,1,1,1,1,1,1,1,1,1,1,1,1,
1,1,1,1,1,1,1,1,1,1,1,1,1,1,1,1,1,1,1,1,1,1,1,1,1,1,1,1,1,1,1,1,1,1,1,1,
1,1,1,1,1,1,1,1,1,1,1,1,1,1,1,4),(0.,0.015625,0.03125,0.0390625,0.046875,
0.05078125,0.0546875,0.05859375,0.060546875,0.0615234375,0.0625,0.0634765625,
0.064453125,0.06640625,0.0703125,0.07421875,0.078125,0.0859375,0.09375,
0.1015625,0.109375,0.11328125,0.1171875,0.12109375,0.123046875,0.1240234375,
0.125,0.1259765625,0.126953125,0.12890625,0.1328125,0.13671875,0.140625,
0.1484375,0.15625,0.171875,0.1875,0.203125,0.21875,0.2265625,0.234375,0.23828125,
0.2421875,0.24609375,0.248046875,0.25,0.251953125,0.25390625,0.2578125,
0.26171875,0.265625,0.2734375,0.28125,0.296875,0.3125,0.328125,0.34375,
0.3515625,0.359375,0.3671875,0.37109375,0.373046875,0.375,0.376953125,0.37890625,
0.3828125,0.390625,0.3984375,0.40625,0.421875,0.4375,0.453125,0.46875,0.4765625,
0.484375,0.4921875,0.49609375,0.498046875,0.5,0.501953125,0.50390625,0.5078125,
0.515625,0.5234375,0.53125,0.546875,0.5625,0.578125,0.59375,0.609375,0.6171875,
0.62109375,0.625,0.62890625,0.6328125,0.640625,0.65625,0.671875,0.6875,
0.71875,0.734375,0.7421875,0.75,0.7578125,0.765625,0.78125,0.8125,0.84375,
0.875,0.90625,0.9375,1.),.UNSPECIFIED.);
#39=B_SPLINE_CURVE_WITH_KNOTS('',3,(#1375,#1376,#1377,#1378),
 .UNSPECIFIED.,.F.,.F.,(4,4),(0.,1.),.UNSPECIFIED.);
#40=B_SPLINE_CURVE_WITH_KNOTS('',3,(#1382,#1383,#1384,#1385,#1386,#1387,
#1388,#1389,#1390,#1391,#1392,#1393,#1394,#1395,#1396,#1397,#1398,#1399,
#1400,#1401,#1402,#1403,#1404,#1405,#1406,#1407,#1408,#1409,#1410,#1411,
#1412,#1413,#1414,#1415,#1416,#1417,#1418,#1419,#1420,#1421,#1422,#1423,
#1424,#1425,#1426,#1427,#1428,#1429,#1430,#1431,#1432,#1433,#1434,#1435,
#1436,#1437,#1438,#1439,#1440,#1441,#1442,#1443,#1444,#1445,#1446,#1447,
#1448,#1449,#1450,#1451,#1452,#1453,#1454,#1455,#1456,#1457,#1458,#1459,
#1460,#1461,#1462,#1463,#1464,#1465,#1466,#1467,#1468,#1469,#1470,#1471,
#1472,#1473,#1474,#1475,#1476,#1477,#1478,#1479,#1480,#1481,#1482,#1483,
#1484,#1485,#1486,#1487,#1488,#1489,#1490,#1491,#1492,#1493,#1494,#1495,
#1496,#1497,#1498,#1499,#1500,#1501,#1502,#1503,#1504,#1505,#1506,#1507,
#1508,#1509,#1510,#1511),.UNSPECIFIED.,.F.,.F.,(4,1,1,1,1,1,1,1,1,1,1,1,
1,1,1,1,1,1,1,1,1,1,1,1,1,1,1,1,1,1,1,1,1,1,1,1,1,1,1,1,1,1,1,1,1,1,1,1,
1,1,1,1,1,1,1,1,1,1,1,1,1,1,1,1,1,1,1,1,1,1,1,1,1,1,1,1,1,1,1,1,1,1,1,1,
1,1,1,1,1,1,1,1,1,1,1,1,1,1,1,1,1,1,1,1,1,1,1,1,1,1,1,1,1,1,1,1,1,1,1,1,
1,1,1,1,1,1,1,4),(0.,0.03125,0.046875,0.0625,0.078125,0.0859375,0.09375,
0.1015625,0.109375,0.1171875,0.12109375,0.125,0.12890625,0.1328125,0.134765625,
0.13671875,0.138671875,0.1396484375,0.140625,0.14111328125,0.1416015625,
0.14208984375,0.142333984375,0.142578125,0.1427001953125,0.142822265625,
0.14288330078125,0.1429443359375,0.14306640625,0.143310546875,0.1435546875,
0.14404296875,0.14453125,0.1455078125,0.146484375,0.1484375,0.150390625,
0.15234375,0.154296875,0.15625,0.16015625,0.1640625,0.171875,0.1796875,
0.1875,0.203125,0.2109375,0.21875,0.2265625,0.23046875,0.234375,0.23828125,
0.2421875,0.244140625,0.24609375,0.2470703125,0.248046875,0.2490234375,
0.24951171875,0.249755859375,0.25,0.250244140625,0.25048828125,0.2509765625,
0.251953125,0.2529296875,0.25390625,0.255859375,0.2578125,0.26171875,0.265625,
0.26953125,0.2734375,0.28125,0.2890625,0.296875,0.3125,0.328125,0.34375,
0.375,0.390625,0.40625,0.421875,0.4375,0.453125,0.4609375,0.46875,0.4765625,
0.48046875,0.484375,0.48828125,0.4921875,0.494140625,0.49609375,0.4970703125,
0.498046875,0.4990234375,0.49951171875,0.499755859375,0.5,0.500244140625,
0.50048828125,0.5009765625,0.501953125,0.5029296875,0.50390625,0.505859375,
0.5078125,0.51171875,0.515625,0.51953125,0.5234375,0.53125,0.5390625,0.546875,
0.5625,0.578125,0.59375,0.609375,0.625,0.65625,0.6875,0.71875,0.75,0.8125,
0.875,0.9375,1.),.UNSPECIFIED.);
#41=B_SPLINE_CURVE_WITH_KNOTS('',3,(#1513,#1514,#1515,#1516,#1517,#1518,
#1519,#1520,#1521,#1522,#1523,#1524,#1525,#1526,#1527,#1528,#1529,#1530,
#1531,#1532,#1533,#1534,#1535,#1536,#1537,#1538,#1539,#1540,#1541,#1542,
#1543,#1544,#1545,#1546,#1547,#1548,#1549,#1550,#1551,#1552,#1553,#1554,
#1555,#1556,#1557,#1558,#1559,#1560,#1561,#1562,#1563,#1564,#1565,#1566,
#1567,#1568,#1569,#1570,#1571,#1572,#1573,#1574,#1575,#1576,#1577,#1578,
#1579,#1580,#1581,#1582,#1583,#1584,#1585,#1586,#1587,#1588,#1589,#1590,
#1591,#1592,#1593,#1594,#1595,#1596,#1597,#1598,#1599,#1600,#1601,#1602,
#1603,#1604,#1605,#1606,#1607,#1608,#1609,#1610,#1611,#1612,#1613,#1614,
#1615,#1616,#1617,#1618,#1619,#1620,#1621,#1622,#1623,#1624,#1625),
 .UNSPECIFIED.,.F.,.F.,(4,1,1,1,1,1,1,1,1,1,1,1,1,1,1,1,1,1,1,1,1,1,1,1,
1,1,1,1,1,1,1,1,1,1,1,1,1,1,1,1,1,1,1,1,1,1,1,1,1,1,1,1,1,1,1,1,1,1,1,1,
1,1,1,1,1,1,1,1,1,1,1,1,1,1,1,1,1,1,1,1,1,1,1,1,1,1,1,1,1,1,1,1,1,1,1,1,
1,1,1,1,1,1,1,1,1,1,1,1,1,1,4),(0.,0.0625,0.09375,0.125,0.15625,0.1875,
0.21875,0.234375,0.2421875,0.25,0.2578125,0.265625,0.28125,0.3125,0.328125,
0.34375,0.359375,0.3671875,0.37109375,0.375,0.37890625,0.3828125,0.390625,
0.40625,0.4375,0.453125,0.46875,0.4765625,0.484375,0.4921875,0.49609375,
0.498046875,0.5,0.501953125,0.50390625,0.5078125,0.515625,0.5234375,0.53125,
0.546875,0.5625,0.578125,0.59375,0.6015625,0.609375,0.6171875,0.62109375,
0.623046875,0.625,0.626953125,0.62890625,0.6328125,0.640625,0.6484375,0.65625,
0.671875,0.6875,0.703125,0.71875,0.7265625,0.734375,0.73828125,0.7421875,
0.74609375,0.748046875,0.75,0.751953125,0.75390625,0.7578125,0.76171875,
0.765625,0.7734375,0.78125,0.796875,0.8125,0.828125,0.84375,0.8515625,0.859375,
0.86328125,0.8671875,0.87109375,0.873046875,0.8740234375,0.875,0.8759765625,
0.876953125,0.87890625,0.8828125,0.88671875,0.890625,0.8984375,0.90625,
0.9140625,0.921875,0.92578125,0.9296875,0.93359375,0.935546875,0.9365234375,
0.9375,0.9384765625,0.939453125,0.94140625,0.9453125,0.94921875,0.953125,
0.9609375,0.96875,0.984375,1.),.UNSPECIFIED.);
#42=B_SPLINE_CURVE_WITH_KNOTS('',3,(#1717,#1718,#1719,#1720,#1721,#1722,
#1723,#1724,#1725,#1726,#1727,#1728,#1729,#1730,#1731,#1732,#1733,#1734,
#1735,#1736,#1737,#1738,#1739,#1740,#1741,#1742,#1743,#1744,#1745,#1746,
#1747,#1748,#1749,#1750,#1751,#1752,#1753,#1754,#1755,#1756,#1757,#1758,
#1759,#1760,#1761,#1762,#1763,#1764,#1765,#1766,#1767,#1768,#1769,#1770,
#1771,#1772,#1773,#1774,#1775,#1776,#1777,#1778,#1779,#1780,#1781,#1782,
#1783,#1784,#1785,#1786,#1787,#1788,#1789,#1790,#1791,#1792,#1793,#1794,
#1795,#1796,#1797,#1798,#1799,#1800,#1801,#1802,#1803,#1804,#1805,#1806,
#1807,#1808,#1809,#1810,#1811,#1812,#1813,#1814,#1815,#1816,#1817,#1818,
#1819,#1820,#1821,#1822,#1823,#1824,#1825,#1826,#1827,#1828,#1829,#1830,
#1831,#1832,#1833,#1834,#1835,#1836,#1837,#1838,#1839,#1840,#1841,#1842,
#1843,#1844,#1845,#1846,#1847,#1848,#1849,#1850,#1851,#1852,#1853,#1854,
#1855,#1856,#1857,#1858,#1859,#1860,#1861,#1862,#1863,#1864,#1865,#1866,
#1867,#1868,#1869,#1870,#1871,#1872,#1873,#1874,#1875,#1876,#1877,#1878,
#1879,#1880,#1881,#1882,#1883,#1884,#1885,#1886,#1887,#1888,#1889,#1890,
#1891,#1892,#1893,#1894,#1895,#1896,#1897,#1898,#1899,#1900,#1901,#1902,
#1903,#1904,#1905,#1906,#1907,#1908,#1909,#1910,#1911,#1912,#1913,#1914,
#1915,#1916,#1917,#1918,#1919,#1920,#1921,#1922,#1923,#1924,#1925,#1926,
#1927,#1928,#1929,#1930,#1931,#1932,#1933,#1934,#1935,#1936,#1937,#1938,
#1939,#1940,#1941,#1942,#1943,#1944,#1945,#1946,#1947,#1948,#1949,#1950,
#1951,#1952,#1953,#1954,#1955,#1956,#1957,#1958,#1959,#1960,#1961,#1962,
#1963,#1964,#1965,#1966,#1967,#1968,#1969,#1970,#1971,#1972,#1973,#1974,
#1975,#1976,#1977,#1978,#1979,#1980,#1981,#1982,#1983,#1984,#1985,#1986,
#1987,#1988,#1989,#1990,#1991,#1992,#1993,#1994,#1995,#1996,#1997,#1998,
#1999,#2000,#2001,#2002,#2003,#2004,#2005,#2006,#2007,#2008,#2009,#2010,
#2011,#2012,#2013,#2014,#2015,#2016,#2017,#2018,#2019,#2020,#2021,#2022,
#2023,#2024,#2025,#2026,#2027,#2028,#2029,#2030,#2031,#2032,#2033,#2034,
#2035,#2036,#2037,#2038,#2039,#2040,#2041,#2042,#2043,#2044,#2045,#2046,
#2047,#2048,#2049,#2050,#2051,#2052,#2053,#2054,#2055,#2056,#2057,#2058,
#2059,#2060,#2061,#2062,#2063,#2064,#2065,#2066,#2067,#2068,#2069,#2070,
#2071,#2072,#2073,#2074,#2075,#2076,#2077,#2078,#2079,#2080,#2081,#2082,
#2083,#2084,#2085,#2086,#2087,#2088,#2089,#2090,#2091,#2092,#2093,#2094,
#2095,#2096,#2097,#2098,#2099,#2100,#2101,#2102,#2103,#2104,#2105,#2106,
#2107,#2108,#2109,#2110,#2111,#2112,#2113),.UNSPECIFIED.,.F.,.F.,(4,1,1,
1,1,1,1,1,1,1,1,1,1,1,1,1,1,1,1,1,1,1,1,1,1,1,1,1,1,1,1,1,1,1,1,1,1,1,1,
1,1,1,1,1,1,1,1,1,1,1,1,1,1,1,1,1,1,1,1,1,1,1,1,1,1,1,1,1,1,1,1,1,1,1,1,
1,1,1,1,1,1,1,1,1,1,1,1,1,1,1,1,1,1,1,1,1,1,1,1,1,1,1,1,1,1,1,1,1,1,1,1,
1,1,1,1,1,1,1,1,1,1,1,1,1,1,1,1,1,1,1,1,1,1,1,1,1,1,1,1,1,1,1,1,1,1,1,1,
1,1,1,1,1,1,1,1,1,1,1,1,1,1,1,1,1,1,1,1,1,1,1,1,1,1,1,1,1,1,1,1,1,1,1,1,
1,1,1,1,1,1,1,1,1,1,1,1,1,1,1,1,1,1,1,1,1,1,1,1,1,1,1,1,1,1,1,1,1,1,1,1,
1,1,1,1,1,1,1,1,1,1,1,1,1,1,1,1,1,1,1,1,1,1,1,1,1,1,1,1,1,1,1,1,1,1,1,1,
1,1,1,1,1,1,1,1,1,1,1,1,1,1,1,1,1,1,1,1,1,1,1,1,1,1,1,1,1,1,1,1,1,1,1,1,
1,1,1,1,1,1,1,1,1,1,1,1,1,1,1,1,1,1,1,1,1,1,1,1,1,1,1,1,1,1,1,1,1,1,1,1,
1,1,1,1,1,1,1,1,1,1,1,1,1,1,1,1,1,1,1,1,1,1,1,1,1,1,1,1,1,1,1,1,1,1,1,1,
1,1,1,1,1,1,1,1,1,1,1,1,1,1,1,1,1,1,1,1,1,1,1,1,1,1,1,1,1,1,1,4),(0.,0.001953125,
0.00390625,0.0048828125,0.005859375,0.0068359375,0.00732421875,0.007568359375,
0.0078125,0.008056640625,0.00830078125,0.0087890625,0.009765625,0.0107421875,
0.01171875,0.0126953125,0.013671875,0.0146484375,0.01513671875,0.015380859375,
0.015625,0.015869140625,0.01611328125,0.0166015625,0.017578125,0.0185546875,
0.01953125,0.021484375,0.0234375,0.025390625,0.02734375,0.0283203125,0.029296875,
0.02978515625,0.0302734375,0.03076171875,0.031005859375,0.0311279296875,
0.03125,0.0313720703125,0.031494140625,0.03173828125,0.0322265625,0.03271484375,
0.033203125,0.0341796875,0.03515625,0.037109375,0.0390625,0.041015625,0.04296875,
0.046875,0.05078125,0.052734375,0.0546875,0.056640625,0.05859375,0.0595703125,
0.060546875,0.06103515625,0.0615234375,0.06201171875,0.062255859375,0.0623779296875,
0.0625,0.0626220703125,0.062744140625,0.06298828125,0.0634765625,0.06396484375,
0.064453125,0.0654296875,0.06640625,0.068359375,0.0703125,0.072265625,0.07421875,
0.078125,0.08203125,0.0859375,0.087890625,0.08984375,0.0908203125,0.091796875,
0.0927734375,0.09326171875,0.093505859375,0.09375,0.093994140625,0.09423828125,
0.0947265625,0.095703125,0.0966796875,0.09765625,0.099609375,0.1015625,
0.10546875,0.109375,0.11328125,0.115234375,0.1171875,0.119140625,0.12109375,
0.1220703125,0.123046875,0.12353515625,0.1240234375,0.12451171875,0.124755859375,
0.125,0.125244140625,0.12548828125,0.1259765625,0.12646484375,0.126953125,
0.1279296875,0.12890625,0.130859375,0.1328125,0.134765625,0.13671875,0.140625,
0.14453125,0.1484375,0.15625,0.1640625,0.16796875,0.171875,0.17578125,0.177734375,
0.1796875,0.181640625,0.18359375,0.1845703125,0.185546875,0.18603515625,
0.1865234375,0.18701171875,0.187255859375,0.1873779296875,0.1875,0.1876220703125,
0.187744140625,0.18798828125,0.1884765625,0.18896484375,0.189453125,0.1904296875,
0.19140625,0.193359375,0.1953125,0.197265625,0.19921875,0.203125,0.20703125,
0.2109375,0.21875,0.2265625,0.23046875,0.234375,0.23828125,0.240234375,
0.2421875,0.244140625,0.24609375,0.2470703125,0.248046875,0.24853515625,
0.2490234375,0.24951171875,0.249755859375,0.2498779296875,0.25,0.2501220703125,
0.250244140625,0.25048828125,0.2509765625,0.25146484375,0.251953125,0.2529296875,
0.25390625,0.255859375,0.2578125,0.259765625,0.26171875,0.265625,0.26953125,
0.2734375,0.28125,0.2890625,0.296875,0.3046875,0.3125,0.328125,0.3359375,
0.34375,0.3515625,0.35546875,0.359375,0.36328125,0.3671875,0.369140625,
0.37109375,0.3720703125,0.373046875,0.3740234375,0.37451171875,0.374755859375,
0.375,0.375244140625,0.37548828125,0.3759765625,0.376953125,0.3779296875,
0.37890625,0.380859375,0.3828125,0.38671875,0.390625,0.39453125,0.3984375,
0.40625,0.4140625,0.421875,0.4375,0.453125,0.46875,0.4765625,0.484375,0.48828125,
0.4921875,0.49609375,0.498046875,0.4990234375,0.5,0.5009765625,0.501953125,
0.50390625,0.5078125,0.51171875,0.515625,0.5234375,0.53125,0.5390625,0.546875,
0.55078125,0.5546875,0.556640625,0.55859375,0.560546875,0.5615234375,0.56201171875,
0.5625,0.56298828125,0.5634765625,0.564453125,0.56640625,0.568359375,0.5703125,
0.57421875,0.578125,0.5859375,0.59375,0.6015625,0.60546875,0.609375,0.61328125,
0.6171875,0.619140625,0.62109375,0.623046875,0.6240234375,0.62451171875,
0.625,0.62548828125,0.6259765625,0.626953125,0.62890625,0.630859375,0.6328125,
0.63671875,0.640625,0.6484375,0.65625,0.6640625,0.671875,0.67578125,0.6796875,
0.681640625,0.68359375,0.685546875,0.6865234375,0.68701171875,0.6875,0.68798828125,
0.6884765625,0.689453125,0.69140625,0.693359375,0.6953125,0.69921875,0.703125,
0.70703125,0.7109375,0.71875,0.7265625,0.73046875,0.734375,0.73828125,0.7421875,
0.744140625,0.74609375,0.7470703125,0.748046875,0.7490234375,0.74951171875,
0.749755859375,0.75,0.750244140625,0.75048828125,0.7509765625,0.751953125,
0.7529296875,0.75390625,0.755859375,0.7578125,0.76171875,0.765625,0.76953125,
0.7734375,0.78125,0.7890625,0.79296875,0.796875,0.80078125,0.8046875,0.806640625,
0.80859375,0.8095703125,0.810546875,0.8115234375,0.81201171875,0.8125,0.81298828125,
0.8134765625,0.814453125,0.8154296875,0.81640625,0.818359375,0.8203125,
0.82421875,0.828125,0.83203125,0.8359375,0.84375,0.8515625,0.859375,0.86328125,
0.8671875,0.869140625,0.87109375,0.873046875,0.8740234375,0.87451171875,
0.875,0.87548828125,0.8759765625,0.876953125,0.87890625,0.880859375,0.8828125,
0.88671875,0.890625,0.8984375,0.90625,0.9140625,0.921875,0.92578125,0.9296875,
0.931640625,0.93359375,0.935546875,0.9365234375,0.9375,0.9384765625,0.939453125,
0.94140625,0.9453125,0.94921875,0.953125,0.9609375,0.96875,0.9765625,0.984375,
1.),.UNSPECIFIED.);
#43=B_SPLINE_CURVE_WITH_KNOTS('',3,(#2114,#2115,#2116,#2117,#2118,#2119,
#2120,#2121,#2122,#2123,#2124,#2125,#2126,#2127,#2128,#2129,#2130,#2131,
#2132,#2133,#2134,#2135,#2136,#2137,#2138,#2139,#2140,#2141,#2142,#2143,
#2144,#2145,#2146,#2147,#2148,#2149,#2150,#2151,#2152,#2153,#2154,#2155,
#2156,#2157,#2158,#2159,#2160,#2161,#2162,#2163,#2164,#2165,#2166,#2167,
#2168,#2169,#2170,#2171,#2172,#2173,#2174,#2175,#2176,#2177,#2178,#2179,
#2180,#2181,#2182,#2183,#2184,#2185,#2186,#2187,#2188,#2189,#2190,#2191,
#2192,#2193,#2194,#2195,#2196,#2197,#2198,#2199,#2200,#2201,#2202,#2203,
#2204,#2205,#2206,#2207,#2208,#2209,#2210,#2211,#2212,#2213,#2214,#2215,
#2216,#2217,#2218,#2219,#2220,#2221,#2222,#2223,#2224,#2225,#2226,#2227,
#2228,#2229,#2230,#2231,#2232,#2233,#2234,#2235,#2236,#2237,#2238,#2239,
#2240,#2241,#2242,#2243,#2244,#2245,#2246,#2247,#2248,#2249,#2250,#2251,
#2252,#2253,#2254,#2255,#2256,#2257,#2258,#2259,#2260,#2261,#2262,#2263,
#2264,#2265,#2266,#2267,#2268,#2269,#2270,#2271,#2272,#2273,#2274,#2275,
#2276,#2277,#2278,#2279,#2280,#2281,#2282,#2283,#2284,#2285,#2286,#2287,
#2288,#2289,#2290,#2291,#2292,#2293,#2294,#2295,#2296,#2297,#2298,#2299,
#2300,#2301,#2302,#2303,#2304,#2305,#2306,#2307,#2308,#2309,#2310,#2311,
#2312,#2313,#2314,#2315,#2316,#2317,#2318,#2319,#2320,#2321,#2322,#2323,
#2324,#2325,#2326,#2327,#2328,#2329,#2330,#2331,#2332,#2333,#2334,#2335,
#2336,#2337,#2338,#2339,#2340,#2341,#2342,#2343,#2344,#2345,#2346,#2347,
#2348,#2349,#2350,#2351,#2352,#2353,#2354,#2355,#2356,#2357,#2358,#2359,
#2360,#2361,#2362,#2363,#2364,#2365,#2366,#2367,#2368,#2369,#2370,#2371,
#2372,#2373,#2374,#2375,#2376,#2377,#2378,#2379,#2380,#2381,#2382,#2383,
#2384,#2385,#2386,#2387,#2388,#2389,#2390,#2391,#2392,#2393,#2394,#2395,
#2396,#2397,#2398,#2399,#2400,#2401,#2402,#2403,#2404,#2405,#2406,#2407,
#2408,#2409,#2410,#2411,#2412,#2413,#2414,#2415,#2416,#2417,#2418,#2419,
#2420,#2421,#2422,#2423,#2424,#2425,#2426,#2427,#2428,#2429,#2430,#2431,
#2432,#2433,#2434,#2435,#2436,#2437,#2438,#2439,#2440,#2441,#2442,#2443,
#2444,#2445,#2446,#2447,#2448,#2449,#2450,#2451,#2452,#2453,#2454,#2455,
#2456,#2457,#2458,#2459,#2460,#2461,#2462,#2463,#2464,#2465,#2466,#2467,
#2468,#2469,#2470,#2471,#2472,#2473,#2474,#2475,#2476,#2477,#2478,#2479,
#2480,#2481,#2482,#2483,#2484,#2485,#2486,#2487,#2488,#2489,#2490,#2491,
#2492,#2493,#2494,#2495,#2496,#2497,#2498,#2499,#2500,#2501,#2502,#2503,
#2504,#2505,#2506,#2507,#2508,#2509),.UNSPECIFIED.,.F.,.F.,(4,1,1,1,1,1,
1,1,1,1,1,1,1,1,1,1,1,1,1,1,1,1,1,1,1,1,1,1,1,1,1,1,1,1,1,1,1,1,1,1,1,1,
1,1,1,1,1,1,1,1,1,1,1,1,1,1,1,1,1,1,1,1,1,1,1,1,1,1,1,1,1,1,1,1,1,1,1,1,
1,1,1,1,1,1,1,1,1,1,1,1,1,1,1,1,1,1,1,1,1,1,1,1,1,1,1,1,1,1,1,1,1,1,1,1,
1,1,1,1,1,1,1,1,1,1,1,1,1,1,1,1,1,1,1,1,1,1,1,1,1,1,1,1,1,1,1,1,1,1,1,1,
1,1,1,1,1,1,1,1,1,1,1,1,1,1,1,1,1,1,1,1,1,1,1,1,1,1,1,1,1,1,1,1,1,1,1,1,
1,1,1,1,1,1,1,1,1,1,1,1,1,1,1,1,1,1,1,1,1,1,1,1,1,1,1,1,1,1,1,1,1,1,1,1,
1,1,1,1,1,1,1,1,1,1,1,1,1,1,1,1,1,1,1,1,1,1,1,1,1,1,1,1,1,1,1,1,1,1,1,1,
1,1,1,1,1,1,1,1,1,1,1,1,1,1,1,1,1,1,1,1,1,1,1,1,1,1,1,1,1,1,1,1,1,1,1,1,
1,1,1,1,1,1,1,1,1,1,1,1,1,1,1,1,1,1,1,1,1,1,1,1,1,1,1,1,1,1,1,1,1,1,1,1,
1,1,1,1,1,1,1,1,1,1,1,1,1,1,1,1,1,1,1,1,1,1,1,1,1,1,1,1,1,1,1,1,1,1,1,1,
1,1,1,1,1,1,1,1,1,1,1,1,1,1,1,1,1,1,1,1,1,1,1,1,1,1,1,4),(0.,0.015625,0.0234375,
0.03125,0.0390625,0.046875,0.05078125,0.0546875,0.05859375,0.060546875,
0.0615234375,0.0625,0.0634765625,0.064453125,0.06640625,0.068359375,0.0703125,
0.07421875,0.078125,0.0859375,0.09375,0.1015625,0.109375,0.11328125,0.1171875,
0.119140625,0.12109375,0.123046875,0.1240234375,0.12451171875,0.125,0.12548828125,
0.1259765625,0.126953125,0.12890625,0.130859375,0.1328125,0.13671875,0.140625,
0.1484375,0.15625,0.1640625,0.16796875,0.171875,0.17578125,0.1796875,0.181640625,
0.18359375,0.1845703125,0.185546875,0.1865234375,0.18701171875,0.1875,0.18798828125,
0.1884765625,0.189453125,0.1904296875,0.19140625,0.193359375,0.1953125,
0.19921875,0.203125,0.20703125,0.2109375,0.21875,0.2265625,0.23046875,0.234375,
0.23828125,0.240234375,0.2421875,0.244140625,0.24609375,0.2470703125,0.248046875,
0.24853515625,0.2490234375,0.24951171875,0.249755859375,0.25,0.250244140625,
0.25048828125,0.2509765625,0.25146484375,0.251953125,0.2529296875,0.25390625,
0.255859375,0.2578125,0.259765625,0.26171875,0.265625,0.26953125,0.2734375,
0.28125,0.2890625,0.29296875,0.296875,0.30078125,0.3046875,0.306640625,
0.30859375,0.3095703125,0.310546875,0.3115234375,0.31201171875,0.312255859375,
0.3125,0.312744140625,0.31298828125,0.3134765625,0.314453125,0.3154296875,
0.31640625,0.318359375,0.3203125,0.32421875,0.328125,0.33203125,0.3359375,
0.34375,0.3515625,0.359375,0.36328125,0.3671875,0.369140625,0.37109375,
0.373046875,0.3740234375,0.37451171875,0.375,0.37548828125,0.3759765625,
0.376953125,0.37890625,0.380859375,0.3828125,0.38671875,0.390625,0.3984375,
0.40625,0.4140625,0.421875,0.4375,0.453125,0.4609375,0.46875,0.4765625,
0.484375,0.48828125,0.4921875,0.494140625,0.49609375,0.498046875,0.4990234375,
0.49951171875,0.5,0.50048828125,0.5009765625,0.501953125,0.50390625,0.505859375,
0.5078125,0.51171875,0.515625,0.5234375,0.53125,0.5390625,0.546875,0.5625,
0.578125,0.5859375,0.59375,0.6015625,0.60546875,0.609375,0.61328125,0.6171875,
0.619140625,0.62109375,0.6220703125,0.623046875,0.6240234375,0.62451171875,
0.624755859375,0.625,0.625244140625,0.62548828125,0.6259765625,0.626953125,
0.6279296875,0.62890625,0.630859375,0.6328125,0.63671875,0.640625,0.64453125,
0.6484375,0.65625,0.6640625,0.671875,0.6875,0.6953125,0.703125,0.7109375,
0.71875,0.7265625,0.73046875,0.734375,0.73828125,0.740234375,0.7421875,
0.744140625,0.74609375,0.7470703125,0.748046875,0.74853515625,0.7490234375,
0.74951171875,0.749755859375,0.7498779296875,0.75,0.7501220703125,0.750244140625,
0.75048828125,0.7509765625,0.75146484375,0.751953125,0.7529296875,0.75390625,
0.755859375,0.7578125,0.759765625,0.76171875,0.765625,0.76953125,0.7734375,
0.78125,0.7890625,0.79296875,0.796875,0.80078125,0.802734375,0.8046875,
0.806640625,0.80859375,0.8095703125,0.810546875,0.81103515625,0.8115234375,
0.81201171875,0.812255859375,0.8123779296875,0.8125,0.8126220703125,0.812744140625,
0.81298828125,0.8134765625,0.81396484375,0.814453125,0.8154296875,0.81640625,
0.818359375,0.8203125,0.822265625,0.82421875,0.828125,0.83203125,0.8359375,
0.84375,0.8515625,0.85546875,0.859375,0.86328125,0.865234375,0.8671875,
0.869140625,0.87109375,0.8720703125,0.873046875,0.87353515625,0.8740234375,
0.87451171875,0.874755859375,0.875,0.875244140625,0.87548828125,0.8759765625,
0.87646484375,0.876953125,0.8779296875,0.87890625,0.880859375,0.8828125,
0.884765625,0.88671875,0.890625,0.89453125,0.8984375,0.900390625,0.90234375,
0.9033203125,0.904296875,0.9052734375,0.90576171875,0.906005859375,0.90625,
0.906494140625,0.90673828125,0.9072265625,0.908203125,0.9091796875,0.91015625,
0.912109375,0.9140625,0.91796875,0.921875,0.92578125,0.927734375,0.9296875,
0.931640625,0.93359375,0.9345703125,0.935546875,0.93603515625,0.9365234375,
0.93701171875,0.937255859375,0.9373779296875,0.9375,0.9376220703125,0.937744140625,
0.93798828125,0.9384765625,0.93896484375,0.939453125,0.9404296875,0.94140625,
0.943359375,0.9453125,0.947265625,0.94921875,0.953125,0.95703125,0.958984375,
0.9609375,0.962890625,0.96484375,0.9658203125,0.966796875,0.96728515625,
0.9677734375,0.96826171875,0.968505859375,0.9686279296875,0.96875,0.9688720703125,
0.968994140625,0.96923828125,0.9697265625,0.97021484375,0.970703125,0.9716796875,
0.97265625,0.974609375,0.9765625,0.978515625,0.98046875,0.9814453125,0.982421875,
0.9833984375,0.98388671875,0.984130859375,0.984375,0.984619140625,0.98486328125,
0.9853515625,0.986328125,0.9873046875,0.98828125,0.9892578125,0.990234375,
0.9912109375,0.99169921875,0.991943359375,0.9921875,0.992431640625,0.99267578125,
0.9931640625,0.994140625,0.9951171875,0.99609375,0.998046875,1.),
 .UNSPECIFIED.);
#44=B_SPLINE_CURVE_WITH_KNOTS('',3,(#2745,#2746,#2747,#2748,#2749,#2750,
#2751,#2752,#2753,#2754,#2755,#2756,#2757,#2758,#2759,#2760,#2761,#2762,
#2763,#2764,#2765,#2766,#2767,#2768,#2769,#2770,#2771,#2772,#2773,#2774,
#2775,#2776,#2777,#2778,#2779,#2780,#2781,#2782,#2783,#2784,#2785,#2786,
#2787,#2788,#2789,#2790,#2791,#2792,#2793,#2794,#2795,#2796,#2797,#2798,
#2799,#2800,#2801,#2802,#2803,#2804,#2805,#2806,#2807,#2808,#2809,#2810,
#2811,#2812,#2813,#2814,#2815,#2816,#2817,#2818,#2819,#2820,#2821,#2822,
#2823,#2824,#2825,#2826,#2827,#2828,#2829,#2830,#2831,#2832,#2833,#2834,
#2835,#2836,#2837,#2838,#2839,#2840,#2841,#2842,#2843,#2844,#2845,#2846,
#2847,#2848,#2849,#2850,#2851,#2852,#2853,#2854,#2855,#2856,#2857,#2858,
#2859,#2860,#2861,#2862,#2863,#2864,#2865,#2866,#2867,#2868,#2869,#2870,
#2871,#2872,#2873,#2874,#2875,#2876,#2877,#2878,#2879,#2880,#2881,#2882,
#2883,#2884,#2885,#2886,#2887,#2888,#2889,#2890,#2891,#2892,#2893),
 .UNSPECIFIED.,.F.,.F.,(4,1,1,1,1,1,1,1,1,1,1,1,1,1,1,1,1,1,1,1,1,1,1,1,
1,1,1,1,1,1,1,1,1,1,1,1,1,1,1,1,1,1,1,1,1,1,1,1,1,1,1,1,1,1,1,1,1,1,1,1,
1,1,1,1,1,1,1,1,1,1,1,1,1,1,1,1,1,1,1,1,1,1,1,1,1,1,1,1,1,1,1,1,1,1,1,1,
1,1,1,1,1,1,1,1,1,1,1,1,1,1,1,1,1,1,1,1,1,1,1,1,1,1,1,1,1,1,1,1,1,1,1,1,
1,1,1,1,1,1,1,1,1,1,1,1,1,1,4),(0.,0.00390625,0.0078125,0.01171875,0.013671875,
0.0146484375,0.015625,0.0166015625,0.01708984375,0.017578125,0.017822265625,
0.01806640625,0.0185546875,0.01953125,0.021484375,0.0234375,0.025390625,
0.02734375,0.029296875,0.03125,0.033203125,0.03515625,0.0390625,0.046875,
0.0546875,0.05859375,0.060546875,0.0625,0.064453125,0.06640625,0.0703125,
0.078125,0.0859375,0.09375,0.1015625,0.109375,0.1171875,0.12109375,0.123046875,
0.125,0.126953125,0.12890625,0.1328125,0.140625,0.1484375,0.15625,0.171875,
0.1875,0.203125,0.21875,0.234375,0.2421875,0.25,0.2578125,0.265625,0.28125,
0.3125,0.328125,0.34375,0.359375,0.3671875,0.37109375,0.375,0.37890625,
0.3828125,0.390625,0.40625,0.421875,0.4375,0.46875,0.484375,0.4921875,0.5,
0.5078125,0.515625,0.53125,0.5625,0.578125,0.59375,0.609375,0.6171875,0.625,
0.6328125,0.640625,0.65625,0.671875,0.6796875,0.68359375,0.6875,0.69140625,
0.6953125,0.703125,0.71875,0.7265625,0.734375,0.73828125,0.7421875,0.74609375,
0.748046875,0.7490234375,0.75,0.7509765625,0.751953125,0.75390625,0.7578125,
0.76171875,0.765625,0.7734375,0.78125,0.796875,0.8125,0.828125,0.84375,
0.8515625,0.859375,0.86328125,0.8671875,0.87109375,0.873046875,0.8740234375,
0.875,0.8759765625,0.876953125,0.87890625,0.8828125,0.88671875,0.890625,
0.8984375,0.90625,0.9140625,0.921875,0.92578125,0.9296875,0.93359375,0.935546875,
0.9365234375,0.9375,0.9384765625,0.939453125,0.94140625,0.9453125,0.94921875,
0.953125,0.9609375,0.96875,0.984375,1.),.UNSPECIFIED.);
#45=B_SPLINE_CURVE_WITH_KNOTS('',3,(#2894,#2895,#2896,#2897,#2898,#2899,
#2900,#2901,#2902,#2903,#2904,#2905,#2906,#2907,#2908,#2909,#2910,#2911,
#2912,#2913,#2914,#2915,#2916,#2917,#2918,#2919,#2920,#2921,#2922,#2923,
#2924,#2925,#2926,#2927,#2928,#2929,#2930,#2931,#2932,#2933,#2934,#2935,
#2936,#2937,#2938,#2939,#2940,#2941,#2942,#2943,#2944,#2945,#2946,#2947,
#2948,#2949,#2950,#2951,#2952,#2953,#2954,#2955,#2956,#2957,#2958,#2959,
#2960,#2961,#2962,#2963,#2964,#2965,#2966,#2967,#2968,#2969,#2970,#2971,
#2972,#2973,#2974,#2975,#2976,#2977,#2978,#2979,#2980,#2981,#2982,#2983,
#2984,#2985,#2986,#2987,#2988,#2989,#2990,#2991,#2992,#2993,#2994,#2995,
#2996,#2997,#2998,#2999,#3000,#3001,#3002,#3003,#3004,#3005,#3006,#3007,
#3008,#3009,#3010,#3011,#3012,#3013,#3014,#3015,#3016,#3017,#3018,#3019,
#3020,#3021,#3022,#3023,#3024,#3025,#3026,#3027,#3028,#3029,#3030,#3031,
#3032,#3033,#3034,#3035,#3036,#3037,#3038,#3039,#3040,#3041),
 .UNSPECIFIED.,.F.,.F.,(4,1,1,1,1,1,1,1,1,1,1,1,1,1,1,1,1,1,1,1,1,1,1,1,
1,1,1,1,1,1,1,1,1,1,1,1,1,1,1,1,1,1,1,1,1,1,1,1,1,1,1,1,1,1,1,1,1,1,1,1,
1,1,1,1,1,1,1,1,1,1,1,1,1,1,1,1,1,1,1,1,1,1,1,1,1,1,1,1,1,1,1,1,1,1,1,1,
1,1,1,1,1,1,1,1,1,1,1,1,1,1,1,1,1,1,1,1,1,1,1,1,1,1,1,1,1,1,1,1,1,1,1,1,
1,1,1,1,1,1,1,1,1,1,1,1,1,4),(0.,0.015625,0.03125,0.0390625,0.046875,0.05078125,
0.0546875,0.05859375,0.060546875,0.0615234375,0.0625,0.0634765625,0.064453125,
0.06640625,0.0703125,0.07421875,0.078125,0.0859375,0.09375,0.1015625,0.109375,
0.11328125,0.1171875,0.12109375,0.123046875,0.1240234375,0.125,0.1259765625,
0.126953125,0.12890625,0.1328125,0.13671875,0.140625,0.1484375,0.15625,
0.171875,0.1875,0.203125,0.21875,0.2265625,0.234375,0.23828125,0.2421875,
0.24609375,0.248046875,0.2490234375,0.25,0.2509765625,0.251953125,0.25390625,
0.2578125,0.26171875,0.265625,0.2734375,0.28125,0.296875,0.3046875,0.30859375,
0.3125,0.31640625,0.3203125,0.328125,0.34375,0.359375,0.3671875,0.375,0.3828125,
0.390625,0.40625,0.421875,0.4375,0.46875,0.484375,0.4921875,0.5,0.5078125,
0.515625,0.53125,0.5625,0.578125,0.59375,0.609375,0.6171875,0.62109375,
0.625,0.62890625,0.6328125,0.640625,0.65625,0.671875,0.6875,0.71875,0.734375,
0.7421875,0.75,0.7578125,0.765625,0.78125,0.796875,0.8125,0.828125,0.84375,
0.8515625,0.859375,0.8671875,0.87109375,0.873046875,0.875,0.876953125,0.87890625,
0.8828125,0.890625,0.8984375,0.90625,0.9140625,0.921875,0.9296875,0.93359375,
0.935546875,0.9375,0.939453125,0.94140625,0.9453125,0.953125,0.9609375,
0.96484375,0.966796875,0.96875,0.970703125,0.97265625,0.974609375,0.9765625,
0.978515625,0.9794921875,0.98046875,0.98095703125,0.981201171875,0.9814453125,
0.98193359375,0.982421875,0.9833984375,0.984375,0.98828125,0.9921875,0.99609375,
1.),.UNSPECIFIED.);
#46=B_SPLINE_CURVE_WITH_KNOTS('',3,(#3114,#3115,#3116,#3117,#3118,#3119,
#3120,#3121,#3122,#3123,#3124,#3125,#3126,#3127,#3128,#3129,#3130,#3131,
#3132,#3133,#3134,#3135,#3136,#3137,#3138,#3139,#3140,#3141,#3142,#3143,
#3144,#3145,#3146,#3147,#3148,#3149,#3150,#3151,#3152,#3153,#3154,#3155,
#3156,#3157,#3158,#3159,#3160,#3161,#3162,#3163,#3164,#3165,#3166,#3167,
#3168,#3169,#3170,#3171,#3172,#3173,#3174,#3175,#3176,#3177,#3178,#3179,
#3180,#3181,#3182,#3183,#3184,#3185,#3186,#3187,#3188,#3189,#3190,#3191,
#3192,#3193,#3194,#3195,#3196,#3197,#3198,#3199,#3200,#3201,#3202,#3203,
#3204,#3205,#3206,#3207,#3208,#3209,#3210,#3211,#3212,#3213,#3214,#3215,
#3216,#3217,#3218,#3219,#3220,#3221,#3222,#3223,#3224,#3225,#3226,#3227,
#3228,#3229,#3230,#3231,#3232,#3233,#3234,#3235,#3236,#3237,#3238,#3239,
#3240,#3241,#3242,#3243,#3244,#3245,#3246,#3247,#3248,#3249,#3250,#3251,
#3252,#3253,#3254,#3255,#3256,#3257,#3258,#3259,#3260,#3261,#3262,#3263,
#3264,#3265,#3266,#3267,#3268,#3269,#3270,#3271,#3272,#3273,#3274,#3275,
#3276,#3277,#3278,#3279,#3280,#3281,#3282,#3283,#3284,#3285,#3286,#3287,
#3288,#3289,#3290,#3291,#3292,#3293,#3294,#3295,#3296,#3297,#3298,#3299,
#3300,#3301,#3302,#3303,#3304,#3305,#3306,#3307,#3308,#3309,#3310,#3311,
#3312,#3313,#3314,#3315,#3316,#3317,#3318,#3319,#3320,#3321,#3322,#3323,
#3324,#3325,#3326,#3327,#3328,#3329,#3330,#3331,#3332,#3333,#3334,#3335,
#3336,#3337,#3338,#3339,#3340,#3341,#3342,#3343,#3344,#3345,#3346,#3347,
#3348,#3349,#3350,#3351,#3352,#3353,#3354,#3355,#3356,#3357,#3358,#3359,
#3360,#3361,#3362,#3363,#3364,#3365,#3366,#3367,#3368,#3369,#3370,#3371,
#3372,#3373,#3374,#3375,#3376,#3377,#3378,#3379,#3380,#3381,#3382,#3383,
#3384,#3385,#3386,#3387,#3388,#3389,#3390,#3391,#3392,#3393,#3394,#3395,
#3396,#3397,#3398,#3399,#3400,#3401,#3402,#3403,#3404,#3405,#3406,#3407,
#3408,#3409,#3410,#3411,#3412,#3413,#3414,#3415,#3416,#3417,#3418,#3419,
#3420,#3421,#3422,#3423,#3424,#3425,#3426,#3427,#3428,#3429,#3430,#3431,
#3432,#3433,#3434,#3435,#3436,#3437,#3438,#3439,#3440,#3441,#3442,#3443,
#3444,#3445,#3446,#3447,#3448,#3449,#3450,#3451,#3452,#3453,#3454,#3455,
#3456,#3457,#3458,#3459,#3460,#3461,#3462,#3463,#3464,#3465,#3466,#3467,
#3468,#3469,#3470,#3471,#3472,#3473,#3474,#3475,#3476,#3477,#3478,#3479,
#3480,#3481,#3482,#3483,#3484,#3485,#3486,#3487,#3488,#3489,#3490,#3491,
#3492,#3493,#3494,#3495,#3496,#3497,#3498,#3499,#3500,#3501,#3502,#3503,
#3504,#3505,#3506,#3507,#3508,#3509),.UNSPECIFIED.,.F.,.F.,(4,1,1,1,1,1,
1,1,1,1,1,1,1,1,1,1,1,1,1,1,1,1,1,1,1,1,1,1,1,1,1,1,1,1,1,1,1,1,1,1,1,1,
1,1,1,1,1,1,1,1,1,1,1,1,1,1,1,1,1,1,1,1,1,1,1,1,1,1,1,1,1,1,1,1,1,1,1,1,
1,1,1,1,1,1,1,1,1,1,1,1,1,1,1,1,1,1,1,1,1,1,1,1,1,1,1,1,1,1,1,1,1,1,1,1,
1,1,1,1,1,1,1,1,1,1,1,1,1,1,1,1,1,1,1,1,1,1,1,1,1,1,1,1,1,1,1,1,1,1,1,1,
1,1,1,1,1,1,1,1,1,1,1,1,1,1,1,1,1,1,1,1,1,1,1,1,1,1,1,1,1,1,1,1,1,1,1,1,
1,1,1,1,1,1,1,1,1,1,1,1,1,1,1,1,1,1,1,1,1,1,1,1,1,1,1,1,1,1,1,1,1,1,1,1,
1,1,1,1,1,1,1,1,1,1,1,1,1,1,1,1,1,1,1,1,1,1,1,1,1,1,1,1,1,1,1,1,1,1,1,1,
1,1,1,1,1,1,1,1,1,1,1,1,1,1,1,1,1,1,1,1,1,1,1,1,1,1,1,1,1,1,1,1,1,1,1,1,
1,1,1,1,1,1,1,1,1,1,1,1,1,1,1,1,1,1,1,1,1,1,1,1,1,1,1,1,1,1,1,1,1,1,1,1,
1,1,1,1,1,1,1,1,1,1,1,1,1,1,1,1,1,1,1,1,1,1,1,1,1,1,1,1,1,1,1,1,1,1,1,1,
1,1,1,1,1,1,1,1,1,1,1,1,1,1,1,1,1,1,1,1,1,1,1,1,1,1,1,4),(0.,0.015625,0.0234375,
0.03125,0.0390625,0.046875,0.05078125,0.0546875,0.05859375,0.060546875,
0.0615234375,0.0625,0.0634765625,0.064453125,0.06640625,0.068359375,0.0703125,
0.07421875,0.078125,0.0859375,0.09375,0.1015625,0.109375,0.11328125,0.1171875,
0.119140625,0.12109375,0.123046875,0.1240234375,0.12451171875,0.125,0.12548828125,
0.1259765625,0.126953125,0.12890625,0.130859375,0.1328125,0.13671875,0.140625,
0.1484375,0.15625,0.1640625,0.16796875,0.171875,0.17578125,0.1796875,0.181640625,
0.18359375,0.1845703125,0.185546875,0.1865234375,0.18701171875,0.1875,0.18798828125,
0.1884765625,0.189453125,0.1904296875,0.19140625,0.193359375,0.1953125,
0.19921875,0.203125,0.20703125,0.2109375,0.21875,0.2265625,0.23046875,0.234375,
0.23828125,0.240234375,0.2421875,0.244140625,0.24609375,0.2470703125,0.248046875,
0.24853515625,0.2490234375,0.24951171875,0.249755859375,0.25,0.250244140625,
0.25048828125,0.2509765625,0.25146484375,0.251953125,0.2529296875,0.25390625,
0.255859375,0.2578125,0.259765625,0.26171875,0.265625,0.26953125,0.2734375,
0.28125,0.2890625,0.29296875,0.296875,0.30078125,0.3046875,0.306640625,
0.30859375,0.3095703125,0.310546875,0.3115234375,0.31201171875,0.312255859375,
0.3125,0.312744140625,0.31298828125,0.3134765625,0.314453125,0.3154296875,
0.31640625,0.318359375,0.3203125,0.32421875,0.328125,0.33203125,0.3359375,
0.34375,0.3515625,0.359375,0.36328125,0.3671875,0.369140625,0.37109375,
0.373046875,0.3740234375,0.37451171875,0.375,0.37548828125,0.3759765625,
0.376953125,0.37890625,0.380859375,0.3828125,0.38671875,0.390625,0.3984375,
0.40625,0.4140625,0.421875,0.4375,0.453125,0.4609375,0.46875,0.4765625,
0.484375,0.48828125,0.4921875,0.494140625,0.49609375,0.498046875,0.4990234375,
0.49951171875,0.5,0.50048828125,0.5009765625,0.501953125,0.50390625,0.505859375,
0.5078125,0.51171875,0.515625,0.5234375,0.53125,0.5390625,0.546875,0.5625,
0.578125,0.5859375,0.59375,0.6015625,0.60546875,0.609375,0.61328125,0.6171875,
0.619140625,0.62109375,0.6220703125,0.623046875,0.6240234375,0.62451171875,
0.624755859375,0.625,0.625244140625,0.62548828125,0.6259765625,0.626953125,
0.6279296875,0.62890625,0.630859375,0.6328125,0.63671875,0.640625,0.64453125,
0.6484375,0.65625,0.6640625,0.671875,0.6875,0.6953125,0.703125,0.7109375,
0.71875,0.7265625,0.73046875,0.734375,0.73828125,0.740234375,0.7421875,
0.744140625,0.74609375,0.7470703125,0.748046875,0.74853515625,0.7490234375,
0.74951171875,0.749755859375,0.7498779296875,0.75,0.7501220703125,0.750244140625,
0.75048828125,0.7509765625,0.75146484375,0.751953125,0.7529296875,0.75390625,
0.755859375,0.7578125,0.759765625,0.76171875,0.765625,0.76953125,0.7734375,
0.78125,0.7890625,0.79296875,0.796875,0.80078125,0.802734375,0.8046875,
0.806640625,0.80859375,0.8095703125,0.810546875,0.81103515625,0.8115234375,
0.81201171875,0.812255859375,0.8123779296875,0.8125,0.8126220703125,0.812744140625,
0.81298828125,0.8134765625,0.81396484375,0.814453125,0.8154296875,0.81640625,
0.818359375,0.8203125,0.822265625,0.82421875,0.828125,0.83203125,0.8359375,
0.84375,0.8515625,0.85546875,0.859375,0.86328125,0.865234375,0.8671875,
0.869140625,0.87109375,0.8720703125,0.873046875,0.87353515625,0.8740234375,
0.87451171875,0.874755859375,0.875,0.875244140625,0.87548828125,0.8759765625,
0.87646484375,0.876953125,0.8779296875,0.87890625,0.880859375,0.8828125,
0.884765625,0.88671875,0.890625,0.89453125,0.8984375,0.900390625,0.90234375,
0.9033203125,0.904296875,0.9052734375,0.90576171875,0.906005859375,0.90625,
0.906494140625,0.90673828125,0.9072265625,0.908203125,0.9091796875,0.91015625,
0.912109375,0.9140625,0.91796875,0.921875,0.92578125,0.927734375,0.9296875,
0.931640625,0.93359375,0.9345703125,0.935546875,0.93603515625,0.9365234375,
0.93701171875,0.937255859375,0.9373779296875,0.9375,0.9376220703125,0.937744140625,
0.93798828125,0.9384765625,0.93896484375,0.939453125,0.9404296875,0.94140625,
0.943359375,0.9453125,0.947265625,0.94921875,0.953125,0.95703125,0.958984375,
0.9609375,0.962890625,0.96484375,0.9658203125,0.966796875,0.96728515625,
0.9677734375,0.96826171875,0.968505859375,0.9686279296875,0.96875,0.9688720703125,
0.968994140625,0.96923828125,0.9697265625,0.97021484375,0.970703125,0.9716796875,
0.97265625,0.974609375,0.9765625,0.978515625,0.98046875,0.9814453125,0.982421875,
0.9833984375,0.98388671875,0.984130859375,0.984375,0.984619140625,0.98486328125,
0.9853515625,0.986328125,0.9873046875,0.98828125,0.9892578125,0.990234375,
0.9912109375,0.99169921875,0.991943359375,0.9921875,0.992431640625,0.99267578125,
0.9931640625,0.994140625,0.9951171875,0.99609375,0.998046875,1.),
 .UNSPECIFIED.);
#47=B_SPLINE_CURVE_WITH_KNOTS('',3,(#3513,#3514,#3515,#3516,#3517,#3518,
#3519,#3520,#3521,#3522,#3523,#3524,#3525,#3526,#3527,#3528,#3529,#3530,
#3531,#3532,#3533,#3534,#3535,#3536,#3537,#3538,#3539,#3540,#3541,#3542,
#3543,#3544,#3545,#3546,#3547,#3548,#3549,#3550,#3551,#3552,#3553,#3554,
#3555,#3556,#3557,#3558,#3559,#3560,#3561,#3562,#3563,#3564,#3565,#3566,
#3567,#3568,#3569,#3570,#3571,#3572,#3573,#3574,#3575,#3576,#3577,#3578,
#3579,#3580,#3581,#3582,#3583,#3584,#3585,#3586,#3587,#3588,#3589,#3590,
#3591,#3592,#3593,#3594,#3595,#3596,#3597,#3598,#3599,#3600,#3601,#3602,
#3603,#3604,#3605,#3606,#3607,#3608,#3609,#3610,#3611,#3612,#3613,#3614,
#3615,#3616,#3617,#3618,#3619,#3620,#3621,#3622,#3623,#3624,#3625,#3626,
#3627,#3628,#3629,#3630,#3631,#3632,#3633,#3634,#3635,#3636,#3637,#3638,
#3639,#3640,#3641,#3642,#3643,#3644,#3645,#3646,#3647,#3648,#3649,#3650,
#3651,#3652,#3653,#3654,#3655,#3656,#3657,#3658,#3659,#3660,#3661,#3662,
#3663,#3664,#3665,#3666,#3667,#3668,#3669,#3670,#3671,#3672,#3673,#3674,
#3675,#3676,#3677,#3678,#3679,#3680,#3681,#3682,#3683,#3684,#3685,#3686,
#3687,#3688,#3689,#3690,#3691,#3692,#3693,#3694,#3695,#3696,#3697,#3698,
#3699,#3700,#3701,#3702,#3703,#3704,#3705,#3706,#3707,#3708,#3709,#3710,
#3711,#3712,#3713,#3714,#3715,#3716,#3717,#3718,#3719,#3720,#3721,#3722,
#3723,#3724,#3725,#3726,#3727,#3728,#3729,#3730,#3731,#3732,#3733,#3734,
#3735,#3736,#3737,#3738,#3739,#3740,#3741,#3742,#3743,#3744,#3745,#3746,
#3747,#3748,#3749,#3750,#3751,#3752,#3753,#3754,#3755,#3756,#3757,#3758,
#3759,#3760,#3761,#3762,#3763,#3764,#3765,#3766,#3767,#3768,#3769,#3770,
#3771,#3772,#3773,#3774,#3775,#3776,#3777,#3778,#3779,#3780,#3781,#3782,
#3783,#3784,#3785,#3786,#3787,#3788,#3789,#3790,#3791,#3792,#3793,#3794,
#3795,#3796,#3797,#3798,#3799,#3800,#3801,#3802,#3803,#3804,#3805,#3806,
#3807,#3808,#3809,#3810,#3811,#3812,#3813,#3814,#3815,#3816,#3817,#3818,
#3819,#3820,#3821,#3822,#3823,#3824,#3825,#3826,#3827,#3828,#3829,#3830,
#3831,#3832,#3833,#3834,#3835,#3836,#3837,#3838,#3839,#3840,#3841,#3842,
#3843,#3844,#3845,#3846,#3847,#3848,#3849,#3850,#3851,#3852,#3853,#3854,
#3855,#3856,#3857,#3858,#3859,#3860,#3861,#3862,#3863,#3864,#3865,#3866,
#3867,#3868,#3869,#3870,#3871,#3872,#3873,#3874,#3875,#3876,#3877,#3878,
#3879,#3880,#3881,#3882,#3883,#3884),.UNSPECIFIED.,.F.,.F.,(4,1,1,1,1,1,
1,1,1,1,1,1,1,1,1,1,1,1,1,1,1,1,1,1,1,1,1,1,1,1,1,1,1,1,1,1,1,1,1,1,1,1,
1,1,1,1,1,1,1,1,1,1,1,1,1,1,1,1,1,1,1,1,1,1,1,1,1,1,1,1,1,1,1,1,1,1,1,1,
1,1,1,1,1,1,1,1,1,1,1,1,1,1,1,1,1,1,1,1,1,1,1,1,1,1,1,1,1,1,1,1,1,1,1,1,
1,1,1,1,1,1,1,1,1,1,1,1,1,1,1,1,1,1,1,1,1,1,1,1,1,1,1,1,1,1,1,1,1,1,1,1,
1,1,1,1,1,1,1,1,1,1,1,1,1,1,1,1,1,1,1,1,1,1,1,1,1,1,1,1,1,1,1,1,1,1,1,1,
1,1,1,1,1,1,1,1,1,1,1,1,1,1,1,1,1,1,1,1,1,1,1,1,1,1,1,1,1,1,1,1,1,1,1,1,
1,1,1,1,1,1,1,1,1,1,1,1,1,1,1,1,1,1,1,1,1,1,1,1,1,1,1,1,1,1,1,1,1,1,1,1,
1,1,1,1,1,1,1,1,1,1,1,1,1,1,1,1,1,1,1,1,1,1,1,1,1,1,1,1,1,1,1,1,1,1,1,1,
1,1,1,1,1,1,1,1,1,1,1,1,1,1,1,1,1,1,1,1,1,1,1,1,1,1,1,1,1,1,1,1,1,1,1,1,
1,1,1,1,1,1,1,1,1,1,1,1,1,1,1,1,1,1,1,1,1,1,1,1,1,1,1,1,1,1,1,1,1,1,1,1,
1,1,1,4),(0.,0.00390625,0.005859375,0.0078125,0.009765625,0.01171875,0.0126953125,
0.013671875,0.01416015625,0.0146484375,0.01513671875,0.015380859375,0.0155029296875,
0.015625,0.0157470703125,0.015869140625,0.01611328125,0.0166015625,0.01708984375,
0.017578125,0.0185546875,0.01953125,0.021484375,0.0234375,0.025390625,0.02734375,
0.0283203125,0.029296875,0.02978515625,0.0302734375,0.03076171875,0.031005859375,
0.0311279296875,0.03125,0.0313720703125,0.031494140625,0.03173828125,0.0322265625,
0.03271484375,0.033203125,0.0341796875,0.03515625,0.037109375,0.0390625,
0.041015625,0.04296875,0.046875,0.05078125,0.052734375,0.0546875,0.056640625,
0.05859375,0.0595703125,0.060546875,0.06103515625,0.0615234375,0.06201171875,
0.062255859375,0.0623779296875,0.0625,0.0626220703125,0.062744140625,0.06298828125,
0.0634765625,0.06396484375,0.064453125,0.0654296875,0.06640625,0.068359375,
0.0703125,0.072265625,0.07421875,0.078125,0.08203125,0.0859375,0.09375,
0.09765625,0.1015625,0.10546875,0.109375,0.11328125,0.115234375,0.1171875,
0.119140625,0.1201171875,0.12109375,0.1220703125,0.123046875,0.12353515625,
0.1240234375,0.124267578125,0.12451171875,0.124755859375,0.1248779296875,
0.12493896484375,0.125,0.12506103515625,0.1251220703125,0.125244140625,
0.12548828125,0.125732421875,0.1259765625,0.12646484375,0.126953125,0.1279296875,
0.12890625,0.1298828125,0.130859375,0.1328125,0.134765625,0.13671875,0.140625,
0.14453125,0.146484375,0.1484375,0.150390625,0.15234375,0.1533203125,0.154296875,
0.15478515625,0.1552734375,0.15576171875,0.156005859375,0.1561279296875,
0.15625,0.1563720703125,0.156494140625,0.15673828125,0.1572265625,0.15771484375,
0.158203125,0.1591796875,0.16015625,0.162109375,0.1640625,0.166015625,0.16796875,
0.171875,0.17578125,0.1796875,0.181640625,0.18359375,0.1845703125,0.185546875,
0.1865234375,0.18701171875,0.187255859375,0.1875,0.187744140625,0.18798828125,
0.1884765625,0.189453125,0.1904296875,0.19140625,0.193359375,0.1953125,
0.19921875,0.203125,0.20703125,0.2109375,0.21875,0.2265625,0.234375,0.23828125,
0.2421875,0.244140625,0.24609375,0.248046875,0.2490234375,0.24951171875,
0.25,0.25048828125,0.2509765625,0.251953125,0.25390625,0.255859375,0.2578125,
0.26171875,0.265625,0.2734375,0.28125,0.2890625,0.296875,0.3125,0.328125,
0.3359375,0.34375,0.3515625,0.359375,0.36328125,0.3671875,0.37109375,0.373046875,
0.3740234375,0.375,0.3759765625,0.376953125,0.37890625,0.3828125,0.38671875,
0.390625,0.3984375,0.40625,0.421875,0.4375,0.453125,0.46875,0.484375,0.4921875,
0.5,0.5078125,0.515625,0.53125,0.5390625,0.546875,0.5546875,0.55859375,
0.560546875,0.5625,0.564453125,0.56640625,0.5703125,0.57421875,0.578125,
0.5859375,0.59375,0.6015625,0.609375,0.61328125,0.6171875,0.619140625,0.62109375,
0.623046875,0.6240234375,0.625,0.6259765625,0.626953125,0.62890625,0.630859375,
0.6328125,0.63671875,0.640625,0.6484375,0.65625,0.6640625,0.66796875,0.671875,
0.67578125,0.677734375,0.6796875,0.681640625,0.68359375,0.6845703125,0.685546875,
0.6865234375,0.68701171875,0.687255859375,0.6875,0.687744140625,0.68798828125,
0.6884765625,0.689453125,0.6904296875,0.69140625,0.693359375,0.6953125,
0.697265625,0.69921875,0.703125,0.70703125,0.7109375,0.71875,0.7265625,
0.734375,0.73828125,0.7421875,0.74609375,0.748046875,0.7490234375,0.75,
0.7509765625,0.751953125,0.75390625,0.7578125,0.765625,0.7734375,0.78125,
0.7890625,0.79296875,0.796875,0.80078125,0.802734375,0.8046875,0.806640625,
0.80859375,0.8095703125,0.810546875,0.81103515625,0.8115234375,0.81201171875,
0.812255859375,0.8125,0.812744140625,0.81298828125,0.8134765625,0.81396484375,
0.814453125,0.8154296875,0.81640625,0.818359375,0.8203125,0.822265625,0.82421875,
0.828125,0.83203125,0.8359375,0.84375,0.8515625,0.859375,0.86328125,0.8671875,
0.869140625,0.87109375,0.873046875,0.8740234375,0.87451171875,0.875,0.87548828125,
0.8759765625,0.876953125,0.87890625,0.880859375,0.8828125,0.88671875,0.890625,
0.8984375,0.90625,0.9140625,0.921875,0.92578125,0.9296875,0.93359375,0.935546875,
0.9365234375,0.9375,0.9384765625,0.939453125,0.94140625,0.9453125,0.94921875,
0.953125,0.95703125,0.9609375,0.96484375,0.966796875,0.96875,0.970703125,
0.97265625,0.9765625,0.98046875,0.984375,0.986328125,0.98828125,0.9892578125,
0.98974609375,0.990234375,0.9912109375,0.9921875,0.99609375,1.),
 .UNSPECIFIED.);
#48=B_SPLINE_CURVE_WITH_KNOTS('',3,(#4117,#4118,#4119,#4120,#4121,#4122,
#4123,#4124,#4125,#4126,#4127,#4128,#4129,#4130,#4131,#4132,#4133,#4134,
#4135,#4136,#4137,#4138,#4139,#4140,#4141,#4142,#4143,#4144,#4145,#4146,
#4147,#4148,#4149,#4150,#4151,#4152,#4153,#4154,#4155,#4156,#4157,#4158,
#4159,#4160,#4161,#4162,#4163,#4164,#4165,#4166,#4167,#4168,#4169,#4170,
#4171,#4172,#4173,#4174,#4175,#4176,#4177,#4178,#4179,#4180,#4181,#4182,
#4183,#4184,#4185,#4186,#4187,#4188,#4189,#4190,#4191,#4192,#4193,#4194,
#4195,#4196,#4197,#4198,#4199,#4200,#4201,#4202,#4203,#4204,#4205,#4206,
#4207,#4208,#4209,#4210,#4211,#4212,#4213,#4214,#4215,#4216,#4217,#4218,
#4219,#4220,#4221,#4222,#4223,#4224,#4225,#4226,#4227,#4228,#4229,#4230,
#4231,#4232,#4233,#4234,#4235,#4236,#4237,#4238,#4239,#4240,#4241,#4242,
#4243,#4244,#4245,#4246,#4247,#4248,#4249,#4250,#4251,#4252,#4253,#4254,
#4255,#4256,#4257,#4258,#4259,#4260,#4261,#4262,#4263,#4264,#4265,#4266,
#4267,#4268,#4269,#4270,#4271,#4272,#4273,#4274,#4275,#4276,#4277,#4278,
#4279,#4280,#4281,#4282,#4283,#4284,#4285,#4286,#4287,#4288,#4289,#4290,
#4291,#4292,#4293,#4294,#4295,#4296,#4297,#4298,#4299,#4300,#4301,#4302,
#4303,#4304,#4305,#4306,#4307,#4308),.UNSPECIFIED.,.F.,.F.,(4,1,1,1,1,1,
1,1,1,1,1,1,1,1,1,1,1,1,1,1,1,1,1,1,1,1,1,1,1,1,1,1,1,1,1,1,1,1,1,1,1,1,
1,1,1,1,1,1,1,1,1,1,1,1,1,1,1,1,1,1,1,1,1,1,1,1,1,1,1,1,1,1,1,1,1,1,1,1,
1,1,1,1,1,1,1,1,1,1,1,1,1,1,1,1,1,1,1,1,1,1,1,1,1,1,1,1,1,1,1,1,1,1,1,1,
1,1,1,1,1,1,1,1,1,1,1,1,1,1,1,1,1,1,1,1,1,1,1,1,1,1,1,1,1,1,1,1,1,1,1,1,
1,1,1,1,1,1,1,1,1,1,1,1,1,1,1,1,1,1,1,1,1,1,1,1,1,1,1,1,1,1,1,1,1,1,1,1,
1,1,1,4),(0.,0.00390624913219953,0.00585937369829929,0.00781249826439906,
0.008300779405924,0.00878906054744894,0.00976562283049882,0.0107421851135487,
0.0117187473965986,0.0156249965287981,0.0195312456609976,0.0234374947931972,
0.0273437439253967,0.0312499930575962,0.033203117623696,0.0351562421897958,
0.0361328044728456,0.0371093667558955,0.0390624913219953,0.0429687404541948,
0.0468749895863943,0.0546874878507934,0.0624999861151925,0.066406235247392,
0.0703124843795915,0.0722656089456913,0.074218733511791,0.0781249826439906,
0.0859374809083896,0.0937499791727887,0.101562477437188,0.109374975701587,
0.113281224833786,0.117187473965986,0.121093723098185,0.123046847664285,
0.124999972230385,0.126953096796485,0.128906221362584,0.132812470494784,
0.136718719626984,0.140624968759183,0.148437467023582,0.156249965287981,
0.171874961816779,0.187499958345577,0.203124954874376,0.218749951403174,
0.226562449667573,0.234374947931972,0.242187446196371,0.24609369532857,
0.24804681989467,0.24999994446077,0.25195306902687,0.253906193592969,0.257812442725169,
0.265624940989568,0.273437439253967,0.281249937518366,0.296874934047164,
0.312499930575962,0.320312428840361,0.32812492710476,0.343749923633559,
0.359374920162357,0.367187418426756,0.371093667558955,0.374999916691155,
0.378906165823354,0.382812414955554,0.390624913219953,0.406249909748751,
0.41406240801315,0.421874906277549,0.429687404541948,0.433593653674148,
0.435546778240247,0.437499902806347,0.439453027372447,0.441406151938547,
0.445312401070746,0.453124899335145,0.460937397599544,0.468749895863943,
0.476562394128343,0.484374892392742,0.488281141524941,0.492187390657141,
0.49609363978934,0.49804676435544,0.49902332663849,0.49999988892154,0.50097645120459,
0.50195301348764,0.503906138053739,0.507812387185939,0.511718636318138,
0.515624885450338,0.523437383714737,0.531249881979136,0.546874878507934,
0.562499875036732,0.57812487156553,0.585937369829929,0.593749868094328,
0.601562366358728,0.609374864623127,0.613281113755326,0.617187362887526,
0.621093612019725,0.623046736585825,0.624023298868875,0.624999861151925,
0.625976423434975,0.626952985718024,0.628906110284124,0.632812359416324,
0.636718608548523,0.640624857680723,0.648437355945122,0.656249854209521,
0.66406235247392,0.671874850738319,0.675781099870518,0.679687349002718,
0.683593598134917,0.685546722701017,0.686523284984067,0.687499847267117,
0.688476409550167,0.689452971833217,0.691406096399317,0.695312345531516,
0.699218594663716,0.703124843795915,0.710937342060314,0.718749840324713,
0.726562338589112,0.734374836853511,0.738281085985711,0.74218733511791,
0.74414045968401,0.74609358425011,0.74804670881621,0.74902327109926,0.749511552240785,
0.74999983338231,0.750488114523834,0.750976395665359,0.751952957948409,
0.753906082514509,0.755859207080609,0.757812331646709,0.761718580778908,
0.765624829911108,0.773437328175507,0.781249826439906,0.789062324704305,
0.796874822968704,0.812499819497502,0.8281248160263,0.835937314290699,0.843749812555098,
0.851562310819497,0.859374809083896,0.863281058216096,0.867187307348295,
0.869140431914395,0.871093556480495,0.873046681046595,0.874023243329645,
0.87451152447117,0.874999805612695,0.875488086754219,0.875976367895744,
0.876952930178794,0.878906054744894,0.880859179310994,0.882812303877094,
0.886718553009293,0.890624802141493,0.898437300405892,0.906249798670291,
0.91406229693469,0.921874795199089,0.937499791727887,0.953124788256685,
0.968749784785483,0.999999777843079),.UNSPECIFIED.);
#49=B_SPLINE_CURVE_WITH_KNOTS('',3,(#4312,#4313,#4314,#4315,#4316,#4317,
#4318,#4319,#4320,#4321,#4322,#4323,#4324,#4325,#4326,#4327,#4328,#4329,
#4330,#4331,#4332,#4333,#4334,#4335,#4336,#4337,#4338,#4339,#4340,#4341,
#4342,#4343,#4344,#4345,#4346,#4347,#4348,#4349,#4350,#4351,#4352,#4353,
#4354,#4355,#4356,#4357,#4358,#4359,#4360,#4361,#4362,#4363,#4364,#4365,
#4366,#4367,#4368,#4369,#4370,#4371,#4372,#4373,#4374,#4375,#4376,#4377,
#4378,#4379,#4380,#4381,#4382,#4383,#4384,#4385,#4386,#4387,#4388,#4389,
#4390,#4391,#4392,#4393,#4394,#4395,#4396,#4397,#4398,#4399,#4400,#4401,
#4402,#4403,#4404,#4405,#4406,#4407,#4408,#4409,#4410,#4411,#4412,#4413,
#4414,#4415,#4416,#4417,#4418,#4419,#4420,#4421,#4422,#4423,#4424,#4425,
#4426,#4427,#4428,#4429,#4430,#4431,#4432,#4433,#4434,#4435,#4436,#4437,
#4438,#4439,#4440,#4441,#4442,#4443,#4444,#4445,#4446,#4447,#4448,#4449,
#4450,#4451,#4452,#4453,#4454,#4455,#4456,#4457,#4458,#4459,#4460),
 .UNSPECIFIED.,.F.,.F.,(4,1,1,1,1,1,1,1,1,1,1,1,1,1,1,1,1,1,1,1,1,1,1,1,
1,1,1,1,1,1,1,1,1,1,1,1,1,1,1,1,1,1,1,1,1,1,1,1,1,1,1,1,1,1,1,1,1,1,1,1,
1,1,1,1,1,1,1,1,1,1,1,1,1,1,1,1,1,1,1,1,1,1,1,1,1,1,1,1,1,1,1,1,1,1,1,1,
1,1,1,1,1,1,1,1,1,1,1,1,1,1,1,1,1,1,1,1,1,1,1,1,1,1,1,1,1,1,1,1,1,1,1,1,
1,1,1,1,1,1,1,1,1,1,1,1,1,1,4),(0.,0.00390625,0.0078125,0.01171875,0.013671875,
0.0146484375,0.015625,0.0166015625,0.01708984375,0.017578125,0.017822265625,
0.01806640625,0.0185546875,0.01953125,0.021484375,0.0234375,0.025390625,
0.02734375,0.029296875,0.03125,0.033203125,0.03515625,0.0390625,0.046875,
0.0546875,0.05859375,0.060546875,0.0625,0.064453125,0.06640625,0.0703125,
0.078125,0.0859375,0.09375,0.1015625,0.109375,0.1171875,0.12109375,0.123046875,
0.125,0.126953125,0.12890625,0.1328125,0.140625,0.1484375,0.15625,0.171875,
0.1875,0.203125,0.21875,0.234375,0.2421875,0.25,0.2578125,0.265625,0.28125,
0.3125,0.328125,0.34375,0.359375,0.3671875,0.37109375,0.375,0.37890625,
0.3828125,0.390625,0.40625,0.421875,0.4375,0.46875,0.484375,0.4921875,0.5,
0.5078125,0.515625,0.53125,0.5625,0.578125,0.59375,0.609375,0.6171875,0.625,
0.6328125,0.640625,0.65625,0.671875,0.6796875,0.68359375,0.6875,0.69140625,
0.6953125,0.703125,0.71875,0.7265625,0.734375,0.73828125,0.7421875,0.74609375,
0.748046875,0.7490234375,0.75,0.7509765625,0.751953125,0.75390625,0.7578125,
0.76171875,0.765625,0.7734375,0.78125,0.796875,0.8125,0.828125,0.84375,
0.8515625,0.859375,0.86328125,0.8671875,0.87109375,0.873046875,0.8740234375,
0.875,0.8759765625,0.876953125,0.87890625,0.8828125,0.88671875,0.890625,
0.8984375,0.90625,0.9140625,0.921875,0.92578125,0.9296875,0.93359375,0.935546875,
0.9365234375,0.9375,0.9384765625,0.939453125,0.94140625,0.9453125,0.94921875,
0.953125,0.9609375,0.96875,0.984375,1.),.UNSPECIFIED.);
#50=B_SPLINE_CURVE_WITH_KNOTS('',3,(#4462,#4463,#4464,#4465,#4466,#4467,
#4468,#4469,#4470,#4471,#4472,#4473,#4474,#4475,#4476,#4477,#4478,#4479,
#4480),.UNSPECIFIED.,.F.,.F.,(4,1,1,1,1,1,1,1,1,1,1,1,1,1,1,1,4),(0.,0.125,
0.1875,0.21875,0.25,0.28125,0.3125,0.375,0.5,0.625,0.6875,0.71875,0.75,
0.78125,0.8125,0.875,1.),.UNSPECIFIED.);
#51=B_SPLINE_CURVE_WITH_KNOTS('',3,(#4481,#4482,#4483,#4484,#4485,#4486,
#4487,#4488,#4489,#4490,#4491,#4492,#4493,#4494,#4495,#4496,#4497,#4498,
#4499),.UNSPECIFIED.,.F.,.F.,(4,1,1,1,1,1,1,1,1,1,1,1,1,1,1,1,4),(0.,0.125,
0.1875,0.21875,0.25,0.28125,0.3125,0.375,0.5,0.625,0.6875,0.71875,0.75,
0.78125,0.8125,0.875,1.),.UNSPECIFIED.);
#52=B_SPLINE_CURVE_WITH_KNOTS('',3,(#4500,#4501,#4502,#4503,#4504,#4505,
#4506,#4507,#4508,#4509,#4510,#4511,#4512,#4513,#4514,#4515,#4516,#4517,
#4518),.UNSPECIFIED.,.F.,.F.,(4,1,1,1,1,1,1,1,1,1,1,1,1,1,1,1,4),(0.,0.125,
0.1875,0.21875,0.25,0.28125,0.3125,0.375,0.5,0.625,0.6875,0.71875,0.75,
0.78125,0.8125,0.875,1.),.UNSPECIFIED.);
#53=B_SPLINE_CURVE_WITH_KNOTS('',3,(#4519,#4520,#4521,#4522,#4523,#4524,
#4525,#4526,#4527,#4528,#4529,#4530,#4531,#4532,#4533),.UNSPECIFIED.,.F.,
 .F.,(4,1,1,1,1,1,1,1,1,1,1,1,4),(0.,0.125,0.1875,0.25,0.3125,0.375,0.5,
0.625,0.6875,0.75,0.8125,0.875,1.),.UNSPECIFIED.);
#54=B_SPLINE_CURVE_WITH_KNOTS('',3,(#4690,#4691,#4692,#4693),
 .UNSPECIFIED.,.F.,.F.,(4,4),(0.,1.),.UNSPECIFIED.);
#55=B_SPLINE_CURVE_WITH_KNOTS('',3,(#4850,#4851,#4852,#4853),
 .UNSPECIFIED.,.F.,.F.,(4,4),(0.,1.),.UNSPECIFIED.);
#56=B_SPLINE_CURVE_WITH_KNOTS('',3,(#4950,#4951,#4952,#4953),
 .UNSPECIFIED.,.F.,.F.,(4,4),(0.,1.),.UNSPECIFIED.);
#57=B_SPLINE_CURVE_WITH_KNOTS('',3,(#5104,#5105,#5106,#5107),
 .UNSPECIFIED.,.F.,.F.,(4,4),(0.,1.),.UNSPECIFIED.);
#58=B_SPLINE_CURVE_WITH_KNOTS('',3,(#5204,#5205,#5206,#5207),
 .UNSPECIFIED.,.F.,.F.,(4,4),(0.,1.),.UNSPECIFIED.);
#59=B_SPLINE_CURVE_WITH_KNOTS('',3,(#5334,#5335,#5336,#5337,#5338,#5339,
#5340,#5341,#5342,#5343,#5344,#5345,#5346,#5347,#5348,#5349,#5350,#5351,
#5352,#5353,#5354,#5355),.UNSPECIFIED.,.F.,.F.,(4,1,1,1,1,1,1,1,1,1,1,1,
1,1,1,1,1,1,1,4),(0.,0.0625,0.125,0.1875,0.25,0.375,0.5,0.5625,0.625,0.65625,
0.6875,0.75,0.8125,0.84375,0.875,0.90625,0.9375,0.96875,0.984375,1.),
 .UNSPECIFIED.);
#60=B_SPLINE_CURVE_WITH_KNOTS('',3,(#5357,#5358,#5359,#5360,#5361,#5362,
#5363,#5364,#5365,#5366,#5367,#5368,#5369,#5370,#5371,#5372,#5373,#5374,
#5375,#5376,#5377,#5378,#5379,#5380,#5381,#5382,#5383,#5384,#5385,#5386,
#5387,#5388,#5389,#5390,#5391,#5392,#5393,#5394,#5395,#5396,#5397,#5398,
#5399,#5400,#5401,#5402,#5403,#5404,#5405,#5406,#5407,#5408,#5409,#5410,
#5411,#5412,#5413,#5414,#5415,#5416,#5417,#5418,#5419,#5420,#5421,#5422,
#5423,#5424,#5425,#5426,#5427,#5428,#5429,#5430,#5431,#5432,#5433,#5434,
#5435,#5436,#5437,#5438,#5439,#5440,#5441,#5442,#5443,#5444,#5445,#5446,
#5447,#5448,#5449,#5450,#5451,#5452,#5453,#5454,#5455,#5456,#5457,#5458,
#5459,#5460,#5461,#5462,#5463,#5464,#5465,#5466,#5467,#5468,#5469,#5470,
#5471,#5472,#5473,#5474,#5475,#5476,#5477,#5478,#5479,#5480,#5481,#5482,
#5483),.UNSPECIFIED.,.F.,.F.,(4,1,1,1,1,1,1,1,1,1,1,1,1,1,1,1,1,1,1,1,1,
1,1,1,1,1,1,1,1,1,1,1,1,1,1,1,1,1,1,1,1,1,1,1,1,1,1,1,1,1,1,1,1,1,1,1,1,
1,1,1,1,1,1,1,1,1,1,1,1,1,1,1,1,1,1,1,1,1,1,1,1,1,1,1,1,1,1,1,1,1,1,1,1,
1,1,1,1,1,1,1,1,1,1,1,1,1,1,1,1,1,1,1,1,1,1,1,1,1,1,1,1,1,1,1,4),(0.,0.03125,
0.0625,0.09375,0.125,0.15625,0.171875,0.1875,0.203125,0.2109375,0.21875,
0.2265625,0.234375,0.23828125,0.2421875,0.244140625,0.24609375,0.248046875,
0.2490234375,0.24951171875,0.25,0.25048828125,0.2509765625,0.251953125,
0.25390625,0.255859375,0.2578125,0.26171875,0.265625,0.2734375,0.28125,
0.2890625,0.296875,0.3125,0.328125,0.34375,0.375,0.40625,0.421875,0.4375,
0.453125,0.4609375,0.46875,0.4765625,0.484375,0.48828125,0.4921875,0.494140625,
0.49609375,0.498046875,0.4990234375,0.49951171875,0.5,0.50048828125,0.5009765625,
0.501953125,0.50390625,0.505859375,0.5078125,0.51171875,0.515625,0.5234375,
0.53125,0.5390625,0.546875,0.5625,0.578125,0.59375,0.6015625,0.609375,0.61328125,
0.6171875,0.62109375,0.623046875,0.6240234375,0.625,0.6259765625,0.626953125,
0.62890625,0.6328125,0.63671875,0.640625,0.6484375,0.65625,0.671875,0.6875,
0.703125,0.71875,0.7265625,0.734375,0.7421875,0.74609375,0.748046875,0.75,
0.751953125,0.75390625,0.7578125,0.765625,0.7734375,0.78125,0.796875,0.8125,
0.828125,0.84375,0.8515625,0.859375,0.86328125,0.8671875,0.87109375,0.873046875,
0.8740234375,0.875,0.8759765625,0.876953125,0.87890625,0.8828125,0.88671875,
0.890625,0.8984375,0.90625,0.921875,0.9375,0.953125,0.96875,1.),
 .UNSPECIFIED.);
#61=B_SPLINE_CURVE_WITH_KNOTS('',3,(#5492,#5493,#5494,#5495),
 .UNSPECIFIED.,.F.,.F.,(4,4),(0.,1.),.UNSPECIFIED.);
#62=B_SPLINE_CURVE_WITH_KNOTS('',3,(#5652,#5653,#5654,#5655),
 .UNSPECIFIED.,.F.,.F.,(4,4),(0.,1.),.UNSPECIFIED.);
#63=B_SPLINE_CURVE_WITH_KNOTS('',3,(#5782,#5783,#5784,#5785),
 .UNSPECIFIED.,.F.,.F.,(4,4),(0.,1.),.UNSPECIFIED.);
#64=B_SPLINE_CURVE_WITH_KNOTS('',3,(#5787,#5788,#5789,#5790,#5791,#5792,
#5793,#5794,#5795,#5796,#5797,#5798,#5799,#5800,#5801,#5802,#5803,#5804,
#5805,#5806,#5807,#5808,#5809,#5810,#5811,#5812,#5813,#5814,#5815,#5816,
#5817,#5818,#5819,#5820,#5821,#5822,#5823,#5824,#5825,#5826,#5827,#5828,
#5829,#5830,#5831,#5832,#5833,#5834,#5835,#5836,#5837,#5838,#5839,#5840,
#5841,#5842,#5843,#5844,#5845,#5846,#5847,#5848,#5849,#5850,#5851,#5852,
#5853,#5854,#5855,#5856,#5857,#5858,#5859,#5860,#5861,#5862,#5863,#5864,
#5865,#5866,#5867,#5868,#5869,#5870,#5871,#5872,#5873,#5874,#5875,#5876,
#5877,#5878,#5879,#5880,#5881,#5882,#5883,#5884,#5885,#5886,#5887,#5888,
#5889,#5890,#5891,#5892,#5893,#5894,#5895,#5896,#5897,#5898,#5899,#5900,
#5901,#5902,#5903,#5904,#5905,#5906,#5907,#5908,#5909,#5910,#5911,#5912,
#5913),.UNSPECIFIED.,.F.,.F.,(4,1,1,1,1,1,1,1,1,1,1,1,1,1,1,1,1,1,1,1,1,
1,1,1,1,1,1,1,1,1,1,1,1,1,1,1,1,1,1,1,1,1,1,1,1,1,1,1,1,1,1,1,1,1,1,1,1,
1,1,1,1,1,1,1,1,1,1,1,1,1,1,1,1,1,1,1,1,1,1,1,1,1,1,1,1,1,1,1,1,1,1,1,1,
1,1,1,1,1,1,1,1,1,1,1,1,1,1,1,1,1,1,1,1,1,1,1,1,1,1,1,1,1,1,1,4),(0.,0.03125,
0.046875,0.0625,0.078125,0.09375,0.1015625,0.109375,0.11328125,0.1171875,
0.12109375,0.123046875,0.1240234375,0.125,0.1259765625,0.126953125,0.12890625,
0.1328125,0.13671875,0.140625,0.1484375,0.15625,0.171875,0.1875,0.203125,
0.21875,0.2265625,0.234375,0.2421875,0.24609375,0.248046875,0.25,0.251953125,
0.25390625,0.2578125,0.265625,0.2734375,0.28125,0.296875,0.3125,0.328125,
0.34375,0.3515625,0.359375,0.36328125,0.3671875,0.37109375,0.373046875,
0.3740234375,0.375,0.3759765625,0.376953125,0.37890625,0.3828125,0.38671875,
0.390625,0.3984375,0.40625,0.421875,0.4375,0.453125,0.4609375,0.46875,0.4765625,
0.484375,0.48828125,0.4921875,0.494140625,0.49609375,0.498046875,0.4990234375,
0.49951171875,0.5,0.50048828125,0.5009765625,0.501953125,0.50390625,0.505859375,
0.5078125,0.51171875,0.515625,0.5234375,0.53125,0.5390625,0.546875,0.5625,
0.578125,0.59375,0.625,0.65625,0.671875,0.6875,0.703125,0.7109375,0.71875,
0.7265625,0.734375,0.73828125,0.7421875,0.744140625,0.74609375,0.748046875,
0.7490234375,0.74951171875,0.75,0.75048828125,0.7509765625,0.751953125,
0.75390625,0.755859375,0.7578125,0.76171875,0.765625,0.7734375,0.78125,
0.7890625,0.796875,0.8125,0.828125,0.84375,0.875,0.90625,0.9375,0.96875,
1.),.UNSPECIFIED.);
#65=B_SPLINE_CURVE_WITH_KNOTS('',3,(#7058,#7059,#7060,#7061,#7062,#7063,
#7064,#7065,#7066,#7067,#7068,#7069,#7070,#7071,#7072,#7073,#7074,#7075,
#7076,#7077,#7078,#7079,#7080,#7081,#7082,#7083,#7084,#7085),
 .UNSPECIFIED.,.F.,.F.,(4,1,1,1,1,1,1,1,1,1,1,1,1,1,1,1,1,1,1,1,1,1,1,1,
1,4),(0.,0.0625,0.125,0.15625,0.1875,0.25,0.3125,0.34375,0.359375,0.375,
0.40625,0.4375,0.46875,0.5,0.515625,0.53125,0.5625,0.625,0.65625,0.671875,
0.6875,0.71875,0.75,0.8125,0.875,1.),.UNSPECIFIED.);
#66=B_SPLINE_CURVE_WITH_KNOTS('',3,(#7087,#7088,#7089,#7090,#7091,#7092,
#7093,#7094,#7095,#7096,#7097),.UNSPECIFIED.,.F.,.F.,(4,1,1,1,1,1,1,1,4),
(0.,0.125,0.25,0.375,0.5,0.625,0.75,0.875,1.),.UNSPECIFIED.);
#67=B_SPLINE_CURVE_WITH_KNOTS('',3,(#7099,#7100,#7101,#7102),
 .UNSPECIFIED.,.F.,.F.,(4,4),(0.,1.),.UNSPECIFIED.);
#68=B_SPLINE_CURVE_WITH_KNOTS('',3,(#7229,#7230,#7231,#7232,#7233,#7234,
#7235,#7236,#7237,#7238,#7239,#7240,#7241,#7242,#7243,#7244,#7245,#7246,
#7247,#7248,#7249),.UNSPECIFIED.,.F.,.F.,(4,1,1,1,1,1,1,1,1,1,1,1,1,1,1,
1,1,1,4),(0.,0.015625,0.03125,0.0625,0.09375,0.125,0.15625,0.1875,0.25,
0.3125,0.34375,0.375,0.4375,0.5,0.5625,0.625,0.75,0.875,1.),
 .UNSPECIFIED.);
#69=B_SPLINE_CURVE_WITH_KNOTS('',3,(#7346,#7347,#7348,#7349),
 .UNSPECIFIED.,.F.,.F.,(4,4),(0.,1.),.UNSPECIFIED.);
#70=B_SPLINE_CURVE_WITH_KNOTS('',3,(#8494,#8495,#8496,#8497,#8498,#8499,
#8500,#8501,#8502,#8503,#8504,#8505,#8506,#8507,#8508,#8509,#8510,#8511,
#8512,#8513,#8514,#8515,#8516,#8517,#8518,#8519,#8520,#8521),
 .UNSPECIFIED.,.F.,.F.,(4,1,1,1,1,1,1,1,1,1,1,1,1,1,1,1,1,1,1,1,1,1,1,1,
1,4),(0.,0.125,0.1875,0.25,0.28125,0.3125,0.328125,0.34375,0.375,0.4375,
0.46875,0.484375,0.5,0.53125,0.5625,0.59375,0.625,0.640625,0.65625,0.6875,
0.75,0.8125,0.84375,0.875,0.9375,1.),.UNSPECIFIED.);
#71=ORIENTED_EDGE('',*,*,#169,.F.);
#72=ORIENTED_EDGE('',*,*,#170,.T.);
#73=ORIENTED_EDGE('',*,*,#171,.T.);
#74=ORIENTED_EDGE('',*,*,#172,.T.);
#75=ORIENTED_EDGE('',*,*,#173,.T.);
#76=ORIENTED_EDGE('',*,*,#174,.T.);
#77=ORIENTED_EDGE('',*,*,#175,.T.);
#78=ORIENTED_EDGE('',*,*,#176,.T.);
#79=ORIENTED_EDGE('',*,*,#177,.T.);
#80=ORIENTED_EDGE('',*,*,#178,.T.);
#81=ORIENTED_EDGE('',*,*,#179,.T.);
#82=ORIENTED_EDGE('',*,*,#180,.T.);
#83=ORIENTED_EDGE('',*,*,#181,.T.);
#84=ORIENTED_EDGE('',*,*,#182,.F.);
#85=ORIENTED_EDGE('',*,*,#183,.T.);
#86=ORIENTED_EDGE('',*,*,#184,.T.);
#87=ORIENTED_EDGE('',*,*,#185,.F.);
#88=ORIENTED_EDGE('',*,*,#186,.T.);
#89=ORIENTED_EDGE('',*,*,#169,.T.);
#90=ORIENTED_EDGE('',*,*,#187,.T.);
#91=ORIENTED_EDGE('',*,*,#188,.F.);
#92=ORIENTED_EDGE('',*,*,#189,.T.);
#93=ORIENTED_EDGE('',*,*,#175,.F.);
#94=ORIENTED_EDGE('',*,*,#190,.T.);
#95=ORIENTED_EDGE('',*,*,#174,.F.);
#96=ORIENTED_EDGE('',*,*,#191,.T.);
#97=ORIENTED_EDGE('',*,*,#192,.F.);
#98=ORIENTED_EDGE('',*,*,#193,.T.);
#99=ORIENTED_EDGE('',*,*,#182,.T.);
#100=ORIENTED_EDGE('',*,*,#194,.T.);
#101=ORIENTED_EDGE('',*,*,#195,.F.);
#102=ORIENTED_EDGE('',*,*,#196,.T.);
#103=ORIENTED_EDGE('',*,*,#192,.T.);
#104=ORIENTED_EDGE('',*,*,#197,.T.);
#105=ORIENTED_EDGE('',*,*,#188,.T.);
#106=ORIENTED_EDGE('',*,*,#198,.T.);
#107=ORIENTED_EDGE('',*,*,#185,.T.);
#108=ORIENTED_EDGE('',*,*,#199,.T.);
#109=ORIENTED_EDGE('',*,*,#195,.T.);
#110=ORIENTED_EDGE('',*,*,#200,.T.);
#111=ORIENTED_EDGE('',*,*,#199,.F.);
#112=ORIENTED_EDGE('',*,*,#187,.F.);
#113=ORIENTED_EDGE('',*,*,#201,.F.);
#114=ORIENTED_EDGE('',*,*,#196,.F.);
#115=ORIENTED_EDGE('',*,*,#198,.F.);
#116=ORIENTED_EDGE('',*,*,#190,.F.);
#117=ORIENTED_EDGE('',*,*,#202,.F.);
#118=ORIENTED_EDGE('',*,*,#186,.F.);
#119=ORIENTED_EDGE('',*,*,#201,.T.);
#120=ORIENTED_EDGE('',*,*,#171,.F.);
#121=ORIENTED_EDGE('',*,*,#203,.F.);
#122=ORIENTED_EDGE('',*,*,#183,.F.);
#123=ORIENTED_EDGE('',*,*,#200,.F.);
#124=ORIENTED_EDGE('',*,*,#194,.F.);
#125=ORIENTED_EDGE('',*,*,#204,.F.);
#126=ORIENTED_EDGE('',*,*,#193,.F.);
#127=ORIENTED_EDGE('',*,*,#202,.T.);
#128=ORIENTED_EDGE('',*,*,#179,.F.);
#129=ORIENTED_EDGE('',*,*,#205,.F.);
#130=ORIENTED_EDGE('',*,*,#170,.F.);
#131=ORIENTED_EDGE('',*,*,#184,.F.);
#132=ORIENTED_EDGE('',*,*,#203,.T.);
#133=ORIENTED_EDGE('',*,*,#206,.F.);
#134=ORIENTED_EDGE('',*,*,#207,.F.);
#135=ORIENTED_EDGE('',*,*,#204,.T.);
#136=ORIENTED_EDGE('',*,*,#181,.F.);
#137=ORIENTED_EDGE('',*,*,#208,.F.);
#138=ORIENTED_EDGE('',*,*,#172,.F.);
#139=ORIENTED_EDGE('',*,*,#197,.F.);
#140=ORIENTED_EDGE('',*,*,#191,.F.);
#141=ORIENTED_EDGE('',*,*,#209,.F.);
#142=ORIENTED_EDGE('',*,*,#189,.F.);
#143=ORIENTED_EDGE('',*,*,#210,.F.);
#144=ORIENTED_EDGE('',*,*,#206,.T.);
#145=ORIENTED_EDGE('',*,*,#205,.T.);
#146=ORIENTED_EDGE('',*,*,#178,.F.);
#147=ORIENTED_EDGE('',*,*,#211,.F.);
#148=ORIENTED_EDGE('',*,*,#212,.F.);
#149=ORIENTED_EDGE('',*,*,#207,.T.);
#150=ORIENTED_EDGE('',*,*,#210,.T.);
#151=ORIENTED_EDGE('',*,*,#213,.F.);
#152=ORIENTED_EDGE('',*,*,#214,.F.);
#153=ORIENTED_EDGE('',*,*,#180,.F.);
#154=ORIENTED_EDGE('',*,*,#212,.T.);
#155=ORIENTED_EDGE('',*,*,#215,.F.);
#156=ORIENTED_EDGE('',*,*,#208,.T.);
#157=ORIENTED_EDGE('',*,*,#209,.T.);
#158=ORIENTED_EDGE('',*,*,#173,.F.);
#159=ORIENTED_EDGE('',*,*,#216,.F.);
#160=ORIENTED_EDGE('',*,*,#176,.F.);
#161=ORIENTED_EDGE('',*,*,#213,.T.);
#162=ORIENTED_EDGE('',*,*,#211,.T.);
#163=ORIENTED_EDGE('',*,*,#217,.F.);
#164=ORIENTED_EDGE('',*,*,#215,.T.);
#165=ORIENTED_EDGE('',*,*,#214,.T.);
#166=ORIENTED_EDGE('',*,*,#217,.T.);
#167=ORIENTED_EDGE('',*,*,#177,.F.);
#168=ORIENTED_EDGE('',*,*,#216,.T.);
#169=EDGE_CURVE('',#218,#219,#246,.T.);
#170=EDGE_CURVE('',#218,#220,#30,.T.);
#171=EDGE_CURVE('',#220,#219,#31,.T.);
#172=EDGE_CURVE('',#221,#222,#32,.T.);
#173=EDGE_CURVE('',#222,#223,#33,.T.);
#174=EDGE_CURVE('',#223,#221,#247,.T.);
#175=EDGE_CURVE('',#224,#225,#248,.T.);
#176=EDGE_CURVE('',#225,#226,#34,.T.);
#177=EDGE_CURVE('',#226,#227,#35,.T.);
#178=EDGE_CURVE('',#227,#228,#36,.T.);
#179=EDGE_CURVE('',#228,#224,#37,.T.);
#180=EDGE_CURVE('',#229,#230,#38,.T.);
#181=EDGE_CURVE('',#230,#231,#39,.T.);
#182=EDGE_CURVE('',#232,#231,#249,.T.);
#183=EDGE_CURVE('',#232,#233,#40,.T.);
#184=EDGE_CURVE('',#233,#229,#41,.T.);
#185=EDGE_CURVE('',#234,#235,#250,.F.);
#186=EDGE_CURVE('',#234,#218,#42,.T.);
#187=EDGE_CURVE('',#219,#235,#43,.T.);
#188=EDGE_CURVE('',#236,#237,#251,.T.);
#189=EDGE_CURVE('',#236,#225,#44,.T.);
#190=EDGE_CURVE('',#224,#237,#45,.T.);
#191=EDGE_CURVE('',#223,#238,#46,.T.);
#192=EDGE_CURVE('',#239,#238,#252,.T.);
#193=EDGE_CURVE('',#239,#221,#47,.T.);
#194=EDGE_CURVE('',#231,#240,#48,.T.);
#195=EDGE_CURVE('',#241,#240,#253,.F.);
#196=EDGE_CURVE('',#241,#232,#49,.T.);
#197=EDGE_CURVE('',#238,#236,#50,.T.);
#198=EDGE_CURVE('',#237,#234,#51,.T.);
#199=EDGE_CURVE('',#235,#241,#52,.T.);
#200=EDGE_CURVE('',#240,#239,#53,.T.);
#201=EDGE_CURVE('',#232,#219,#54,.F.);
#202=EDGE_CURVE('',#218,#224,#55,.F.);
#203=EDGE_CURVE('',#233,#220,#56,.F.);
#204=EDGE_CURVE('',#221,#231,#57,.T.);
#205=EDGE_CURVE('',#220,#228,#58,.F.);
#206=EDGE_CURVE('',#242,#220,#59,.F.);
#207=EDGE_CURVE('',#229,#242,#60,.F.);
#208=EDGE_CURVE('',#222,#230,#61,.F.);
#209=EDGE_CURVE('',#225,#223,#62,.F.);
#210=EDGE_CURVE('',#242,#243,#63,.F.);
#211=EDGE_CURVE('',#243,#227,#64,.F.);
#212=EDGE_CURVE('',#229,#244,#65,.F.);
#213=EDGE_CURVE('',#245,#243,#66,.F.);
#214=EDGE_CURVE('',#244,#245,#67,.F.);
#215=EDGE_CURVE('',#222,#244,#68,.F.);
#216=EDGE_CURVE('',#226,#222,#69,.F.);
#217=EDGE_CURVE('',#245,#227,#70,.F.);
#218=VERTEX_POINT('',#377);
#219=VERTEX_POINT('',#378);
#220=VERTEX_POINT('',#509);
#221=VERTEX_POINT('',#640);
#222=VERTEX_POINT('',#641);
#223=VERTEX_POINT('',#767);
#224=VERTEX_POINT('',#771);
#225=VERTEX_POINT('',#772);
#226=VERTEX_POINT('',#903);
#227=VERTEX_POINT('',#1018);
#228=VERTEX_POINT('',#1132);
#229=VERTEX_POINT('',#1373);
#230=VERTEX_POINT('',#1374);
#231=VERTEX_POINT('',#1379);
#232=VERTEX_POINT('',#1381);
#233=VERTEX_POINT('',#1512);
#234=VERTEX_POINT('',#1715);
#235=VERTEX_POINT('',#1716);
#236=VERTEX_POINT('',#2743);
#237=VERTEX_POINT('',#2744);
#238=VERTEX_POINT('',#3510);
#239=VERTEX_POINT('',#3512);
#240=VERTEX_POINT('',#4309);
#241=VERTEX_POINT('',#4311);
#242=VERTEX_POINT('',#5356);
#243=VERTEX_POINT('',#5786);
#244=VERTEX_POINT('',#7086);
#245=VERTEX_POINT('',#7098);
#246=LINE('',#376,#254);
#247=LINE('',#768,#255);
#248=LINE('',#770,#256);
#249=LINE('',#1380,#257);
#250=LINE('',#1714,#258);
#251=LINE('',#2742,#259);
#252=LINE('',#3511,#260);
#253=LINE('',#4310,#261);
#254=VECTOR('',#358,1.);
#255=VECTOR('',#361,1.);
#256=VECTOR('',#364,1.);
#257=VECTOR('',#367,1.);
#258=VECTOR('',#368,1.);
#259=VECTOR('',#369,1.);
#260=VECTOR('',#370,1.);
#261=VECTOR('',#371,1.);
#262=EDGE_LOOP('',(#71,#72,#73));
#263=EDGE_LOOP('',(#74,#75,#76));
#264=EDGE_LOOP('',(#77,#78,#79,#80,#81));
#265=EDGE_LOOP('',(#82,#83,#84,#85,#86));
#266=EDGE_LOOP('',(#87,#88,#89,#90));
#267=EDGE_LOOP('',(#91,#92,#93,#94));
#268=EDGE_LOOP('',(#95,#96,#97,#98));
#269=EDGE_LOOP('',(#99,#100,#101,#102));
#270=EDGE_LOOP('',(#103,#104,#105,#106,#107,#108,#109,#110));
#271=EDGE_LOOP('',(#111,#112,#113,#114));
#272=EDGE_LOOP('',(#115,#116,#117,#118));
#273=EDGE_LOOP('',(#119,#120,#121,#122));
#274=EDGE_LOOP('',(#123,#124,#125,#126));
#275=EDGE_LOOP('',(#127,#128,#129,#130));
#276=EDGE_LOOP('',(#131,#132,#133,#134));
#277=EDGE_LOOP('',(#135,#136,#137,#138));
#278=EDGE_LOOP('',(#139,#140,#141,#142));
#279=EDGE_LOOP('',(#143,#144,#145,#146,#147));
#280=EDGE_LOOP('',(#148,#149,#150,#151,#152));
#281=EDGE_LOOP('',(#153,#154,#155,#156));
#282=EDGE_LOOP('',(#157,#158,#159,#160));
#283=EDGE_LOOP('',(#161,#162,#163));
#284=EDGE_LOOP('',(#164,#165,#166,#167,#168));
#285=FACE_BOUND('',#262,.T.);
#286=FACE_BOUND('',#263,.T.);
#287=FACE_BOUND('',#264,.T.);
#288=FACE_BOUND('',#265,.T.);
#289=FACE_BOUND('',#266,.T.);
#290=FACE_BOUND('',#267,.T.);
#291=FACE_BOUND('',#268,.T.);
#292=FACE_BOUND('',#269,.T.);
#293=FACE_BOUND('',#270,.T.);
#294=FACE_BOUND('',#271,.T.);
#295=FACE_BOUND('',#272,.T.);
#296=FACE_BOUND('',#273,.T.);
#297=FACE_BOUND('',#274,.T.);
#298=FACE_BOUND('',#275,.T.);
#299=FACE_BOUND('',#276,.T.);
#300=FACE_BOUND('',#277,.T.);
#301=FACE_BOUND('',#278,.T.);
#302=FACE_BOUND('',#279,.T.);
#303=FACE_BOUND('',#280,.T.);
#304=FACE_BOUND('',#281,.T.);
#305=FACE_BOUND('',#282,.T.);
#306=FACE_BOUND('',#283,.T.);
#307=FACE_BOUND('',#284,.T.);
#308=PLANE('',#349);
#309=PLANE('',#350);
#310=PLANE('',#351);
#311=PLANE('',#352);
#312=PLANE('',#353);
#313=ADVANCED_FACE('',(#285),#308,.F.);
#314=ADVANCED_FACE('',(#286),#309,.T.);
#315=ADVANCED_FACE('',(#287),#310,.T.);
#316=ADVANCED_FACE('',(#288),#311,.F.);
#317=ADVANCED_FACE('',(#289),#12,.T.);
#318=ADVANCED_FACE('',(#290),#13,.T.);
#319=ADVANCED_FACE('',(#291),#14,.T.);
#320=ADVANCED_FACE('',(#292),#15,.T.);
#321=ADVANCED_FACE('',(#293),#312,.T.);
#322=ADVANCED_FACE('',(#294),#16,.T.);
#323=ADVANCED_FACE('',(#295),#17,.T.);
#324=ADVANCED_FACE('',(#296),#18,.T.);
#325=ADVANCED_FACE('',(#297),#19,.T.);
#326=ADVANCED_FACE('',(#298),#20,.T.);
#327=ADVANCED_FACE('',(#299),#21,.T.);
#328=ADVANCED_FACE('',(#300),#22,.T.);
#329=ADVANCED_FACE('',(#301),#23,.T.);
#330=ADVANCED_FACE('',(#302),#24,.T.);
#331=ADVANCED_FACE('',(#303),#25,.T.);
#332=ADVANCED_FACE('',(#304),#26,.T.);
#333=ADVANCED_FACE('',(#305),#27,.T.);
#334=ADVANCED_FACE('',(#306),#28,.T.);
#335=ADVANCED_FACE('',(#307),#29,.T.);
#336=CLOSED_SHELL('',(#313,#314,#315,#316,#317,#318,#319,#320,#321,#322,
#323,#324,#325,#326,#327,#328,#329,#330,#331,#332,#333,#334,#335));
#337=STYLED_ITEM('',(#338),#345);
#338=PRESENTATION_STYLE_ASSIGNMENT((#339));
#339=SURFACE_STYLE_USAGE(.BOTH.,#340);
#340=SURFACE_SIDE_STYLE('',(#341));
#341=SURFACE_STYLE_FILL_AREA(#342);
#342=FILL_AREA_STYLE('',(#343));
#343=FILL_AREA_STYLE_COLOUR('',#344);
#344=COLOUR_RGB('',0.615686274509804,0.811764705882353,0.929411764705882);
#345=MANIFOLD_SOLID_BREP('Part 1',#336);
#346=SHAPE_DEFINITION_REPRESENTATION(#8660,#347);
#347=SHAPE_REPRESENTATION('Part 1',(#348),#8655);
#348=AXIS2_PLACEMENT_3D('',#374,#354,#355);
#349=AXIS2_PLACEMENT_3D('',#375,#356,#357);
#350=AXIS2_PLACEMENT_3D('',#635,#359,#360);
#351=AXIS2_PLACEMENT_3D('',#769,#362,#363);
#352=AXIS2_PLACEMENT_3D('',#1258,#365,#366);
#353=AXIS2_PLACEMENT_3D('',#4461,#372,#373);
#354=DIRECTION('',(0.,0.,1.));
#355=DIRECTION('',(1.,0.,0.));
#356=DIRECTION('',(-1.,4.62592926927149E-17,0.));
#357=DIRECTION('',(-4.62592926927149E-17,-1.,0.));
#358=DIRECTION('',(0.,0.,-1.));
#359=DIRECTION('',(-1.,4.62592926927149E-17,0.));
#360=DIRECTION('',(-4.62592926927149E-17,-1.,0.));
#361=DIRECTION('',(0.,0.,-1.));
#362=DIRECTION('',(0.,0.,1.));
#363=DIRECTION('',(1.,0.,0.));
#364=DIRECTION('',(-1.,-2.22044604925032E-16,0.));
#365=DIRECTION('',(0.,0.,1.));
#366=DIRECTION('',(1.,0.,0.));
#367=DIRECTION('',(-1.,-2.22044604925032E-16,0.));
#368=DIRECTION('',(0.,0.,1.));
#369=DIRECTION('',(1.,2.22044604925032E-16,-2.03370835460295E-16));
#370=DIRECTION('',(0.,0.,1.));
#371=DIRECTION('',(1.,2.22044604925032E-16,-2.03370835460295E-16));
#372=DIRECTION('',(-2.22044604925032E-16,1.,0.));
#373=DIRECTION('',(-1.,-2.22044604925032E-16,0.));
#374=CARTESIAN_POINT('',(0.,0.,0.));
#375=CARTESIAN_POINT('',(0.5,-0.1,0.7));
#376=CARTESIAN_POINT('',(0.5,0.5,0.7));
#377=CARTESIAN_POINT('',(0.5,0.5,0.351));
#378=CARTESIAN_POINT('',(0.5,0.5,0.349));
#379=CARTESIAN_POINT('',(0.5,0.500000000000027,0.351));
#380=CARTESIAN_POINT('',(0.5,0.498909383605834,0.350998239386531));
#381=CARTESIAN_POINT('',(0.5,0.493529755018876,0.35099108409174));
#382=CARTESIAN_POINT('',(0.5,0.478869508911593,0.350972514949506));
#383=CARTESIAN_POINT('',(0.5,0.464130620335457,0.350954073718241));
#384=CARTESIAN_POINT('',(0.5,0.448728459858968,0.350934944046697));
#385=CARTESIAN_POINT('',(0.5,0.434534879479906,0.350917383122167));
#386=CARTESIAN_POINT('',(0.5,0.422953768196791,0.350903083835123));
#387=CARTESIAN_POINT('',(0.5,0.410436730914381,0.350887655954431));
#388=CARTESIAN_POINT('',(0.5,0.396983767634464,0.350871099480093));
#389=CARTESIAN_POINT('',(0.5,0.384993026564384,0.350856361923434));
#390=CARTESIAN_POINT('',(0.5,0.374932470718679,0.350844007581295));
#391=CARTESIAN_POINT('',(0.5,0.367153072307849,0.350834459676246));
#392=CARTESIAN_POINT('',(0.5,0.359139692499668,0.35082462962291));
#393=CARTESIAN_POINT('',(0.5,0.352266891090833,0.35081620278773));
#394=CARTESIAN_POINT('',(0.5,0.346651659928094,0.350809320246255));
#395=CARTESIAN_POINT('',(0.5,0.342381739229871,0.350804087800656));
#396=CARTESIAN_POINT('',(0.5,0.338774732042117,0.350799668656005));
#397=CARTESIAN_POINT('',(0.5,0.335859864684364,0.350796098054687));
#398=CARTESIAN_POINT('',(0.5,0.334025917746263,0.350793851772446));
#399=CARTESIAN_POINT('',(0.5,0.332551375681283,0.350792045840627));
#400=CARTESIAN_POINT('',(0.5,0.331442011931351,0.350790687226572));
#401=CARTESIAN_POINT('',(0.5,0.330513863220103,0.350789550600161));
#402=CARTESIAN_POINT('',(0.5,0.329770934376036,0.350788640831197));
#403=CARTESIAN_POINT('',(0.5,0.329302613069236,0.350788067353131));
#404=CARTESIAN_POINT('',(0.5,0.328934894392081,0.350787617075124));
#405=CARTESIAN_POINT('',(0.5,0.328688005956088,0.350787314759969));
#406=CARTESIAN_POINT('',(0.5,0.328529029353199,0.350787120094489));
#407=CARTESIAN_POINT('',(0.5,0.328435310329064,0.350787005338957));
#408=CARTESIAN_POINT('',(0.5,0.328240932590563,0.350786767336663));
#409=CARTESIAN_POINT('',(0.5,0.32797918505223,0.350786446865531));
#410=CARTESIAN_POINT('',(0.5,0.327551688006715,0.350785923500023));
#411=CARTESIAN_POINT('',(0.5,0.327020654706356,0.350785273460324));
#412=CARTESIAN_POINT('',(0.5,0.326169952802136,0.350784232283075));
#413=CARTESIAN_POINT('',(0.5,0.325108369697608,0.350782933327901));
#414=CARTESIAN_POINT('',(0.5,0.323412101212134,0.350780858453659));
#415=CARTESIAN_POINT('',(0.5,0.321296731387176,0.350778272218661));
#416=CARTESIAN_POINT('',(0.5,0.318766006919309,0.350775180232503));
#417=CARTESIAN_POINT('',(0.5,0.316243062309135,0.350772099816308));
#418=CARTESIAN_POINT('',(0.5,0.313727881343149,0.350769030950225));
#419=CARTESIAN_POINT('',(0.5,0.310384664005294,0.350764954535978));
#420=CARTESIAN_POINT('',(0.5,0.306225059589165,0.350759887903421));
#421=CARTESIAN_POINT('',(0.5,0.299611117104995,0.35075184291455));
#422=CARTESIAN_POINT('',(0.5,0.29142135958318,0.350741902221375));
#423=CARTESIAN_POINT('',(0.5,0.281717923648739,0.350730158258422));
#424=CARTESIAN_POINT('',(0.5,0.268945706472535,0.350714746132897));
#425=CARTESIAN_POINT('',(0.5,0.256422035399899,0.350699703744989));
#426=CARTESIAN_POINT('',(0.5,0.24414691049328,0.350685031094771));
#427=CARTESIAN_POINT('',(0.5,0.235064839740706,0.350674211475771));
#428=CARTESIAN_POINT('',(0.5,0.227600008746983,0.350665349184441));
#429=CARTESIAN_POINT('',(0.5,0.221690279544431,0.350658351784688));
#430=CARTESIAN_POINT('',(0.5,0.217289053467438,0.350653149955077));
#431=CARTESIAN_POINT('',(0.5,0.212918885882715,0.350647994331219));
#432=CARTESIAN_POINT('',(0.5,0.209303000223918,0.350643736528011));
#433=CARTESIAN_POINT('',(0.5,0.206425757656498,0.350640353314164));
#434=CARTESIAN_POINT('',(0.5,0.204634108818214,0.350638248615966));
#435=CARTESIAN_POINT('',(0.5,0.203204317816956,0.350636570218036));
#436=CARTESIAN_POINT('',(0.5,0.202134889596983,0.350635315448607));
#437=CARTESIAN_POINT('',(0.5,0.201242221447583,0.350634268586635));
#438=CARTESIAN_POINT('',(0.5,0.200624279282918,0.350633544166709));
#439=CARTESIAN_POINT('',(0.5,0.200261924997587,0.350633119456712));
#440=CARTESIAN_POINT('',(0.5,0.200017006232431,0.350632832421026));
#441=CARTESIAN_POINT('',(0.5,0.199670050072835,0.350632425859183));
#442=CARTESIAN_POINT('',(0.5,0.199243140589155,0.350631925694377));
#443=CARTESIAN_POINT('',(0.5,0.198479678301724,0.350631031428442));
#444=CARTESIAN_POINT('',(0.5,0.197398328760079,0.350629765413809));
#445=CARTESIAN_POINT('',(0.5,0.196098013292781,0.350628243990146));
#446=CARTESIAN_POINT('',(0.5,0.194366912564254,0.350626219806219));
#447=CARTESIAN_POINT('',(0.5,0.192205135592761,0.350623694420157));
#448=CARTESIAN_POINT('',(0.5,0.188751965739798,0.350619665537171));
#449=CARTESIAN_POINT('',(0.5,0.184445590325813,0.350614650790808));
#450=CARTESIAN_POINT('',(0.5,0.179294251649723,0.350608667469453));
#451=CARTESIAN_POINT('',(0.5,0.17415917851862,0.350602718468146));
#452=CARTESIAN_POINT('',(0.5,0.167334118171367,0.350594832245727));
#453=CARTESIAN_POINT('',(0.5,0.158843479846473,0.350585060295066));
#454=CARTESIAN_POINT('',(0.5,0.14871981560517,0.350573471280837));
#455=CARTESIAN_POINT('',(0.5,0.135308398105132,0.350558202362962));
#456=CARTESIAN_POINT('',(0.5,0.118706879408977,0.350539459530628));
#457=CARTESIAN_POINT('',(0.5,0.0990454619380395,0.350517517435704));
#458=CARTESIAN_POINT('',(0.5,0.0731774453059717,0.350488993714355));
#459=CARTESIAN_POINT('',(0.5,0.0478302386517331,0.350461568600814));
#460=CARTESIAN_POINT('',(0.5,0.0230038419784843,0.350435242095084));
#461=CARTESIAN_POINT('',(0.5,0.00464444946411318,0.350416046519692));
#462=CARTESIAN_POINT('',(0.5,-0.0134545380621056,0.350397400248204));
#463=CARTESIAN_POINT('',(0.5,-0.0312931205905897,0.350379303280628));
#464=CARTESIAN_POINT('',(0.5,-0.0459416018961448,0.350364680227547));
#465=CARTESIAN_POINT('',(0.5,-0.0575301843926376,0.350353256437084));
#466=CARTESIAN_POINT('',(0.5,-0.0661565201619291,0.350344825920078));
#467=CARTESIAN_POINT('',(0.5,-0.0732908818038892,0.350337914927984));
#468=CARTESIAN_POINT('',(0.5,-0.0789658215242613,0.350332454796331));
#469=CARTESIAN_POINT('',(0.5,-0.0832057481866379,0.350328394031724));
#470=CARTESIAN_POINT('',(0.5,-0.0874294102859158,0.350324367588537));
#471=CARTESIAN_POINT('',(0.5,-0.0909355324594724,0.350321040860176));
#472=CARTESIAN_POINT('',(0.5,-0.0937323675262338,0.350318396572952));
#473=CARTESIAN_POINT('',(0.5,-0.09547682803464,0.350316751205846));
#474=CARTESIAN_POINT('',(0.5,-0.0968707530054398,0.350315438837134));
#475=CARTESIAN_POINT('',(0.5,-0.0979141090233719,0.350314457709702));
#476=CARTESIAN_POINT('',(0.5,-0.0987861301355461,0.350313638699687));
#477=CARTESIAN_POINT('',(0.5,-0.0993894168147258,0.350313072595482));
#478=CARTESIAN_POINT('',(0.5,-0.0997444599718075,0.350312739594777));
#479=CARTESIAN_POINT('',(0.5,-0.0999812830249889,0.350312517531035));
#480=CARTESIAN_POINT('',(0.5,-0.10033040792815,0.350312190281083));
#481=CARTESIAN_POINT('',(0.5,-0.100756682182346,0.3503117908886));
#482=CARTESIAN_POINT('',(0.5,-0.101520807059791,0.350311075354469));
#483=CARTESIAN_POINT('',(0.5,-0.102602551594292,0.350310063602886));
#484=CARTESIAN_POINT('',(0.5,-0.103904221780369,0.350308848054325));
#485=CARTESIAN_POINT('',(0.5,-0.105637676930707,0.35030723183986));
#486=CARTESIAN_POINT('',(0.5,-0.10780371289551,0.350305217074101));
#487=CARTESIAN_POINT('',(0.5,-0.111266384711236,0.350302006420606));
#488=CARTESIAN_POINT('',(0.5,-0.115589731954429,0.350298016857736));
#489=CARTESIAN_POINT('',(0.5,-0.120769570510863,0.350293267566941));
#490=CARTESIAN_POINT('',(0.5,-0.125941281845407,0.350288556413054));
#491=CARTESIAN_POINT('',(0.5,-0.132826042580987,0.350282325740701));
#492=CARTESIAN_POINT('',(0.5,-0.141411649869223,0.350274632766512));
#493=CARTESIAN_POINT('',(0.5,-0.151681826193313,0.350265553785936));
#494=CARTESIAN_POINT('',(0.5,-0.16533199232393,0.350253651928899));
#495=CARTESIAN_POINT('',(0.5,-0.182313320244759,0.350239156077501));
#496=CARTESIAN_POINT('',(0.5,-0.202560706295894,0.350222371407531));
#497=CARTESIAN_POINT('',(0.5,-0.222677884857253,0.350206197089305));
#498=CARTESIAN_POINT('',(0.5,-0.242664855938455,0.350190633122813));
#499=CARTESIAN_POINT('',(0.5,-0.269140540736433,0.350170694969805));
#500=CARTESIAN_POINT('',(0.5,-0.301909628028682,0.350147298157886));
#501=CARTESIAN_POINT('',(0.5,-0.340711702850529,0.350121663390526));
#502=CARTESIAN_POINT('',(0.5,-0.378992947743656,0.35009847003011));
#503=CARTESIAN_POINT('',(0.5,-0.429340167696154,0.350070800758814));
#504=CARTESIAN_POINT('',(0.5,-0.490972117814911,0.350042317687054));
#505=CARTESIAN_POINT('',(0.5,-0.562847138242429,0.350017903628717));
#506=CARTESIAN_POINT('',(0.5,-0.632638838954958,0.350003255198156));
#507=CARTESIAN_POINT('',(0.5,-0.677777759619985,0.349999999996299));
#508=CARTESIAN_POINT('',(0.5,-0.7,0.35));
#509=CARTESIAN_POINT('',(0.5,-0.7,0.35));
#510=CARTESIAN_POINT('',(0.5,-0.7,0.35));
#511=CARTESIAN_POINT('',(0.5,-0.677777802906568,0.350000000003701));
#512=CARTESIAN_POINT('',(0.5,-0.632638957993061,0.349996744801844));
#513=CARTESIAN_POINT('',(0.5,-0.562847338442875,0.349982096371283));
#514=CARTESIAN_POINT('',(0.5,-0.490972366712764,0.349957682312946));
#515=CARTESIAN_POINT('',(0.5,-0.429340430121066,0.349929199241186));
#516=CARTESIAN_POINT('',(0.5,-0.378993204757747,0.34990152996989));
#517=CARTESIAN_POINT('',(0.5,-0.340711947690269,0.349878336609474));
#518=CARTESIAN_POINT('',(0.5,-0.301909852577837,0.349852701842114));
#519=CARTESIAN_POINT('',(0.5,-0.269140741613239,0.349829305030194));
#520=CARTESIAN_POINT('',(0.5,-0.242665033819265,0.349809366877187));
#521=CARTESIAN_POINT('',(0.5,-0.222678043462007,0.349793802910695));
#522=CARTESIAN_POINT('',(0.5,-0.202560843595534,0.349777628592469));
#523=CARTESIAN_POINT('',(0.5,-0.182313434210226,0.349760843922499));
#524=CARTESIAN_POINT('',(0.5,-0.165332085153372,0.3497463480711));
#525=CARTESIAN_POINT('',(0.5,-0.151681901099403,0.349734446214064));
#526=CARTESIAN_POINT('',(0.5,-0.141411710825541,0.349725367233488));
#527=CARTESIAN_POINT('',(0.5,-0.132826091489752,0.349717674259298));
#528=CARTESIAN_POINT('',(0.5,-0.125941320862549,0.349711443586946));
#529=CARTESIAN_POINT('',(0.5,-0.12076960198233,0.349706732433059));
#530=CARTESIAN_POINT('',(0.5,-0.115589755753947,0.349701983142264));
#531=CARTESIAN_POINT('',(0.5,-0.11126640201009,0.349697993579393));
#532=CARTESIAN_POINT('',(0.5,-0.107803724934219,0.349694782925901));
#533=CARTESIAN_POINT('',(0.5,-0.105637685646765,0.349692768160135));
#534=CARTESIAN_POINT('',(0.5,-0.103904227842242,0.349691151945683));
#535=CARTESIAN_POINT('',(0.5,-0.102602555603422,0.349689936397082));
#536=CARTESIAN_POINT('',(0.5,-0.101520809524048,0.349688924645623));
#537=CARTESIAN_POINT('',(0.5,-0.100756683223489,0.349688209111271));
#538=CARTESIAN_POINT('',(0.5,-0.100330408683219,0.349687809719142));
#539=CARTESIAN_POINT('',(0.5,-0.0999812820772716,0.349687482468104));
#540=CARTESIAN_POINT('',(0.5,-0.0997444630076913,0.349687260408442));
#541=CARTESIAN_POINT('',(0.5,-0.099389423169437,0.349686927411365));
#542=CARTESIAN_POINT('',(0.5,-0.0987861432041601,0.349686361314331));
#543=CARTESIAN_POINT('',(0.5,-0.0979141311451802,0.34968554231406));
#544=CARTESIAN_POINT('',(0.5,-0.0968707861109106,0.349684561198416));
#545=CARTESIAN_POINT('',(0.5,-0.0954768755964629,0.349683248845231));
#546=CARTESIAN_POINT('',(0.5,-0.0937324329653222,0.349681603497322));
#547=CARTESIAN_POINT('',(0.5,-0.0909356260234303,0.349678959240301));
#548=CARTESIAN_POINT('',(0.5,-0.0874295381389856,0.349675632548762));
#549=CARTESIAN_POINT('',(0.5,-0.0832059157898495,0.349671606148262));
#550=CARTESIAN_POINT('',(0.5,-0.0789660274834025,0.349667545424846));
#551=CARTESIAN_POINT('',(0.5,-0.0732911370444036,0.349662085346115));
#552=CARTESIAN_POINT('',(0.5,-0.0661568335173331,0.34965517441643));
#553=CARTESIAN_POINT('',(0.5,-0.0575305619068535,0.349646743968323));
#554=CARTESIAN_POINT('',(0.5,-0.0459420575167499,0.349635320261737));
#555=CARTESIAN_POINT('',(0.5,-0.0312936598966069,0.349620697298525));
#556=CARTESIAN_POINT('',(0.5,-0.013455155474517,0.349602600414826));
#557=CARTESIAN_POINT('',(0.5,0.00464377626145016,0.34958395420325));
#558=CARTESIAN_POINT('',(0.5,0.0230031353015615,0.349564758663806));
#559=CARTESIAN_POINT('',(0.5,0.0478295170978672,0.349538432174052));
#560=CARTESIAN_POINT('',(0.5,0.0731767535040853,0.349511007028561));
#561=CARTESIAN_POINT('',(0.5,0.099044844529806,0.349482483227321));
#562=CARTESIAN_POINT('',(0.5,0.118706340087034,0.349460541048543));
#563=CARTESIAN_POINT('',(0.5,0.135307942531449,0.349441798126267));
#564=CARTESIAN_POINT('',(0.5,0.14871943800966,0.349426529124665));
#565=CARTESIAN_POINT('',(0.5,0.158843166801333,0.349414940041078));
#566=CARTESIAN_POINT('',(0.5,0.167333862016057,0.349405168029445));
#567=CARTESIAN_POINT('',(0.5,0.174158974144034,0.349397281751174));
#568=CARTESIAN_POINT('',(0.5,0.179294077998199,0.349391332717623));
#569=CARTESIAN_POINT('',(0.5,0.184445485081381,0.349385349319993));
#570=CARTESIAN_POINT('',(0.5,0.188751805622033,0.349380334641311));
#571=CARTESIAN_POINT('',(0.5,0.192205185428769,0.349376305515008));
#572=CARTESIAN_POINT('',(0.5,0.194366517545062,0.349373780652096));
#573=CARTESIAN_POINT('',(0.5,0.196098582555526,0.349371755339396));
#574=CARTESIAN_POINT('',(0.5,0.197396007166319,0.349370237305058));
#575=CARTESIAN_POINT('',(0.5,0.198486444920725,0.349368960639415));
#576=CARTESIAN_POINT('',(0.5,0.199340457691286,0.349367960323238));
#577=CARTESIAN_POINT('',(0.5,0.200032718132723,0.349367149191233));
#578=CARTESIAN_POINT('',(0.5,0.200528669777822,0.349366567911828));
#579=CARTESIAN_POINT('',(0.5,0.201259314301063,0.349365711380984));
#580=CARTESIAN_POINT('',(0.5,0.202150227921747,0.349364666565649));
#581=CARTESIAN_POINT('',(0.5,0.203231326670998,0.349363398104176));
#582=CARTESIAN_POINT('',(0.5,0.20467180920899,0.349361707146257));
#583=CARTESIAN_POINT('',(0.5,0.206478388624412,0.349359584895964));
#584=CARTESIAN_POINT('',(0.5,0.209378414730652,0.349356174857549));
#585=CARTESIAN_POINT('',(0.5,0.213022754765743,0.349351883484754));
#586=CARTESIAN_POINT('',(0.5,0.217426384937416,0.349346688268104));
#587=CARTESIAN_POINT('',(0.5,0.221860563044385,0.349341447334757));
#588=CARTESIAN_POINT('',(0.5,0.227813486422302,0.349334398520379));
#589=CARTESIAN_POINT('',(0.5,0.235330947284804,0.349325473284708));
#590=CARTESIAN_POINT('',(0.5,0.244473984486007,0.349314580261156));
#591=CARTESIAN_POINT('',(0.5,0.253739107587099,0.349303504494824));
#592=CARTESIAN_POINT('',(0.5,0.263126316111296,0.349292245986271));
#593=CARTESIAN_POINT('',(0.5,0.272635610232044,0.349280804735292));
#594=CARTESIAN_POINT('',(0.5,0.28226698973234,0.34926918074215));
#595=CARTESIAN_POINT('',(0.5,0.29039487771102,0.349259341795356));
#596=CARTESIAN_POINT('',(0.5,0.296958229850381,0.34925137926798));
#597=CARTESIAN_POINT('',(0.5,0.301911268094412,0.349245361683493));
#598=CARTESIAN_POINT('',(0.5,0.306894817199406,0.349239298426274));
#599=CARTESIAN_POINT('',(0.5,0.311073242048447,0.349234207600556));
#600=CARTESIAN_POINT('',(0.5,0.31401142832189,0.349230624113584));
#601=CARTESIAN_POINT('',(0.5,0.315694307348355,0.34922857057353));
#602=CARTESIAN_POINT('',(0.5,0.316747461015176,0.349227285019141));
#603=CARTESIAN_POINT('',(0.5,0.317591477586837,0.349226254488336));
#604=CARTESIAN_POINT('',(0.5,0.318223488605271,0.349225482682694));
#605=CARTESIAN_POINT('',(0.5,0.31886161982549,0.349224703267828));
#606=CARTESIAN_POINT('',(0.5,0.319376214161354,0.349224074639946));
#607=CARTESIAN_POINT('',(0.5,0.319771085991841,0.349223592198178));
#608=CARTESIAN_POINT('',(0.5,0.319943008115871,0.349223382138322));
#609=CARTESIAN_POINT('',(0.5,0.320223473073301,0.349223039443364));
#610=CARTESIAN_POINT('',(0.5,0.320501749607452,0.3492226994186));
#611=CARTESIAN_POINT('',(0.5,0.320873185596253,0.349222245556554));
#612=CARTESIAN_POINT('',(0.5,0.3215221232793,0.349221452596316));
#613=CARTESIAN_POINT('',(0.5,0.322447187999745,0.349220322181662));
#614=CARTESIAN_POINT('',(0.5,0.323922597828315,0.349218519158023));
#615=CARTESIAN_POINT('',(0.5,0.325758266643227,0.349216275699792));
#616=CARTESIAN_POINT('',(0.5,0.328676917845649,0.349212708290749));
#617=CARTESIAN_POINT('',(0.5,0.33229073608555,0.349208290463687));
#618=CARTESIAN_POINT('',(0.5,0.336572112300056,0.349203055381218));
#619=CARTESIAN_POINT('',(0.5,0.340798286177686,0.349197886604676));
#620=CARTESIAN_POINT('',(0.5,0.34496925682481,0.349192784135154));
#621=CARTESIAN_POINT('',(0.5,0.350456947030998,0.349186069251429));
#622=CARTESIAN_POINT('',(0.5,0.357178552161385,0.349177841413775));
#623=CARTESIAN_POINT('',(0.5,0.365023666159938,0.349168233235734));
#624=CARTESIAN_POINT('',(0.5,0.375189401931178,0.349155775967893));
#625=CARTESIAN_POINT('',(0.5,0.387344541227419,0.349140867450983));
#626=CARTESIAN_POINT('',(0.5,0.401047459712061,0.349124038139318));
#627=CARTESIAN_POINT('',(0.5,0.413867129526485,0.349108269736281));
#628=CARTESIAN_POINT('',(0.5,0.429782357718536,0.349088659743735));
#629=CARTESIAN_POINT('',(0.5,0.44746827128274,0.34906679952462));
#630=CARTESIAN_POINT('',(0.5,0.465158372878375,0.349044810896193));
#631=CARTESIAN_POINT('',(0.5,0.47931547979261,0.349027065902276));
#632=CARTESIAN_POINT('',(0.5,0.49348096276972,0.349009064089732));
#633=CARTESIAN_POINT('',(0.5,0.498805582980449,0.349001928182089));
#634=CARTESIAN_POINT('',(0.5,0.5,0.349));
#635=CARTESIAN_POINT('',(-0.5,-0.1,0.7));
#636=CARTESIAN_POINT('',(-0.5,0.5,0.35));
#637=CARTESIAN_POINT('',(-0.5,0.1,0.35));
#638=CARTESIAN_POINT('',(-0.5,-0.3,0.35));
#639=CARTESIAN_POINT('',(-0.5,-0.7,0.35));
#640=CARTESIAN_POINT('',(-0.5,0.5,0.35));
#641=CARTESIAN_POINT('',(-0.5,-0.7,0.35));
#642=CARTESIAN_POINT('',(-0.5,-0.7,0.35));
#643=CARTESIAN_POINT('',(-0.5,-0.677777797900592,0.35));
#644=CARTESIAN_POINT('',(-0.5,-0.632638944225997,0.350003255208333));
#645=CARTESIAN_POINT('',(-0.5,-0.562847315286763,0.350017903645833));
#646=CARTESIAN_POINT('',(-0.5,-0.490972337920189,0.350042317708333));
#647=CARTESIAN_POINT('',(-0.5,-0.429340399758593,0.35007080078125));
#648=CARTESIAN_POINT('',(-0.5,-0.378993175015648,0.350098470052083));
#649=CARTESIAN_POINT('',(-0.5,-0.340711919351596,0.350121663411458));
#650=CARTESIAN_POINT('',(-0.5,-0.301909826580738,0.350147298177083));
#651=CARTESIAN_POINT('',(-0.5,-0.26914071834924,0.350170694986979));
#652=CARTESIAN_POINT('',(-0.5,-0.242665013210818,0.350190633138021));
#653=CARTESIAN_POINT('',(-0.5,-0.222678025079761,0.350206197102865));
#654=CARTESIAN_POINT('',(-0.5,-0.202560827674026,0.35022237141927));
#655=CARTESIAN_POINT('',(-0.5,-0.182313420983992,0.350239156087244));
#656=CARTESIAN_POINT('',(-0.5,-0.165332074368648,0.350253651936836));
#657=CARTESIAN_POINT('',(-0.5,-0.151681892385154,0.35026555379234));
#658=CARTESIAN_POINT('',(-0.5,-0.141411703722783,0.350274632771724));
#659=CARTESIAN_POINT('',(-0.5,-0.132826085778766,0.350282325744883));
#660=CARTESIAN_POINT('',(-0.5,-0.125941316294295,0.350288556416389));
#661=CARTESIAN_POINT('',(-0.5,-0.120769598285788,0.350293267569632));
#662=CARTESIAN_POINT('',(-0.5,-0.11558975294376,0.35029801685977));
#663=CARTESIAN_POINT('',(-0.5,-0.111266399950795,0.350302006422085));
#664=CARTESIAN_POINT('',(-0.5,-0.107803723482862,0.350305217075128));
#665=CARTESIAN_POINT('',(-0.5,-0.105637684578664,0.350307231840611));
#666=CARTESIAN_POINT('',(-0.5,-0.103904227082025,0.350308848054834));
#667=CARTESIAN_POINT('',(-0.5,-0.102602555076546,0.350310063603263));
#668=CARTESIAN_POINT('',(-0.5,-0.101520809187579,0.350311075354582));
#669=CARTESIAN_POINT('',(-0.5,-0.10075668303014,0.350311790888826));
#670=CARTESIAN_POINT('',(-0.5,-0.100330408557037,0.350312190280907));
#671=CARTESIAN_POINT('',(-0.5,-0.0999812820430181,0.350312517531872));
#672=CARTESIAN_POINT('',(-0.5,-0.0997444629068021,0.350312739591604));
#673=CARTESIAN_POINT('',(-0.5,-0.0993894230351186,0.350313072588725));
#674=CARTESIAN_POINT('',(-0.5,-0.0987861429857881,0.35031363868586));
#675=CARTESIAN_POINT('',(-0.5,-0.0979141308208598,0.350314457686261));
#676=CARTESIAN_POINT('',(-0.5,-0.0968707856547231,0.350315438802065));
#677=CARTESIAN_POINT('',(-0.5,-0.0954768749678546,0.35031675115546));
#678=CARTESIAN_POINT('',(-0.5,-0.0937324321230981,0.350318396503628));
#679=CARTESIAN_POINT('',(-0.5,-0.090935624845354,0.350321040761057));
#680=CARTESIAN_POINT('',(-0.5,-0.0874295365513628,0.350324367453093));
#681=CARTESIAN_POINT('',(-0.5,-0.0832059137274697,0.35032839385417));
#682=CARTESIAN_POINT('',(-0.5,-0.0789660249628923,0.350332454578144));
#683=CARTESIAN_POINT('',(-0.5,-0.0732911339352476,0.350337914657589));
#684=CARTESIAN_POINT('',(-0.5,-0.0661568297139727,0.350344825588118));
#685=CARTESIAN_POINT('',(-0.5,-0.0575305573370164,0.350353256037157));
#686=CARTESIAN_POINT('',(-0.5,-0.0459420520137005,0.350364679744876));
#687=CARTESIAN_POINT('',(-0.5,-0.0312936533934615,0.350379302709303));
#688=CARTESIAN_POINT('',(-0.5,-0.0134551480375273,0.350397399594136));
#689=CARTESIAN_POINT('',(-0.5,0.00464378436601335,0.350416045806522));
#690=CARTESIAN_POINT('',(-0.5,0.0230031438074273,0.350435241346452));
#691=CARTESIAN_POINT('',(-0.5,0.0478295257837753,0.350461567836421));
#692=CARTESIAN_POINT('',(-0.5,0.0731767618374941,0.350488992981481));
#693=CARTESIAN_POINT('',(-0.5,0.0990448519781736,0.35051751678164));
#694=CARTESIAN_POINT('',(-0.5,0.11870634660535,0.350539458959285));
#695=CARTESIAN_POINT('',(-0.5,0.135307948052829,0.350558201880346));
#696=CARTESIAN_POINT('',(-0.5,0.148719442600356,0.350573470880815));
#697=CARTESIAN_POINT('',(-0.5,0.158843170627451,0.35058505996347));
#698=CARTESIAN_POINT('',(-0.5,0.167333865149543,0.35059483197426));
#699=CARTESIAN_POINT('',(-0.5,0.174158976690155,0.350602718251816));
#700=CARTESIAN_POINT('',(-0.5,0.179294080087084,0.35060866728481));
#701=CARTESIAN_POINT('',(-0.5,0.184445486696663,0.350614650681863));
#702=CARTESIAN_POINT('',(-0.5,0.188751806827918,0.350619665360047));
#703=CARTESIAN_POINT('',(-0.5,0.19220518630074,0.350623694485943));
#704=CARTESIAN_POINT('',(-0.5,0.194366518200489,0.350626219348591));
#705=CARTESIAN_POINT('',(-0.5,0.196098583045667,0.350628244661089));
#706=CARTESIAN_POINT('',(-0.5,0.197396007503999,0.350629762695243));
#707=CARTESIAN_POINT('',(-0.5,0.198486445217831,0.350631039360833));
#708=CARTESIAN_POINT('',(-0.5,0.199340457759515,0.350632039676739));
#709=CARTESIAN_POINT('',(-0.5,0.200032718564321,0.350632850809165));
#710=CARTESIAN_POINT('',(-0.5,0.200528668529334,0.3506334320866));
#711=CARTESIAN_POINT('',(-0.5,0.201259311546871,0.350634288615676));
#712=CARTESIAN_POINT('',(-0.5,0.202150223069667,0.350635333428549));
#713=CARTESIAN_POINT('',(-0.5,0.203231319455887,0.350636601887248));
#714=CARTESIAN_POINT('',(-0.5,0.204671798871645,0.350638292841502));
#715=CARTESIAN_POINT('',(-0.5,0.206478374519334,0.350640415087373));
#716=CARTESIAN_POINT('',(-0.5,0.209378394851383,0.350643825119013));
#717=CARTESIAN_POINT('',(-0.5,0.213022728160953,0.350648116483919));
#718=CARTESIAN_POINT('',(-0.5,0.217426351044646,0.350653311692022));
#719=CARTESIAN_POINT('',(-0.5,0.221860522647593,0.350658552617745));
#720=CARTESIAN_POINT('',(-0.5,0.227813438398293,0.350665601423187));
#721=CARTESIAN_POINT('',(-0.5,0.235330891686008,0.350674526649993));
#722=CARTESIAN_POINT('',(-0.5,0.244473922932179,0.350685419666598));
#723=CARTESIAN_POINT('',(-0.5,0.253739043212966,0.350696495429672));
#724=CARTESIAN_POINT('',(-0.5,0.263126252051582,0.350707753938656));
#725=CARTESIAN_POINT('',(-0.5,0.272635549621475,0.350719195193756));
#726=CARTESIAN_POINT('',(-0.5,0.282266935705639,0.350730819194708));
#727=CARTESIAN_POINT('',(-0.5,0.290394831783145,0.350740658151085));
#728=CARTESIAN_POINT('',(-0.5,0.296958191968933,0.350748620687972));
#729=CARTESIAN_POINT('',(-0.5,0.301911237031457,0.350754638280514));
#730=CARTESIAN_POINT('',(-0.5,0.306894793738658,0.35076070154671));
#731=CARTESIAN_POINT('',(-0.5,0.311073225575836,0.350765792380678));
#732=CARTESIAN_POINT('',(-0.5,0.314011417084037,0.350769375873829));
#733=CARTESIAN_POINT('',(-0.5,0.315694299199437,0.350771429417529));
#734=CARTESIAN_POINT('',(-0.5,0.316747454838399,0.350772714974245));
#735=CARTESIAN_POINT('',(-0.5,0.317591473010569,0.350773745506939));
#736=CARTESIAN_POINT('',(-0.5,0.318223485246264,0.350774517314018));
#737=CARTESIAN_POINT('',(-0.5,0.318861617678302,0.350775296730313));
#738=CARTESIAN_POINT('',(-0.5,0.319376213089312,0.350775925359466));
#739=CARTESIAN_POINT('',(-0.5,0.319771085569802,0.350776407801996));
#740=CARTESIAN_POINT('',(-0.5,0.319943008235333,0.3507766178625));
#741=CARTESIAN_POINT('',(-0.5,0.320223473124878,0.350776960557352));
#742=CARTESIAN_POINT('',(-0.5,0.320501749597163,0.350777300582017));
#743=CARTESIAN_POINT('',(-0.5,0.32087318550155,0.350777754443929));
#744=CARTESIAN_POINT('',(-0.5,0.321522123038193,0.350778547403934));
#745=CARTESIAN_POINT('',(-0.5,0.322447187550018,0.350779677818257));
#746=CARTESIAN_POINT('',(-0.5,0.323922597047271,0.350781480841371));
#747=CARTESIAN_POINT('',(-0.5,0.325758265452059,0.35078372429895));
#748=CARTESIAN_POINT('',(-0.5,0.328676916007117,0.350787291706966));
#749=CARTESIAN_POINT('',(-0.5,0.332290733454263,0.350791709532769));
#750=CARTESIAN_POINT('',(-0.5,0.336572108743819,0.35079694461377));
#751=CARTESIAN_POINT('',(-0.5,0.340798281722847,0.350802113388885));
#752=CARTESIAN_POINT('',(-0.5,0.344969251497717,0.350807215857021));
#753=CARTESIAN_POINT('',(-0.5,0.350456940576031,0.350813930738953));
#754=CARTESIAN_POINT('',(-0.5,0.357178544362447,0.350822158574472));
#755=CARTESIAN_POINT('',(-0.5,0.365023656853628,0.350831766750115));
#756=CARTESIAN_POINT('',(-0.5,0.375189390755565,0.350844224014981));
#757=CARTESIAN_POINT('',(-0.5,0.387344527978661,0.350859132528589));
#758=CARTESIAN_POINT('',(-0.5,0.401047444397104,0.350875961836954));
#759=CARTESIAN_POINT('',(-0.5,0.413867112566906,0.350891730237357));
#760=CARTESIAN_POINT('',(-0.5,0.429782339128229,0.350911340227278));
#761=CARTESIAN_POINT('',(-0.5,0.447468251707962,0.350933200444772));
#762=CARTESIAN_POINT('',(-0.5,0.465158353808535,0.350955189073914));
#763=CARTESIAN_POINT('',(-0.5,0.47931546291401,0.350972934071205));
#764=CARTESIAN_POINT('',(-0.5,0.493480951061178,0.350990935891792));
#765=CARTESIAN_POINT('',(-0.5,0.498805577678905,0.350998071809457));
#766=CARTESIAN_POINT('',(-0.5,0.50000000009399,0.351));
#767=CARTESIAN_POINT('',(-0.5,0.5,0.351));
#768=CARTESIAN_POINT('',(-0.5,0.5,0.7));
#769=CARTESIAN_POINT('',(-1.11022302462516E-16,-0.601569947901363,0.7));
#770=CARTESIAN_POINT('',(-2.4980018054066E-16,0.5,0.7));
#771=CARTESIAN_POINT('',(0.151,0.5,0.7));
#772=CARTESIAN_POINT('',(-0.151,0.5,0.7));
#773=CARTESIAN_POINT('',(-0.151,0.500000000093989,0.7));
#774=CARTESIAN_POINT('',(-0.150998239383768,0.498909381928607,0.7));
#775=CARTESIAN_POINT('',(-0.150991084085738,0.493529751266274,0.7));
#776=CARTESIAN_POINT('',(-0.150972514941,0.478869503554651,0.7));
#777=CARTESIAN_POINT('',(-0.150954073708764,0.464130614356668,0.7));
#778=CARTESIAN_POINT('',(-0.150934944037166,0.448728453846483,0.7));
#779=CARTESIAN_POINT('',(-0.150917383113046,0.43453487373117,0.7));
#780=CARTESIAN_POINT('',(-0.150903083826535,0.42295376279122,0.7));
#781=CARTESIAN_POINT('',(-0.150887655946604,0.410436725997327,0.7));
#782=CARTESIAN_POINT('',(-0.150871099473254,0.39698376335128,0.7));
#783=CARTESIAN_POINT('',(-0.150856361917606,0.384993022930552,0.7));
#784=CARTESIAN_POINT('',(-0.15084400757639,0.374932467677005,0.7));
#785=CARTESIAN_POINT('',(-0.15083445967209,0.367153069746632,0.7));
#786=CARTESIAN_POINT('',(-0.15082462961956,0.359139690455245,0.7));
#787=CARTESIAN_POINT('',(-0.150816202785098,0.352266889507355,0.7));
#788=CARTESIAN_POINT('',(-0.150809320244226,0.346651658731541,0.7));
#789=CARTESIAN_POINT('',(-0.150804087799094,0.342381738332598,0.7));
#790=CARTESIAN_POINT('',(-0.150799668654843,0.338774731401805,0.7));
#791=CARTESIAN_POINT('',(-0.150796098053853,0.335859864254186,0.7));
#792=CARTESIAN_POINT('',(-0.150793851771819,0.334025917449258,0.7));
#793=CARTESIAN_POINT('',(-0.150792045840168,0.332551375492074,0.7));
#794=CARTESIAN_POINT('',(-0.15079068722624,0.33144201182322,0.7));
#795=CARTESIAN_POINT('',(-0.150789550599936,0.330513863181088,0.7));
#796=CARTESIAN_POINT('',(-0.150788640831056,0.329770934390177,0.7));
#797=CARTESIAN_POINT('',(-0.150788067353049,0.329302613122228,0.7));
#798=CARTESIAN_POINT('',(-0.150787617075074,0.328934894463609,0.7));
#799=CARTESIAN_POINT('',(-0.150787314759974,0.328688006068013,0.7));
#800=CARTESIAN_POINT('',(-0.150787120094456,0.328529029431535,0.7));
#801=CARTESIAN_POINT('',(-0.15078700533875,0.328435310262721,0.7));
#802=CARTESIAN_POINT('',(-0.150786767336214,0.328240932323216,0.7));
#803=CARTESIAN_POINT('',(-0.150786446864706,0.327979184471752,0.7));
#804=CARTESIAN_POINT('',(-0.150785923498616,0.327551686942576,0.7));
#805=CARTESIAN_POINT('',(-0.150785273458188,0.327020653036672,0.7));
#806=CARTESIAN_POINT('',(-0.150784232279788,0.326169950175437,0.7));
#807=CARTESIAN_POINT('',(-0.150782933323194,0.325108365890462,0.7));
#808=CARTESIAN_POINT('',(-0.150780858446724,0.323412095552693,0.7));
#809=CARTESIAN_POINT('',(-0.150778272209021,0.321296723479425,0.7));
#810=CARTESIAN_POINT('',(-0.150775180219746,0.318765996421268,0.7));
#811=CARTESIAN_POINT('',(-0.150772099800565,0.316243049328381,0.7));
#812=CARTESIAN_POINT('',(-0.150769030931624,0.313727865987288,0.7));
#813=CARTESIAN_POINT('',(-0.150764954513741,0.310384645626087,0.7));
#814=CARTESIAN_POINT('',(-0.150759887876961,0.306225037699775,0.7));
#815=CARTESIAN_POINT('',(-0.150751842882024,0.299611090173174,0.7));
#816=CARTESIAN_POINT('',(-0.150741902182561,0.291421327424315,0.7));
#817=CARTESIAN_POINT('',(-0.150730158214134,0.281717886939011,0.7));
#818=CARTESIAN_POINT('',(-0.150714746084072,0.268945665990444,0.7));
#819=CARTESIAN_POINT('',(-0.15069970369577,0.256421994588625,0.7));
#820=CARTESIAN_POINT('',(-0.150685031049301,0.244146872796004,0.7));
#821=CARTESIAN_POINT('',(-0.150674211435183,0.235064806100517,0.7));
#822=CARTESIAN_POINT('',(-0.150665349149648,0.227599979922362,0.7));
#823=CARTESIAN_POINT('',(-0.150658351755566,0.221690255433053,0.7));
#824=CARTESIAN_POINT('',(-0.150653149930726,0.217289033321406,0.7));
#825=CARTESIAN_POINT('',(-0.150647994312158,0.212918870132364,0.7));
#826=CARTESIAN_POINT('',(-0.15064373651379,0.209302988495496,0.7));
#827=CARTESIAN_POINT('',(-0.150640353304072,0.206425749360376,0.7));
#828=CARTESIAN_POINT('',(-0.150638248608565,0.204634102757955,0.7));
#829=CARTESIAN_POINT('',(-0.150636570212849,0.203204313596874,0.7));
#830=CARTESIAN_POINT('',(-0.15063531544512,0.202134886790267,0.7));
#831=CARTESIAN_POINT('',(-0.150634268584569,0.20124221982094,0.7));
#832=CARTESIAN_POINT('',(-0.150633544165698,0.200624278533636,0.7));
#833=CARTESIAN_POINT('',(-0.150633119456235,0.200261924691275,0.7));
#834=CARTESIAN_POINT('',(-0.150632832421155,0.200017006433957,0.7));
#835=CARTESIAN_POINT('',(-0.150632425859145,0.199670050119036,0.7));
#836=CARTESIAN_POINT('',(-0.150631925694386,0.199243140659627,0.7));
#837=CARTESIAN_POINT('',(-0.150631031428407,0.198479678307,0.7));
#838=CARTESIAN_POINT('',(-0.150629765413779,0.197398328728874,0.7));
#839=CARTESIAN_POINT('',(-0.150628243990091,0.196098013194176,0.7));
#840=CARTESIAN_POINT('',(-0.150626219806144,0.194366912384868,0.7));
#841=CARTESIAN_POINT('',(-0.150623694420052,0.192205135310754,0.7));
#842=CARTESIAN_POINT('',(-0.150619665537021,0.188751965297851,0.7));
#843=CARTESIAN_POINT('',(-0.150614650790602,0.184445589688346,0.7));
#844=CARTESIAN_POINT('',(-0.150608667469183,0.1792942507858,0.7));
#845=CARTESIAN_POINT('',(-0.150602718467815,0.174159177436109,0.7));
#846=CARTESIAN_POINT('',(-0.150594832245316,0.167334116808002,0.7));
#847=CARTESIAN_POINT('',(-0.150585060294563,0.158843478151859,0.7));
#848=CARTESIAN_POINT('',(-0.15057347128023,0.148719813544785,0.7));
#849=CARTESIAN_POINT('',(-0.150558202362229,0.135308395599349,0.7));
#850=CARTESIAN_POINT('',(-0.150539459529762,0.118706876425757,0.7));
#851=CARTESIAN_POINT('',(-0.150517517434712,0.0990454585087911,0.7));
#852=CARTESIAN_POINT('',(-0.150488993713243,0.0731774414512116,0.7));
#853=CARTESIAN_POINT('',(-0.150461568599654,0.0478302346252519,0.7));
#854=CARTESIAN_POINT('',(-0.150435242093948,0.0230038380340721,0.7));
#855=CARTESIAN_POINT('',(-0.15041604651861,0.00464444570814815,0.7));
#856=CARTESIAN_POINT('',(-0.150397400247212,-0.0134545415027279,0.7));
#857=CARTESIAN_POINT('',(-0.150379303279761,-0.0312931235889747,0.7));
#858=CARTESIAN_POINT('',(-0.150364680226815,-0.0459416044202521,0.7));
#859=CARTESIAN_POINT('',(-0.150353256436477,-0.0575301864738755,0.7));
#860=CARTESIAN_POINT('',(-0.150344825919574,-0.0661565218792908,0.7));
#861=CARTESIAN_POINT('',(-0.150337914927574,-0.0732908831915847,0.7));
#862=CARTESIAN_POINT('',(-0.150332454796,-0.0789658226323614,0.7));
#863=CARTESIAN_POINT('',(-0.150328394031455,-0.083205749077112,0.7));
#864=CARTESIAN_POINT('',(-0.150324367588332,-0.087429410950826,0.7));
#865=CARTESIAN_POINT('',(-0.150321040860026,-0.0909355329298263,0.7));
#866=CARTESIAN_POINT('',(-0.150318396572847,-0.0937323678369259,0.7));
#867=CARTESIAN_POINT('',(-0.15031675120577,-0.0954768282440076,0.7));
#868=CARTESIAN_POINT('',(-0.150315438837081,-0.0968707531324905,0.7));
#869=CARTESIAN_POINT('',(-0.150314457709666,-0.0979141090889164,0.7));
#870=CARTESIAN_POINT('',(-0.150313638699667,-0.0987861301471097,0.7));
#871=CARTESIAN_POINT('',(-0.15031307259547,-0.0993894167928244,0.7));
#872=CARTESIAN_POINT('',(-0.150312739594775,-0.099744459923635,0.7));
#873=CARTESIAN_POINT('',(-0.150312517531024,-0.0999812829770433,0.7));
#874=CARTESIAN_POINT('',(-0.150312190281129,-0.1003304078041,0.7));
#875=CARTESIAN_POINT('',(-0.1503117908887,-0.100756681983548,0.7));
#876=CARTESIAN_POINT('',(-0.150311075354673,-0.101520806717973,0.7));
#877=CARTESIAN_POINT('',(-0.150310063603232,-0.102602551055238,0.7));
#878=CARTESIAN_POINT('',(-0.150308848054843,-0.103904221002793,0.7));
#879=CARTESIAN_POINT('',(-0.150307231840606,-0.105637675837324,0.7));
#880=CARTESIAN_POINT('',(-0.15030521707513,-0.107803711409383,0.7));
#881=CARTESIAN_POINT('',(-0.150302006422085,-0.111266382601914,0.7));
#882=CARTESIAN_POINT('',(-0.150298016859771,-0.115589729075439,0.7));
#883=CARTESIAN_POINT('',(-0.150293267569632,-0.120769566723326,0.7));
#884=CARTESIAN_POINT('',(-0.15028855641639,-0.12594127716434,0.7));
#885=CARTESIAN_POINT('',(-0.150282325744883,-0.132826036728583,0.7));
#886=CARTESIAN_POINT('',(-0.150274632771724,-0.141411642590209,0.7));
#887=CARTESIAN_POINT('',(-0.15026555379234,-0.15168181726247,0.7));
#888=CARTESIAN_POINT('',(-0.150253651936836,-0.165331981270782,0.7));
#889=CARTESIAN_POINT('',(-0.150239156087244,-0.182313306688981,0.7));
#890=CARTESIAN_POINT('',(-0.15022237141927,-0.202560689977366,0.7));
#891=CARTESIAN_POINT('',(-0.150206197102865,-0.222677866016378,0.7));
#892=CARTESIAN_POINT('',(-0.150190633138021,-0.242664834815638,0.7));
#893=CARTESIAN_POINT('',(-0.150170694986979,-0.269140516891565,0.7));
#894=CARTESIAN_POINT('',(-0.150147298177083,-0.30190960138226,0.7));
#895=CARTESIAN_POINT('',(-0.150121663411458,-0.340711673803858,0.7));
#896=CARTESIAN_POINT('',(-0.150098470052084,-0.378992917258353,0.7));
#897=CARTESIAN_POINT('',(-0.15007080078125,-0.429340136574829,0.7));
#898=CARTESIAN_POINT('',(-0.150042317708333,-0.490972088302599,0.7));
#899=CARTESIAN_POINT('',(-0.150017903645833,-0.562847114507397,0.7));
#900=CARTESIAN_POINT('',(-0.150003255208334,-0.632638824843671,0.7));
#901=CARTESIAN_POINT('',(-0.15,-0.677777754488837,0.7));
#902=CARTESIAN_POINT('',(-0.15,-0.699999999999999,0.7));
#903=CARTESIAN_POINT('',(-0.15,-0.7,0.7));
#904=CARTESIAN_POINT('',(-0.15,-0.699999999999999,0.7));
#905=CARTESIAN_POINT('',(-0.15,-0.713557092758979,0.7));
#906=CARTESIAN_POINT('',(-0.149751832871787,-0.733866828410025,0.7));
#907=CARTESIAN_POINT('',(-0.149028657324605,-0.757503978730169,0.7));
#908=CARTESIAN_POINT('',(-0.148490777524874,-0.771008435886324,0.7));
#909=CARTESIAN_POINT('',(-0.148027077268075,-0.781097160992264,0.7));
#910=CARTESIAN_POINT('',(-0.147494790617185,-0.791303256233805,0.7));
#911=CARTESIAN_POINT('',(-0.146704283866795,-0.804834176256223,0.7));
#912=CARTESIAN_POINT('',(-0.145559922659389,-0.821709096906021,0.7));
#913=CARTESIAN_POINT('',(-0.144207833675815,-0.838511087490093,0.7));
#914=CARTESIAN_POINT('',(-0.143153419644282,-0.850225695201173,0.7));
#915=CARTESIAN_POINT('',(-0.142518187442207,-0.856924532937448,0.7));
#916=CARTESIAN_POINT('',(-0.142030692159777,-0.861899046577641,0.7));
#917=CARTESIAN_POINT('',(-0.141510473562645,-0.867037195143694,0.7));
#918=CARTESIAN_POINT('',(-0.140801692581968,-0.873815019693083,0.7));
#919=CARTESIAN_POINT('',(-0.139503279068238,-0.885671233864742,0.7));
#920=CARTESIAN_POINT('',(-0.13789422164133,-0.899133004597565,0.7));
#921=CARTESIAN_POINT('',(-0.13615831221167,-0.912523581128072,0.7));
#922=CARTESIAN_POINT('',(-0.134793432411015,-0.922526835244125,0.7));
#923=CARTESIAN_POINT('',(-0.133602791114638,-0.930835111526074,0.7));
#924=CARTESIAN_POINT('',(-0.132742829741466,-0.936626989330033,0.7));
#925=CARTESIAN_POINT('',(-0.132241763121846,-0.939943281442831,0.7));
#926=CARTESIAN_POINT('',(-0.131866977259012,-0.942396050018357,0.7));
#927=CARTESIAN_POINT('',(-0.131469270882109,-0.944969069753093,0.7));
#928=CARTESIAN_POINT('',(-0.130940238600864,-0.948351792219247,0.7));
#929=CARTESIAN_POINT('',(-0.129997310378705,-0.954279145627094,0.7));
#930=CARTESIAN_POINT('',(-0.128611738619205,-0.962700442898176,0.7));
#931=CARTESIAN_POINT('',(-0.126884133536314,-0.972753230477511,0.7));
#932=CARTESIAN_POINT('',(-0.125092514278085,-0.982747382259799,0.7));
#933=CARTESIAN_POINT('',(-0.123236530323996,-0.992684973268269,0.7));
#934=CARTESIAN_POINT('',(-0.121316678959977,-1.0025635700611,0.7));
#935=CARTESIAN_POINT('',(-0.119662214462358,-1.01075295449547,0.7));
#936=CARTESIAN_POINT('',(-0.118478080452526,-1.0164507261594,0.7));
#937=CARTESIAN_POINT('',(-0.117790144255768,-1.01971460609632,0.7));
#938=CARTESIAN_POINT('',(-0.117279362125339,-1.02211618882687,0.7));
#939=CARTESIAN_POINT('',(-0.116729460248877,-1.02467758316937,0.7));
#940=CARTESIAN_POINT('',(-0.11600306737517,-1.02802842205123,0.7));
#941=CARTESIAN_POINT('',(-0.114711959463365,-1.03390128100018,0.7));
#942=CARTESIAN_POINT('',(-0.112829861627474,-1.04222588123818,0.7));
#943=CARTESIAN_POINT('',(-0.110505045953975,-1.05213952485941,0.7));
#944=CARTESIAN_POINT('',(-0.108115557713142,-1.06196965069547,0.7));
#945=CARTESIAN_POINT('',(-0.105660939624006,-1.07171838267713,0.7));
#946=CARTESIAN_POINT('',(-0.103561319193453,-1.07977378561462,0.7));
#947=CARTESIAN_POINT('',(-0.101848981434184,-1.08617763097542,0.7));
#948=CARTESIAN_POINT('',(-0.100548821177449,-1.09095881706963,0.7));
#949=CARTESIAN_POINT('',(-0.099450703346444,-1.09492996780256,0.7));
#950=CARTESIAN_POINT('',(-0.0986770779469305,-1.09769318479011,0.7));
#951=CARTESIAN_POINT('',(-0.0982295883491313,-1.09928152306153,0.7));
#952=CARTESIAN_POINT('',(-0.0979024938360962,-1.10043792911666,0.7));
#953=CARTESIAN_POINT('',(-0.0975379219524574,-1.10172136998423,0.7));
#954=CARTESIAN_POINT('',(-0.0970631629016971,-1.10338520379922,0.7));
#955=CARTESIAN_POINT('',(-0.0962228000254076,-1.10631138890437,0.7));
#956=CARTESIAN_POINT('',(-0.095015059695487,-1.11046221723199,0.7));
#957=CARTESIAN_POINT('',(-0.0935479361144519,-1.11541832190879,0.7));
#958=CARTESIAN_POINT('',(-0.0915702214286023,-1.12198538855396,0.7));
#959=CARTESIAN_POINT('',(-0.0890566446920679,-1.13012084275163,0.7));
#960=CARTESIAN_POINT('',(-0.0859743828845154,-1.13976483770211,0.7));
#961=CARTESIAN_POINT('',(-0.0828260602976532,-1.14929060064728,0.7));
#962=CARTESIAN_POINT('',(-0.0801474412753009,-1.15713010241966,0.7));
#963=CARTESIAN_POINT('',(-0.0779715003865397,-1.1633426220137,0.7));
#964=CARTESIAN_POINT('',(-0.0765978371037947,-1.16720064366278,0.7));
#965=CARTESIAN_POINT('',(-0.0754905193056509,-1.17027262900551,0.7));
#966=CARTESIAN_POINT('',(-0.0746562657579129,-1.17256824840113,0.7));
#967=CARTESIAN_POINT('',(-0.0739564626472458,-1.17447820581504,0.7));
#968=CARTESIAN_POINT('',(-0.0734670560699514,-1.17580585142475,0.7));
#969=CARTESIAN_POINT('',(-0.0731833483296218,-1.17657309025302,0.7));
#970=CARTESIAN_POINT('',(-0.0729802561917437,-1.17712127174506,0.7));
#971=CARTESIAN_POINT('',(-0.0727388850184262,-1.17777137884833,0.7));
#972=CARTESIAN_POINT('',(-0.0724299799863329,-1.17860142566475,0.7));
#973=CARTESIAN_POINT('',(-0.0718823240842867,-1.1800681718604,0.7));
#974=CARTESIAN_POINT('',(-0.0711006391988614,-1.18214760987735,0.7));
#975=CARTESIAN_POINT('',(-0.0701571543728187,-1.18463516071777,0.7));
#976=CARTESIAN_POINT('',(-0.068894217478736,-1.1879352475966,0.7));
#977=CARTESIAN_POINT('',(-0.0673051807242401,-1.19203203319109,0.7));
#978=CARTESIAN_POINT('',(-0.0647410538597447,-1.19852526569132,0.7));
#979=CARTESIAN_POINT('',(-0.0614950622927952,-1.20652681464749,0.7));
#980=CARTESIAN_POINT('',(-0.0575346056763958,-1.21594450960217,0.7));
#981=CARTESIAN_POINT('',(-0.0535088592405006,-1.22517809909038,0.7));
#982=CARTESIAN_POINT('',(-0.0500996842707369,-1.23271928895613,0.7));
#983=CARTESIAN_POINT('',(-0.0473396714893843,-1.23866024322661,0.7));
#984=CARTESIAN_POINT('',(-0.0456011356696525,-1.24233483418778,0.7));
#985=CARTESIAN_POINT('',(-0.044201980817847,-1.24525182604766,0.7));
#986=CARTESIAN_POINT('',(-0.0431489890713352,-1.24742714588433,0.7));
#987=CARTESIAN_POINT('',(-0.0422666500594704,-1.24923323739887,0.7));
#988=CARTESIAN_POINT('',(-0.0416500650621254,-1.25048674658396,0.7));
#989=CARTESIAN_POINT('',(-0.0412927904713947,-1.25121053072288,0.7));
#990=CARTESIAN_POINT('',(-0.0410370597317635,-1.25172748899172,0.7));
#991=CARTESIAN_POINT('',(-0.040733368294459,-1.25233990459481,0.7));
#992=CARTESIAN_POINT('',(-0.040344814448337,-1.25312134562867,0.7));
#993=CARTESIAN_POINT('',(-0.0396563341969525,-1.25450077685413,0.7));
#994=CARTESIAN_POINT('',(-0.0386747007702775,-1.2564523916722,0.7));
#995=CARTESIAN_POINT('',(-0.0374915689456209,-1.25878056234467,0.7));
#996=CARTESIAN_POINT('',(-0.0359100863461295,-1.26186052565068,0.7));
#997=CARTESIAN_POINT('',(-0.0339244353474846,-1.26566770803803,0.7));
#998=CARTESIAN_POINT('',(-0.0315280096589607,-1.2701670219283,0.7));
#999=CARTESIAN_POINT('',(-0.0291177930810587,-1.27459731619267,0.7));
#1000=CARTESIAN_POINT('',(-0.0270979149318362,-1.27823148571445,0.7));
#1001=CARTESIAN_POINT('',(-0.0254749596350634,-1.28110457566309,0.7));
#1002=CARTESIAN_POINT('',(-0.0242548031269406,-1.28324127268138,0.7));
#1003=CARTESIAN_POINT('',(-0.0232335687190579,-1.28501013355336,0.7));
#1004=CARTESIAN_POINT('',(-0.0225202918173383,-1.28623552080513,0.7));
#1005=CARTESIAN_POINT('',(-0.0221074507041397,-1.28694178941245,0.7));
#1006=CARTESIAN_POINT('',(-0.021811197014284,-1.28744729150789,0.7));
#1007=CARTESIAN_POINT('',(-0.0214627736933503,-1.28804008809705,0.7));
#1008=CARTESIAN_POINT('',(-0.0210162363149679,-1.28879740478983,0.7));
#1009=CARTESIAN_POINT('',(-0.0202259795290452,-1.29013167887277,0.7));
#1010=CARTESIAN_POINT('',(-0.0191004528974456,-1.29201460321554,0.7));
#1011=CARTESIAN_POINT('',(-0.0177463074507033,-1.29425233344482,0.7));
#1012=CARTESIAN_POINT('',(-0.0159392817859355,-1.297201497593,0.7));
#1013=CARTESIAN_POINT('',(-0.013676223588573,-1.30082581283893,0.7));
#1014=CARTESIAN_POINT('',(-0.0100468178517877,-1.30649111143755,0.7));
#1015=CARTESIAN_POINT('',(-0.00549381837677564,-1.31332270360114,0.7));
#1016=CARTESIAN_POINT('',(-0.00183415364892448,-1.31852117515513,0.7));
#1017=CARTESIAN_POINT('',(-3.86171048325462E-16,-1.32105371891734,0.7));
#1018=CARTESIAN_POINT('',(-6.7491691693672E-15,-1.32105371891735,0.7));
#1019=CARTESIAN_POINT('',(-6.7491691693672E-15,-1.32105371891735,0.7));
#1020=CARTESIAN_POINT('',(0.00185984022918263,-1.31848570790502,0.7));
#1021=CARTESIAN_POINT('',(0.00557054122389116,-1.31321269861336,0.7));
#1022=CARTESIAN_POINT('',(0.0101864990128234,-1.30627891714527,0.7));
#1023=CARTESIAN_POINT('',(0.0138657598027972,-1.30052647309345,0.7));
#1024=CARTESIAN_POINT('',(0.0161597837970841,-1.29684541053976,0.7));
#1025=CARTESIAN_POINT('',(0.0179914182196373,-1.29384956241072,0.7));
#1026=CARTESIAN_POINT('',(0.019364060705968,-1.29157596394254,0.7));
#1027=CARTESIAN_POINT('',(0.020504619730289,-1.28966315696935,0.7));
#1028=CARTESIAN_POINT('',(0.0213060178068586,-1.28830654926262,0.7));
#1029=CARTESIAN_POINT('',(0.0217579047781406,-1.2875381349721,0.7));
#1030=CARTESIAN_POINT('',(0.0221131786646646,-1.28693204611887,0.7));
#1031=CARTESIAN_POINT('',(0.0224054142269474,-1.28643204234855,0.7));
#1032=CARTESIAN_POINT('',(0.0228166917479643,-1.28572657022907,0.7));
#1033=CARTESIAN_POINT('',(0.0235254715435442,-1.28450566982915,0.7));
#1034=CARTESIAN_POINT('',(0.0245412217072738,-1.28274174062392,0.7));
#1035=CARTESIAN_POINT('',(0.0257544283165933,-1.280611832471,0.7));
#1036=CARTESIAN_POINT('',(0.0273682905502511,-1.27774780632823,0.7));
#1037=CARTESIAN_POINT('',(0.0293768213386864,-1.27412551814886,0.7));
#1038=CARTESIAN_POINT('',(0.0317735473956716,-1.26971019827546,0.7));
#1039=CARTESIAN_POINT('',(0.0341565837153629,-1.26522661894166,0.7));
#1040=CARTESIAN_POINT('',(0.0361311650973144,-1.26143317566792,0.7));
#1041=CARTESIAN_POINT('',(0.0377038481443905,-1.25836457372127,0.7));
#1042=CARTESIAN_POINT('',(0.0388803977484545,-1.25604512885616,0.7));
#1043=CARTESIAN_POINT('',(0.0398565971095905,-1.25410088826916,0.7));
#1044=CARTESIAN_POINT('',(0.0405412281795054,-1.25272680695017,0.7));
#1045=CARTESIAN_POINT('',(0.040927674723648,-1.25194828139519,0.7));
#1046=CARTESIAN_POINT('',(0.0412295368704363,-1.25133852923334,0.7));
#1047=CARTESIAN_POINT('',(0.0414843974097393,-1.25082246834863,0.7));
#1048=CARTESIAN_POINT('',(0.0418401798043228,-1.25010050564897,0.7));
#1049=CARTESIAN_POINT('',(0.0424543145105505,-1.24884991463845,0.7));
#1050=CARTESIAN_POINT('',(0.0433330872782041,-1.24704819539764,0.7));
#1051=CARTESIAN_POINT('',(0.0443818592039464,-1.24487814258378,0.7));
#1052=CARTESIAN_POINT('',(0.0457754085927243,-1.24196830888426,0.7));
#1053=CARTESIAN_POINT('',(0.0475070038862448,-1.2383028696616,0.7));
#1054=CARTESIAN_POINT('',(0.0502560419090922,-1.23237701460032,0.7));
#1055=CARTESIAN_POINT('',(0.0536517484677646,-1.22485554238136,0.7));
#1056=CARTESIAN_POINT('',(0.0576617265551045,-1.21564697957176,0.7));
#1057=CARTESIAN_POINT('',(0.0616068251815948,-1.20625563226032,0.7));
#1058=CARTESIAN_POINT('',(0.0648403102716106,-1.19827727586516,0.7));
#1059=CARTESIAN_POINT('',(0.0673947190385224,-1.19180303646697,0.7));
#1060=CARTESIAN_POINT('',(0.0689775637846648,-1.18771894732951,0.7));
#1061=CARTESIAN_POINT('',(0.070236057149363,-1.18442794260806,0.7));
#1062=CARTESIAN_POINT('',(0.0711749736458525,-1.1819506953986,0.7));
#1063=CARTESIAN_POINT('',(0.0719568822389152,-1.17986907520064,0.7));
#1064=CARTESIAN_POINT('',(0.0725739724919817,-1.178215400729,0.7));
#1065=CARTESIAN_POINT('',(0.0730532888224429,-1.17692492642638,0.7));
#1066=CARTESIAN_POINT('',(0.073464746023686,-1.17581238047415,0.7));
#1067=CARTESIAN_POINT('',(0.0740352914563578,-1.17426366994425,0.7));
#1068=CARTESIAN_POINT('',(0.0747378392654987,-1.17234463155365,0.7));
#1069=CARTESIAN_POINT('',(0.0755801203155348,-1.17002504190577,0.7));
#1070=CARTESIAN_POINT('',(0.0766963600342884,-1.1669254511687,0.7));
#1071=CARTESIAN_POINT('',(0.0780815608062198,-1.16303106052778,0.7));
#1072=CARTESIAN_POINT('',(0.0802752345518838,-1.15676054644061,0.7));
#1073=CARTESIAN_POINT('',(0.082975369256494,-1.14884699980569,0.7));
#1074=CARTESIAN_POINT('',(0.0861482470429701,-1.13923049972042,0.7));
#1075=CARTESIAN_POINT('',(0.0892538575828887,-1.12949373318282,0.7));
#1076=CARTESIAN_POINT('',(0.0917858815316144,-1.12127927818932,0.7));
#1077=CARTESIAN_POINT('',(0.0937777305934024,-1.11464806163623,0.7));
#1078=CARTESIAN_POINT('',(0.09525519308952,-1.10964318810332,0.7));
#1079=CARTESIAN_POINT('',(0.0964711606594566,-1.10545179216315,0.7));
#1080=CARTESIAN_POINT('',(0.0973174144591123,-1.10249602538423,0.7));
#1081=CARTESIAN_POINT('',(0.0977950880099124,-1.10081673126572,0.7));
#1082=CARTESIAN_POINT('',(0.0981629921908249,-1.09951742059195,0.7));
#1083=CARTESIAN_POINT('',(0.0984889450961342,-1.09836133300132,0.7));
#1084=CARTESIAN_POINT('',(0.0989364661049918,-1.0967677702479,0.7));
#1085=CARTESIAN_POINT('',(0.0997094055145567,-1.09399803641111,0.7));
#1086=CARTESIAN_POINT('',(0.100806881532709,-1.09001618588213,0.7));
#1087=CARTESIAN_POINT('',(0.10210604268296,-1.08522272482429,0.7));
#1088=CARTESIAN_POINT('',(0.103817015700964,-1.07880227933099,0.7));
#1089=CARTESIAN_POINT('',(0.105914749284111,-1.0707261156375,0.7));
#1090=CARTESIAN_POINT('',(0.1083668231835,-1.06095245189141,0.7));
#1091=CARTESIAN_POINT('',(0.110753580210349,-1.05109692671445,0.7));
#1092=CARTESIAN_POINT('',(0.112688176993958,-1.04281549859025,0.7));
#1093=CARTESIAN_POINT('',(0.114203137241619,-1.03614971314574,0.7));
#1094=CARTESIAN_POINT('',(0.115323236366904,-1.03112893408028,0.7));
#1095=CARTESIAN_POINT('',(0.116242414085632,-1.02693087319118,0.7));
#1096=CARTESIAN_POINT('',(0.116879947908873,-1.02397737332499,0.7));
#1097=CARTESIAN_POINT('',(0.11724026092317,-1.02229629428899,0.7));
#1098=CARTESIAN_POINT('',(0.117514973974288,-1.02100829547509,0.7));
#1099=CARTESIAN_POINT('',(0.117767649334212,-1.01981805125949,0.7));
#1100=CARTESIAN_POINT('',(0.11811056877791,-1.01819547586523,0.7));
#1101=CARTESIAN_POINT('',(0.118703786823257,-1.01536890895917,0.7));
#1102=CARTESIAN_POINT('',(0.119543113225431,-1.01131374653871,0.7));
#1103=CARTESIAN_POINT('',(0.120533674055468,-1.00643701012708,0.7));
#1104=CARTESIAN_POINT('',(0.121833533432738,-0.999914615486683,0.7));
#1105=CARTESIAN_POINT('',(0.123418611694877,-0.991726668857857,0.7));
#1106=CARTESIAN_POINT('',(0.125870110148241,-0.978550769950646,0.7));
#1107=CARTESIAN_POINT('',(0.128195000870687,-0.965259738596279,0.7));
#1108=CARTESIAN_POINT('',(0.130117391132098,-0.953536652689086,0.7));
#1109=CARTESIAN_POINT('',(0.131051925461367,-0.947643132467554,0.7));
#1110=CARTESIAN_POINT('',(0.131576237650714,-0.944280001604372,0.7));
#1111=CARTESIAN_POINT('',(0.131970513537439,-0.941721219468781,0.7));
#1112=CARTESIAN_POINT('',(0.132341677552822,-0.939284685518898,0.7));
#1113=CARTESIAN_POINT('',(0.132838069906837,-0.935989394891382,0.7));
#1114=CARTESIAN_POINT('',(0.133689995148898,-0.930234696163801,0.7));
#1115=CARTESIAN_POINT('',(0.134869700139419,-0.92197968111615,0.7));
#1116=CARTESIAN_POINT('',(0.136222288952085,-0.91204087195441,0.7));
#1117=CARTESIAN_POINT('',(0.137942915425073,-0.898737014249259,0.7));
#1118=CARTESIAN_POINT('',(0.139538453167239,-0.885362060650247,0.7));
#1119=CARTESIAN_POINT('',(0.140826284146074,-0.873584914954997,0.7));
#1120=CARTESIAN_POINT('',(0.14152977026198,-0.866849120943708,0.7));
#1121=CARTESIAN_POINT('',(0.142045290463025,-0.861752171899004,0.7));
#1122=CARTESIAN_POINT('',(0.142531877514626,-0.856782466354824,0.7));
#1123=CARTESIAN_POINT('',(0.143164711791231,-0.85010269029748,0.7));
#1124=CARTESIAN_POINT('',(0.144215784274151,-0.838416110883858,0.7));
#1125=CARTESIAN_POINT('',(0.145563775246855,-0.821652691090078,0.7));
#1126=CARTESIAN_POINT('',(0.146932576742871,-0.801468769215948,0.7));
#1127=CARTESIAN_POINT('',(0.1480559669067,-0.781147055489845,0.7));
#1128=CARTESIAN_POINT('',(0.148923562220202,-0.76092597280168,0.7));
#1129=CARTESIAN_POINT('',(0.149751863165885,-0.733881280475148,0.7));
#1130=CARTESIAN_POINT('',(0.150000000001506,-0.713565256743152,0.7));
#1131=CARTESIAN_POINT('',(0.15,-0.7,0.7));
#1132=CARTESIAN_POINT('',(0.15,-0.7,0.7));
#1133=CARTESIAN_POINT('',(0.15,-0.7,0.7));
#1134=CARTESIAN_POINT('',(0.15,-0.677777799665284,0.7));
#1135=CARTESIAN_POINT('',(0.150003255208333,-0.632638949079531,0.7));
#1136=CARTESIAN_POINT('',(0.150017903645833,-0.562847323451939,0.7));
#1137=CARTESIAN_POINT('',(0.150042317708333,-0.490972348075383,0.7));
#1138=CARTESIAN_POINT('',(0.15007080078125,-0.429340410470782,0.7));
#1139=CARTESIAN_POINT('',(0.150098470052083,-0.378993185512622,0.7));
#1140=CARTESIAN_POINT('',(0.150121663411458,-0.340711929356754,0.7));
#1141=CARTESIAN_POINT('',(0.150147298177083,-0.301909835763672,0.7));
#1142=CARTESIAN_POINT('',(0.150170694986979,-0.26914072657165,0.7));
#1143=CARTESIAN_POINT('',(0.150190633138021,-0.242665020499607,0.7));
#1144=CARTESIAN_POINT('',(0.150206197102865,-0.222678031585732,0.7));
#1145=CARTESIAN_POINT('',(0.15022237141927,-0.202560833314578,0.7));
#1146=CARTESIAN_POINT('',(0.150239156087244,-0.182313425676523,0.7));
#1147=CARTESIAN_POINT('',(0.150253651936836,-0.165332078202327,0.7));
#1148=CARTESIAN_POINT('',(0.15026555379234,-0.151681895490451,0.7));
#1149=CARTESIAN_POINT('',(0.150274632771724,-0.141411706261143,0.7));
#1150=CARTESIAN_POINT('',(0.150282325744883,-0.132826087827469,0.7));
#1151=CARTESIAN_POINT('',(0.150288556416389,-0.125941317940949,0.7));
#1152=CARTESIAN_POINT('',(0.150293267569632,-0.12076959962574,0.7));
#1153=CARTESIAN_POINT('',(0.15029801685977,-0.115589753971856,0.7));
#1154=CARTESIAN_POINT('',(0.150302006422085,-0.111266400714682,0.7));
#1155=CARTESIAN_POINT('',(0.150305217075128,-0.107803724032861,0.7));
#1156=CARTESIAN_POINT('',(0.15030723184061,-0.105637684993767,0.7));
#1157=CARTESIAN_POINT('',(0.150308848054834,-0.10390422738889,0.7));
#1158=CARTESIAN_POINT('',(0.150310063603263,-0.102602555301024,0.7));
#1159=CARTESIAN_POINT('',(0.15031107535458,-0.101520809345947,0.7));
#1160=CARTESIAN_POINT('',(0.150311790888828,-0.100756683136567,0.7));
#1161=CARTESIAN_POINT('',(0.150312190280904,-0.100330408642367,0.7));
#1162=CARTESIAN_POINT('',(0.150312517531885,-0.0999812820882077,0.7));
#1163=CARTESIAN_POINT('',(0.150312739591554,-0.0997444630047122,0.7));
#1164=CARTESIAN_POINT('',(0.150313072588619,-0.0993894231708227,0.7));
#1165=CARTESIAN_POINT('',(0.150313638685642,-0.098786143202507,0.7));
#1166=CARTESIAN_POINT('',(0.150314457685891,-0.0979141311447704,0.7));
#1167=CARTESIAN_POINT('',(0.150315438801511,-0.0968707861096064,0.7));
#1168=CARTESIAN_POINT('',(0.150316751154665,-0.0954768755948049,0.7));
#1169=CARTESIAN_POINT('',(0.150318396502535,-0.0937324329629441,0.7));
#1170=CARTESIAN_POINT('',(0.150321040759494,-0.0909356260200761,0.7));
#1171=CARTESIAN_POINT('',(0.150324367450957,-0.087429538134388,0.7));
#1172=CARTESIAN_POINT('',(0.15032839385137,-0.0832059157838329,0.7));
#1173=CARTESIAN_POINT('',(0.150332454574703,-0.078966027476011,0.7));
#1174=CARTESIAN_POINT('',(0.150337914653325,-0.0732911370352471,0.7));
#1175=CARTESIAN_POINT('',(0.150344825582883,-0.0661568335060951,0.7));
#1176=CARTESIAN_POINT('',(0.15035325603085,-0.0575305618933173,0.7));
#1177=CARTESIAN_POINT('',(0.150364679737264,-0.0459420575004159,0.7));
#1178=CARTESIAN_POINT('',(0.150379302700293,-0.0312936598772754,0.7));
#1179=CARTESIAN_POINT('',(0.150397399583821,-0.0134551554523875,0.7));
#1180=CARTESIAN_POINT('',(0.150416045795275,0.00464377628557817,0.7));
#1181=CARTESIAN_POINT('',(0.150435241334646,0.0230031353268892,0.7));
#1182=CARTESIAN_POINT('',(0.150461567824367,0.0478295171237285,0.7));
#1183=CARTESIAN_POINT('',(0.150488992969923,0.0731767535288819,0.7));
#1184=CARTESIAN_POINT('',(0.150517516771326,0.0990448445519393,0.7));
#1185=CARTESIAN_POINT('',(0.150539458950275,0.118706340106371,0.7));
#1186=CARTESIAN_POINT('',(0.150558201872734,0.135307942547789,0.7));
#1187=CARTESIAN_POINT('',(0.150573470874508,0.148719438023203,0.7));
#1188=CARTESIAN_POINT('',(0.150585059958235,0.15884316681258,0.7));
#1189=CARTESIAN_POINT('',(0.150594831969996,0.167333862025218,0.7));
#1190=CARTESIAN_POINT('',(0.150602718248375,0.174158974151441,0.7));
#1191=CARTESIAN_POINT('',(0.15060866728201,0.179294078004199,0.7));
#1192=CARTESIAN_POINT('',(0.150614650679726,0.184445485086084,0.7));
#1193=CARTESIAN_POINT('',(0.150619665358484,0.188751805625115,0.7));
#1194=CARTESIAN_POINT('',(0.150623694484849,0.192205185431645,0.7));
#1195=CARTESIAN_POINT('',(0.150626219347798,0.194366517545259,0.7));
#1196=CARTESIAN_POINT('',(0.150628244660534,0.196098582559389,0.7));
#1197=CARTESIAN_POINT('',(0.150629762694881,0.197396007157009,0.7));
#1198=CARTESIAN_POINT('',(0.150631039360591,0.198486444951078,0.7));
#1199=CARTESIAN_POINT('',(0.150632039676689,0.199340457639782,0.7));
#1200=CARTESIAN_POINT('',(0.150632850808998,0.200032718330194,0.7));
#1201=CARTESIAN_POINT('',(0.150633432087317,0.200528669039591,0.7));
#1202=CARTESIAN_POINT('',(0.150634288617211,0.201259312740367,0.7));
#1203=CARTESIAN_POINT('',(0.15063533343121,0.202150225206991,0.7));
#1204=CARTESIAN_POINT('',(0.150636601891183,0.20323132265938,0.7));
#1205=CARTESIAN_POINT('',(0.150638292847119,0.204671803482736,0.7));
#1206=CARTESIAN_POINT('',(0.15064041509502,0.206478380829404,0.7));
#1207=CARTESIAN_POINT('',(0.150643825129769,0.209378403764987,0.7));
#1208=CARTESIAN_POINT('',(0.150648116498297,0.213022740107096,0.7));
#1209=CARTESIAN_POINT('',(0.150653311710326,0.217426366276886,0.7));
#1210=CARTESIAN_POINT('',(0.150658552639552,0.221860540812433,0.7));
#1211=CARTESIAN_POINT('',(0.150665601449103,0.227813460002128,0.7));
#1212=CARTESIAN_POINT('',(0.150674526679989,0.235330916705119,0.7));
#1213=CARTESIAN_POINT('',(0.150685419699802,0.244473950636094,0.7));
#1214=CARTESIAN_POINT('',(0.150696495464395,0.253739072188155,0.7));
#1215=CARTESIAN_POINT('',(0.150707753973211,0.263126280884514,0.7));
#1216=CARTESIAN_POINT('',(0.150719195226453,0.272635576898619,0.7));
#1217=CARTESIAN_POINT('',(0.15073081922386,0.282266960013466,0.7));
#1218=CARTESIAN_POINT('',(0.150740658175876,0.290394852438599,0.7));
#1219=CARTESIAN_POINT('',(0.150748620708429,0.296958208995722,0.7));
#1220=CARTESIAN_POINT('',(0.1507546382973,0.301911250983368,0.7));
#1221=CARTESIAN_POINT('',(0.150760701559402,0.306894804262294,0.7));
#1222=CARTESIAN_POINT('',(0.150765792389607,0.311073232948136,0.7));
#1223=CARTESIAN_POINT('',(0.150769375879939,0.314011422095709,0.7));
#1224=CARTESIAN_POINT('',(0.150771429421975,0.315694302818142,0.7));
#1225=CARTESIAN_POINT('',(0.150772714977629,0.316747457567777,0.7));
#1226=CARTESIAN_POINT('',(0.150773745509461,0.317591475018169,0.7));
#1227=CARTESIAN_POINT('',(0.150774517315885,0.318223486705016,0.7));
#1228=CARTESIAN_POINT('',(0.150775296731526,0.318861618590294,0.7));
#1229=CARTESIAN_POINT('',(0.150775925360101,0.319376213517367,0.7));
#1230=CARTESIAN_POINT('',(0.15077640780228,0.319771085703131,0.7));
#1231=CARTESIAN_POINT('',(0.150776617862493,0.319943008127047,0.7));
#1232=CARTESIAN_POINT('',(0.15077696055738,0.320223473039294,0.7));
#1233=CARTESIAN_POINT('',(0.150777300582076,0.320501749531708,0.7));
#1234=CARTESIAN_POINT('',(0.150777754444032,0.320873185463773,0.7));
#1235=CARTESIAN_POINT('',(0.150778547404111,0.321522123048324,0.7));
#1236=CARTESIAN_POINT('',(0.150779677818541,0.322447187628465,0.7));
#1237=CARTESIAN_POINT('',(0.150781480841823,0.323922597234187,0.7));
#1238=CARTESIAN_POINT('',(0.150783724299611,0.325758265773254,0.7));
#1239=CARTESIAN_POINT('',(0.150787291707955,0.328676916540262,0.7));
#1240=CARTESIAN_POINT('',(0.150791709534162,0.332290734246962,0.7));
#1241=CARTESIAN_POINT('',(0.150796944615633,0.336572109839354,0.7));
#1242=CARTESIAN_POINT('',(0.150802113391205,0.340798283112595,0.7));
#1243=CARTESIAN_POINT('',(0.150807215859785,0.344969253173053,0.7));
#1244=CARTESIAN_POINT('',(0.150813930742291,0.350456942620651,0.7));
#1245=CARTESIAN_POINT('',(0.150822158578493,0.357178546847111,0.7));
#1246=CARTESIAN_POINT('',(0.150831766754903,0.365023659831846,0.7));
#1247=CARTESIAN_POINT('',(0.15084422402072,0.375189394345857,0.7));
#1248=CARTESIAN_POINT('',(0.150859132535382,0.3873445322478,0.7));
#1249=CARTESIAN_POINT('',(0.150875961844799,0.401047449342864,0.7));
#1250=CARTESIAN_POINT('',(0.150891730246038,0.413867118051293,0.7));
#1251=CARTESIAN_POINT('',(0.150911340236788,0.429782345146791,0.7));
#1252=CARTESIAN_POINT('',(0.150933200454782,0.447468258049258,0.7));
#1253=CARTESIAN_POINT('',(0.150955189083666,0.465158359985134,0.7));
#1254=CARTESIAN_POINT('',(0.150972934079842,0.479315468373934,0.7));
#1255=CARTESIAN_POINT('',(0.150990935897799,0.493480954829566,0.7));
#1256=CARTESIAN_POINT('',(0.150998071812203,0.498805579350673,0.7));
#1257=CARTESIAN_POINT('',(0.151,0.500000000000027,0.7));
#1258=CARTESIAN_POINT('',(-1.11022302462516E-16,-0.601569947901363,0.));
#1259=CARTESIAN_POINT('',(2.96971493957163E-16,-1.32105371891734,0.));
#1260=CARTESIAN_POINT('',(-0.00184614668704062,-1.3185046155312,0.));
#1261=CARTESIAN_POINT('',(-0.00552965832935069,-1.31327131864259,0.));
#1262=CARTESIAN_POINT('',(-0.0101121194386433,-1.30639192800941,0.));
#1263=CARTESIAN_POINT('',(-0.0137648846654184,-1.3006858334064,0.));
#1264=CARTESIAN_POINT('',(-0.0160424584787573,-1.29703494920392,0.));
#1265=CARTESIAN_POINT('',(-0.0178610380020062,-1.2940639015163,0.));
#1266=CARTESIAN_POINT('',(-0.0192238405506949,-1.29180940724945,0.));
#1267=CARTESIAN_POINT('',(-0.0203565031523812,-1.28991234632023,0.));
#1268=CARTESIAN_POINT('',(-0.0211518547013918,-1.28856784030407,0.));
#1269=CARTESIAN_POINT('',(-0.0216011268127059,-1.28780494338982,0.));
#1270=CARTESIAN_POINT('',(-0.0219520877469196,-1.28720707797309,0.));
#1271=CARTESIAN_POINT('',(-0.0222490112994455,-1.28669978842313,0.));
#1272=CARTESIAN_POINT('',(-0.022663394090111,-1.28598997865819,0.));
#1273=CARTESIAN_POINT('',(-0.0233790595020311,-1.28475890126318,0.));
#1274=CARTESIAN_POINT('',(-0.0244038469865894,-1.28298155303984,0.));
#1275=CARTESIAN_POINT('',(-0.02562817111867,-1.28083466427513,0.));
#1276=CARTESIAN_POINT('',(-0.0272566693583417,-1.27794777478429,0.));
#1277=CARTESIAN_POINT('',(-0.0292833974786519,-1.27429605392414,0.));
#1278=CARTESIAN_POINT('',(-0.0317017249969942,-1.26984418505543,0.));
#1279=CARTESIAN_POINT('',(-0.0341061467846706,-1.2653227942914,0.));
#1280=CARTESIAN_POINT('',(-0.0360983707969514,-1.26149678513951,0.));
#1281=CARTESIAN_POINT('',(-0.0376850477571713,-1.25840152338412,0.));
#1282=CARTESIAN_POINT('',(-0.0388720679170078,-1.25606170861481,0.));
#1283=CARTESIAN_POINT('',(-0.0398568520799613,-1.25410042390623,0.));
#1284=CARTESIAN_POINT('',(-0.0405476551071304,-1.25271389563984,0.));
#1285=CARTESIAN_POINT('',(-0.0409373303703886,-1.25192880920988,0.));
#1286=CARTESIAN_POINT('',(-0.0412424311533071,-1.25131245195282,0.));
#1287=CARTESIAN_POINT('',(-0.0414973904730231,-1.25079612997153,0.));
#1288=CARTESIAN_POINT('',(-0.0418543970924927,-1.25007159986614,0.));
#1289=CARTESIAN_POINT('',(-0.0424701585551101,-1.24881753417096,0.));
#1290=CARTESIAN_POINT('',(-0.0433515058591903,-1.24701027358556,0.));
#1291=CARTESIAN_POINT('',(-0.0444032274226076,-1.24483374095931,0.));
#1292=CARTESIAN_POINT('',(-0.0458007152940929,-1.2419151054666,0.));
#1293=CARTESIAN_POINT('',(-0.0475371558579597,-1.23823853896714,0.));
#1294=CARTESIAN_POINT('',(-0.0502938170125379,-1.23229453920361,0.));
#1295=CARTESIAN_POINT('',(-0.0536987931559045,-1.22474978076329,0.));
#1296=CARTESIAN_POINT('',(-0.0577194849780098,-1.21551229561004,0.));
#1297=CARTESIAN_POINT('',(-0.0616748866654138,-1.20609104852859,0.));
#1298=CARTESIAN_POINT('',(-0.0649166141336925,-1.19808696490446,0.));
#1299=CARTESIAN_POINT('',(-0.0674774142195005,-1.19159164750172,0.));
#1300=CARTESIAN_POINT('',(-0.0690641615430065,-1.18749419882677,0.));
#1301=CARTESIAN_POINT('',(-0.0703257403245366,-1.1841923437278,0.));
#1302=CARTESIAN_POINT('',(-0.0712669049542505,-1.18170700893408,0.));
#1303=CARTESIAN_POINT('',(-0.0720507936569151,-1.17961824427858,0.));
#1304=CARTESIAN_POINT('',(-0.0726691679448526,-1.17795961749953,0.));
#1305=CARTESIAN_POINT('',(-0.0731502256950632,-1.17666324469428,0.));
#1306=CARTESIAN_POINT('',(-0.073560422257619,-1.1755530641126,0.));
#1307=CARTESIAN_POINT('',(-0.0741303381239155,-1.17400462909946,0.));
#1308=CARTESIAN_POINT('',(-0.0748317429020611,-1.1720869373458,0.));
#1309=CARTESIAN_POINT('',(-0.0756728126415478,-1.16976855988444,0.));
#1310=CARTESIAN_POINT('',(-0.0767873917891294,-1.16667075989784,0.));
#1311=CARTESIAN_POINT('',(-0.0781705508885497,-1.16277860675276,0.));
#1312=CARTESIAN_POINT('',(-0.0803609809614006,-1.1565118070884,0.));
#1313=CARTESIAN_POINT('',(-0.083057127104223,-1.14860309253653,0.));
#1314=CARTESIAN_POINT('',(-0.0862253168343446,-1.13899271405286,0.));
#1315=CARTESIAN_POINT('',(-0.0893263403505053,-1.12926238383235,0.));
#1316=CARTESIAN_POINT('',(-0.0918546227813908,-1.12105356547526,0.));
#1317=CARTESIAN_POINT('',(-0.093843533483172,-1.11442700038561,0.));
#1318=CARTESIAN_POINT('',(-0.0953188038767606,-1.109425741268,0.));
#1319=CARTESIAN_POINT('',(-0.0965330078534186,-1.10523727655273,0.));
#1320=CARTESIAN_POINT('',(-0.0973779549755567,-1.10228388510411,0.));
#1321=CARTESIAN_POINT('',(-0.0978550147164391,-1.10060550754164,0.));
#1322=CARTESIAN_POINT('',(-0.0982220946208084,-1.09930815894725,0.));
#1323=CARTESIAN_POINT('',(-0.0985486218624963,-1.09814918501205,0.));
#1324=CARTESIAN_POINT('',(-0.0989964156801506,-1.09655346104114,0.));
#1325=CARTESIAN_POINT('',(-0.099770049643562,-1.093779149297,0.));
#1326=CARTESIAN_POINT('',(-0.100868368343832,-1.08979114721408,0.));
#1327=CARTESIAN_POINT('',(-0.102168542977208,-1.08499009054813,0.));
#1328=CARTESIAN_POINT('',(-0.10388078455353,-1.07855952912911,0.));
#1329=CARTESIAN_POINT('',(-0.105979988151195,-1.0704706057292,0.));
#1330=CARTESIAN_POINT('',(-0.108433628678061,-1.06068148902089,0.));
#1331=CARTESIAN_POINT('',(-0.110821757920313,-1.05081035978742,0.));
#1332=CARTESIAN_POINT('',(-0.112757336527578,-1.04251579966656,0.));
#1333=CARTESIAN_POINT('',(-0.114272982961606,-1.03583944283524,0.));
#1334=CARTESIAN_POINT('',(-0.115393553158374,-1.03081067225617,0.));
#1335=CARTESIAN_POINT('',(-0.116313066472617,-1.02660600158986,0.));
#1336=CARTESIAN_POINT('',(-0.116950846031847,-1.02364769937293,0.));
#1337=CARTESIAN_POINT('',(-0.117311243208915,-1.02196411987093,0.));
#1338=CARTESIAN_POINT('',(-0.117586157664349,-1.02067354355453,0.));
#1339=CARTESIAN_POINT('',(-0.117838491161889,-1.01948339451825,0.));
#1340=CARTESIAN_POINT('',(-0.118181143412044,-1.01786001529771,0.));
#1341=CARTESIAN_POINT('',(-0.118773803830668,-1.01503247916945,0.));
#1342=CARTESIAN_POINT('',(-0.119612374619507,-1.01097571370275,0.));
#1343=CARTESIAN_POINT('',(-0.120602000257319,-1.00609716796169,0.));
#1344=CARTESIAN_POINT('',(-0.121900610396631,-0.999572334024701,0.));
#1345=CARTESIAN_POINT('',(-0.123484090696564,-0.991381473020961,0.));
#1346=CARTESIAN_POINT('',(-0.125320825343965,-0.981495708053627,0.));
#1347=CARTESIAN_POINT('',(-0.127094001073016,-0.971553886026712,0.));
#1348=CARTESIAN_POINT('',(-0.128803876620825,-0.961554330157995,0.));
#1349=CARTESIAN_POINT('',(-0.130175257974131,-0.953178282420579,0.));
#1350=CARTESIAN_POINT('',(-0.131108622431831,-0.947282606482195,0.));
#1351=CARTESIAN_POINT('',(-0.131632199005544,-0.943918684813936,0.));
#1352=CARTESIAN_POINT('',(-0.132026089135145,-0.941358152274567,0.));
#1353=CARTESIAN_POINT('',(-0.132396224642021,-0.938924298517303,0.));
#1354=CARTESIAN_POINT('',(-0.132891480491734,-0.935631049598002,0.));
#1355=CARTESIAN_POINT('',(-0.133741333483825,-0.929880671050542,0.));
#1356=CARTESIAN_POINT('',(-0.134918196672428,-0.921631531006219,0.));
#1357=CARTESIAN_POINT('',(-0.136267452217693,-0.911700069263816,0.));
#1358=CARTESIAN_POINT('',(-0.137983780920293,-0.898406088076279,0.));
#1359=CARTESIAN_POINT('',(-0.139575202000399,-0.885041486289511,0.));
#1360=CARTESIAN_POINT('',(-0.14085965625326,-0.873273115415136,0.));
#1361=CARTESIAN_POINT('',(-0.141561191342936,-0.866543164311797,0.));
#1362=CARTESIAN_POINT('',(-0.142075475996048,-0.861448482737468,0.));
#1363=CARTESIAN_POINT('',(-0.142560079148901,-0.856489282878259,0.));
#1364=CARTESIAN_POINT('',(-0.143190623705245,-0.849820690611477,0.));
#1365=CARTESIAN_POINT('',(-0.144237754612349,-0.83815512929047,0.));
#1366=CARTESIAN_POINT('',(-0.145580746693914,-0.821421277235684,0.));
#1367=CARTESIAN_POINT('',(-0.146944408032789,-0.801273890817757,0.));
#1368=CARTESIAN_POINT('',(-0.148063601364383,-0.780988110769354,0.));
#1369=CARTESIAN_POINT('',(-0.148927756497941,-0.760807196630467,0.));
#1370=CARTESIAN_POINT('',(-0.149752838850355,-0.733814854829873,0.));
#1371=CARTESIAN_POINT('',(-0.15,-0.713538663207492,0.));
#1372=CARTESIAN_POINT('',(-0.15,-0.699999999999999,0.));
#1373=CARTESIAN_POINT('',(-5.49057746598152E-15,-1.32105371891735,0.));
#1374=CARTESIAN_POINT('',(-0.15,-0.7,0.));
#1375=CARTESIAN_POINT('',(-0.15,-0.699999999999999,0.));
#1376=CARTESIAN_POINT('',(-0.15,-0.3,0.));
#1377=CARTESIAN_POINT('',(-0.15,0.0999999999999996,0.));
#1378=CARTESIAN_POINT('',(-0.15,0.499999999999999,0.));
#1379=CARTESIAN_POINT('',(-0.15,0.5,0.));
#1380=CARTESIAN_POINT('',(-2.4980018054066E-16,0.5,0.));
#1381=CARTESIAN_POINT('',(0.151,0.5,0.));
#1382=CARTESIAN_POINT('',(0.151,0.499999999999999,0.));
#1383=CARTESIAN_POINT('',(0.150998239384993,0.498909382811178,0.));
#1384=CARTESIAN_POINT('',(0.150991084088384,0.493529753293002,0.));
#1385=CARTESIAN_POINT('',(0.15097251494471,0.478869506465552,0.));
#1386=CARTESIAN_POINT('',(0.150954073712857,0.464130617610016,0.));
#1387=CARTESIAN_POINT('',(0.15093494404123,0.448728457117967,0.));
#1388=CARTESIAN_POINT('',(0.15091738311688,0.43453487685682,0.));
#1389=CARTESIAN_POINT('',(0.150903083830093,0.422953765727323,0.));
#1390=CARTESIAN_POINT('',(0.150887655949781,0.410436728663713,0.));
#1391=CARTESIAN_POINT('',(0.150871099475946,0.396983765667776,0.));
#1392=CARTESIAN_POINT('',(0.150856361919807,0.384993024888666,0.));
#1393=CARTESIAN_POINT('',(0.150844007578147,0.374932469308327,0.));
#1394=CARTESIAN_POINT('',(0.150834459673487,0.367153071112817,0.));
#1395=CARTESIAN_POINT('',(0.150824629620572,0.359139691536251,0.));
#1396=CARTESIAN_POINT('',(0.150816202785767,0.35226689033401,0.));
#1397=CARTESIAN_POINT('',(0.150809320244608,0.346651659344691,0.));
#1398=CARTESIAN_POINT('',(0.150804087799254,0.342381738780613,0.));
#1399=CARTESIAN_POINT('',(0.150799668654813,0.338774731708022,0.));
#1400=CARTESIAN_POINT('',(0.150796098053667,0.335859864444481,0.));
#1401=CARTESIAN_POINT('',(0.150793851771535,0.334025917566008,0.));
#1402=CARTESIAN_POINT('',(0.150792045839804,0.332551375549476,0.));
#1403=CARTESIAN_POINT('',(0.150790687225815,0.331442011835489,0.));
#1404=CARTESIAN_POINT('',(0.150789550599462,0.33051386315646,0.));
#1405=CARTESIAN_POINT('',(0.15078864083054,0.329770934333692,0.));
#1406=CARTESIAN_POINT('',(0.150788067352512,0.329302613050737,0.));
#1407=CARTESIAN_POINT('',(0.150787617074506,0.32893489436869,0.));
#1408=CARTESIAN_POINT('',(0.15078731475942,0.328688005984413,0.));
#1409=CARTESIAN_POINT('',(0.150787120093839,0.328529029297479,0.));
#1410=CARTESIAN_POINT('',(0.150787005337948,0.328435309977978,0.));
#1411=CARTESIAN_POINT('',(0.150786767335146,0.328240931821925,0.));
#1412=CARTESIAN_POINT('',(0.150786446863229,0.327979183637828,0.));
#1413=CARTESIAN_POINT('',(0.150785923496505,0.327551685592467,0.));
#1414=CARTESIAN_POINT('',(0.150785273455285,0.327020651041145,0.));
#1415=CARTESIAN_POINT('',(0.150784232275631,0.32616994715941,0.));
#1416=CARTESIAN_POINT('',(0.150782933317491,0.325108361615848,0.));
#1417=CARTESIAN_POINT('',(0.150780858438596,0.323412089303087,0.));
#1418=CARTESIAN_POINT('',(0.150778272197949,0.321296714832622,0.));
#1419=CARTESIAN_POINT('',(0.150775180205283,0.318765985012648,0.));
#1420=CARTESIAN_POINT('',(0.150772099782853,0.316243035272669,0.));
#1421=CARTESIAN_POINT('',(0.150769030910803,0.313727849399235,0.));
#1422=CARTESIAN_POINT('',(0.150764954488963,0.31038462581457,0.));
#1423=CARTESIAN_POINT('',(0.150759887847592,0.306225014145792,0.));
#1424=CARTESIAN_POINT('',(0.150751842846061,0.299611061243217,0.));
#1425=CARTESIAN_POINT('',(0.15074190213977,0.291421292921843,0.));
#1426=CARTESIAN_POINT('',(0.15073015816541,0.281717847585441,0.));
#1427=CARTESIAN_POINT('',(0.150714746030451,0.268945622616638,0.));
#1428=CARTESIAN_POINT('',(0.150699703641775,0.256421950866425,0.));
#1429=CARTESIAN_POINT('',(0.150685030999453,0.244146832397252,0.));
#1430=CARTESIAN_POINT('',(0.150674211390707,0.23506477003027,0.));
#1431=CARTESIAN_POINT('',(0.150665349111533,0.227599948989141,0.));
#1432=CARTESIAN_POINT('',(0.15065835172367,0.221690229527405,0.));
#1433=CARTESIAN_POINT('',(0.150653149904061,0.217289011645442,0.));
#1434=CARTESIAN_POINT('',(0.150647994291287,0.212918853144973,0.));
#1435=CARTESIAN_POINT('',(0.150643736498219,0.209302975798013,0.));
#1436=CARTESIAN_POINT('',(0.150640353293024,0.206425740323684,0.));
#1437=CARTESIAN_POINT('',(0.150638248600462,0.204634096106298,0.));
#1438=CARTESIAN_POINT('',(0.15063657020717,0.203204308907368,0.));
#1439=CARTESIAN_POINT('',(0.150635315441305,0.202134883609959,0.));
#1440=CARTESIAN_POINT('',(0.150634268582303,0.201242217893897,0.));
#1441=CARTESIAN_POINT('',(0.150633544164596,0.200624277551975,0.));
#1442=CARTESIAN_POINT('',(0.150633119455702,0.200261924166687,0.));
#1443=CARTESIAN_POINT('',(0.150632832421335,0.200017006498287,0.));
#1444=CARTESIAN_POINT('',(0.150632425858956,0.199670049840163,0.));
#1445=CARTESIAN_POINT('',(0.150631925694081,0.199243140248768,0.));
#1446=CARTESIAN_POINT('',(0.150631031427726,0.198479677514638,0.));
#1447=CARTESIAN_POINT('',(0.150629765412654,0.197398327473611,0.));
#1448=CARTESIAN_POINT('',(0.150628243988401,0.196098011354123,0.));
#1449=CARTESIAN_POINT('',(0.150626219803718,0.19436690978308,0.));
#1450=CARTESIAN_POINT('',(0.150623694416712,0.192205131764249,0.));
#1451=CARTESIAN_POINT('',(0.150619665532247,0.188751960266621,0.));
#1452=CARTESIAN_POINT('',(0.150614650784078,0.184445582846468,0.));
#1453=CARTESIAN_POINT('',(0.150608667460632,0.17929424184514,0.));
#1454=CARTESIAN_POINT('',(0.150602718457306,0.174159166470238,0.));
#1455=CARTESIAN_POINT('',(0.150594832232293,0.167334103240095,0.));
#1456=CARTESIAN_POINT('',(0.150585060278574,0.158843461515548,0.));
#1457=CARTESIAN_POINT('',(0.150573471260968,0.148719793521035,0.));
#1458=CARTESIAN_POINT('',(0.150558202338982,0.13530837145187,0.));
#1459=CARTESIAN_POINT('',(0.150539459502244,0.118706847860223,0.));
#1460=CARTESIAN_POINT('',(0.150517517403209,0.0990454258201594,0.));
#1461=CARTESIAN_POINT('',(0.150488993677945,0.0731774048365439,0.));
#1462=CARTESIAN_POINT('',(0.150461568562838,0.047830196441686,0.));
#1463=CARTESIAN_POINT('',(0.150435242057891,0.0230038006387481,0.));
#1464=CARTESIAN_POINT('',(0.150416046484261,0.0046444100825749,0.));
#1465=CARTESIAN_POINT('',(0.150397400215709,-0.0134545741799813,0.));
#1466=CARTESIAN_POINT('',(0.150379303252243,-0.031293152139338,0.));
#1467=CARTESIAN_POINT('',(0.150364680203567,-0.0459416285493997,0.));
#1468=CARTESIAN_POINT('',(0.150353256417215,-0.0575302064767653,0.));
#1469=CARTESIAN_POINT('',(0.150344825903585,-0.0661565384928452,0.));
#1470=CARTESIAN_POINT('',(0.15033791491455,-0.0732908967351568,0.));
#1471=CARTESIAN_POINT('',(0.150332454785491,-0.0789658335726284,0.));
#1472=CARTESIAN_POINT('',(0.150328394022903,-0.0832057579912334,0.));
#1473=CARTESIAN_POINT('',(0.150324367581808,-0.0874294177651663,0.));
#1474=CARTESIAN_POINT('',(0.150321040855252,-0.0909355379328864,0.));
#1475=CARTESIAN_POINT('',(0.150318396569508,-0.0937323713543081,0.));
#1476=CARTESIAN_POINT('',(0.150316751203343,-0.0954768308170934,0.));
#1477=CARTESIAN_POINT('',(0.150315438835391,-0.0968707549418511,0.));
#1478=CARTESIAN_POINT('',(0.150314457708537,-0.0979141103183632,0.));
#1479=CARTESIAN_POINT('',(0.150313638699001,-0.0987861308974616,0.));
#1480=CARTESIAN_POINT('',(0.150313072595145,-0.0993894171900896,0.));
#1481=CARTESIAN_POINT('',(0.150312739594622,-0.0997444601430848,0.));
#1482=CARTESIAN_POINT('',(0.150312517531065,-0.0999812829937603,0.));
#1483=CARTESIAN_POINT('',(0.150312190281118,-0.100330407881868,0.));
#1484=CARTESIAN_POINT('',(0.150311790888706,-0.100756682050698,0.));
#1485=CARTESIAN_POINT('',(0.150311075354668,-0.101520806809393,0.));
#1486=CARTESIAN_POINT('',(0.150310063603233,-0.10260255115886,0.));
#1487=CARTESIAN_POINT('',(0.150308848054842,-0.103904221130564,0.));
#1488=CARTESIAN_POINT('',(0.150307231840606,-0.105637675993825,0.));
#1489=CARTESIAN_POINT('',(0.150305217075129,-0.107803711602726,0.));
#1490=CARTESIAN_POINT('',(0.150302006422084,-0.111266382853093,0.));
#1491=CARTESIAN_POINT('',(0.150298016859771,-0.115589729398256,0.));
#1492=CARTESIAN_POINT('',(0.150293267569632,-0.12076956713061,0.));
#1493=CARTESIAN_POINT('',(0.150288556416389,-0.125941277654711,0.));
#1494=CARTESIAN_POINT('',(0.150282325744883,-0.132826037327857,0.));
#1495=CARTESIAN_POINT('',(0.150274632771724,-0.141411643322104,0.));
#1496=CARTESIAN_POINT('',(0.15026555379234,-0.15168181814789,0.));
#1497=CARTESIAN_POINT('',(0.150253651936836,-0.165331982353414,0.));
#1498=CARTESIAN_POINT('',(0.150239156087244,-0.182313308004085,0.));
#1499=CARTESIAN_POINT('',(0.15022237141927,-0.202560691548967,0.));
#1500=CARTESIAN_POINT('',(0.150206197102865,-0.222677867822007,0.));
#1501=CARTESIAN_POINT('',(0.150190633138021,-0.242664836832826,0.));
#1502=CARTESIAN_POINT('',(0.150170694986979,-0.269140519160873,0.));
#1503=CARTESIAN_POINT('',(0.150147298177083,-0.301909603910545,0.));
#1504=CARTESIAN_POINT('',(0.150121663411458,-0.340711676553041,0.));
#1505=CARTESIAN_POINT('',(0.150098470052083,-0.378992920138557,0.));
#1506=CARTESIAN_POINT('',(0.15007080078125,-0.429340139509893,0.));
#1507=CARTESIAN_POINT('',(0.150042317708333,-0.490972091081549,0.));
#1508=CARTESIAN_POINT('',(0.150017903645833,-0.562847116739507,0.));
#1509=CARTESIAN_POINT('',(0.150003255208333,-0.632638826169437,0.));
#1510=CARTESIAN_POINT('',(0.15,-0.677777754970704,0.));
#1511=CARTESIAN_POINT('',(0.15,-0.7,0.));
#1512=CARTESIAN_POINT('',(0.15,-0.7,0.));
#1513=CARTESIAN_POINT('',(0.15,-0.7,0.));
#1514=CARTESIAN_POINT('',(0.15,-0.713564520912959,0.));
#1515=CARTESIAN_POINT('',(0.14975187484186,-0.733879748844969,0.));
#1516=CARTESIAN_POINT('',(0.148923650145937,-0.760923271942781,0.));
#1517=CARTESIAN_POINT('',(0.148056067719037,-0.781144871733726,0.));
#1518=CARTESIAN_POINT('',(0.146932944703542,-0.801462704165512,0.));
#1519=CARTESIAN_POINT('',(0.145564379630331,-0.82164442063331,0.));
#1520=CARTESIAN_POINT('',(0.144216624342583,-0.838406031746918,0.));
#1521=CARTESIAN_POINT('',(0.14316572685251,-0.850091574464127,0.));
#1522=CARTESIAN_POINT('',(0.14253299713601,-0.856770794930816,0.));
#1523=CARTESIAN_POINT('',(0.142046488615828,-0.861740127211653,0.));
#1524=CARTESIAN_POINT('',(0.141531055328664,-0.866836657129833,0.));
#1525=CARTESIAN_POINT('',(0.140827679869012,-0.873571949013093,0.));
#1526=CARTESIAN_POINT('',(0.139540039332144,-0.885348289270796,0.));
#1527=CARTESIAN_POINT('',(0.137944707589356,-0.89872252089867,0.));
#1528=CARTESIAN_POINT('',(0.136224276403418,-0.912025848476884,0.));
#1529=CARTESIAN_POINT('',(0.134871828518985,-0.921964357168859,0.));
#1530=CARTESIAN_POINT('',(0.133692236487521,-0.930219202131247,0.));
#1531=CARTESIAN_POINT('',(0.132840387763882,-0.935973824759925,0.));
#1532=CARTESIAN_POINT('',(0.132344038690123,-0.939269083061808,0.));
#1533=CARTESIAN_POINT('',(0.131972906115344,-0.941705601463775,0.));
#1534=CARTESIAN_POINT('',(0.131578663914746,-0.944264363985945,0.));
#1535=CARTESIAN_POINT('',(0.131054393814924,-0.947627479640516,0.));
#1536=CARTESIAN_POINT('',(0.130119929454458,-0.953520991486999,0.));
#1537=CARTESIAN_POINT('',(0.128197661735062,-0.965244141039837,0.));
#1538=CARTESIAN_POINT('',(0.125872872385504,-0.978535425834812,0.));
#1539=CARTESIAN_POINT('',(0.123421436393091,-0.991711759564377,0.));
#1540=CARTESIAN_POINT('',(0.121836380996498,-0.999900053392849,0.));
#1541=CARTESIAN_POINT('',(0.120536530181098,-1.00642277119216,0.));
#1542=CARTESIAN_POINT('',(0.119545970963193,-1.01129977235667,0.));
#1543=CARTESIAN_POINT('',(0.118706641709489,-1.01535517512184,0.));
#1544=CARTESIAN_POINT('',(0.118113419834425,-1.01818191852409,0.));
#1545=CARTESIAN_POINT('',(0.11777049714114,-1.01980460018722,0.));
#1546=CARTESIAN_POINT('',(0.117517820319923,-1.02099491824439,0.));
#1547=CARTESIAN_POINT('',(0.117243100613494,-1.02228302012667,0.));
#1548=CARTESIAN_POINT('',(0.116882779597551,-1.02396422835776,0.));
#1549=CARTESIAN_POINT('',(0.116245229063027,-1.02691796296433,0.));
#1550=CARTESIAN_POINT('',(0.115326022278969,-1.03111636849567,0.));
#1551=CARTESIAN_POINT('',(0.114205879169334,-1.03613758084449,0.));
#1552=CARTESIAN_POINT('',(0.112690848417794,-1.04280396856831,0.));
#1553=CARTESIAN_POINT('',(0.110756141143107,-1.0510861963861,0.));
#1554=CARTESIAN_POINT('',(0.108369215773924,-1.06094275595461,0.));
#1555=CARTESIAN_POINT('',(0.10591693782359,-1.07071752872398,0.));
#1556=CARTESIAN_POINT('',(0.103819004271946,-1.07879467938155,0.));
#1557=CARTESIAN_POINT('',(0.102107853706581,-1.0852159507729,0.));
#1558=CARTESIAN_POINT('',(0.1008085496321,-1.09001005283954,0.));
#1559=CARTESIAN_POINT('',(0.099710949690785,-1.09399244391793,0.));
#1560=CARTESIAN_POINT('',(0.0989379144670676,-1.09676258237519,0.));
#1561=CARTESIAN_POINT('',(0.0984903456435663,-1.09835635048093,0.));
#1562=CARTESIAN_POINT('',(0.0981643336318977,-1.09951267268249,0.));
#1563=CARTESIAN_POINT('',(0.0977964565064394,-1.10081191551981,0.));
#1564=CARTESIAN_POINT('',(0.0973187881270676,-1.10249122686642,0.));
#1565=CARTESIAN_POINT('',(0.0964725556971316,-1.10544697896609,0.));
#1566=CARTESIAN_POINT('',(0.095256606248695,-1.10963839270146,0.));
#1567=CARTESIAN_POINT('',(0.0937791605814633,-1.1146432972743,0.));
#1568=CARTESIAN_POINT('',(0.091787322098942,-1.12127458671538,0.));
#1569=CARTESIAN_POINT('',(0.0892552915790268,-1.12948918332842,0.));
#1570=CARTESIAN_POINT('',(0.0861496407215634,-1.13922620329285,0.));
#1571=CARTESIAN_POINT('',(0.0829766903673826,-1.14884303963117,0.));
#1572=CARTESIAN_POINT('',(0.0802764683410949,-1.15675693546594,0.));
#1573=CARTESIAN_POINT('',(0.0780827084742525,-1.16302777071387,0.));
#1574=CARTESIAN_POINT('',(0.0766974474445127,-1.16692237857581,0.));
#1575=CARTESIAN_POINT('',(0.075581154816061,-1.17002215524704,0.));
#1576=CARTESIAN_POINT('',(0.0747388338985611,-1.17234188462382,0.));
#1577=CARTESIAN_POINT('',(0.0740362453576129,-1.17426105937737,0.));
#1578=CARTESIAN_POINT('',(0.0734656794019046,-1.17580984659443,0.));
#1579=CARTESIAN_POINT('',(0.0730541705878117,-1.17692254698025,0.));
#1580=CARTESIAN_POINT('',(0.0725749384697875,-1.1782128120198,0.));
#1581=CARTESIAN_POINT('',(0.0719579123235606,-1.17986633757624,0.));
#1582=CARTESIAN_POINT('',(0.0711760991085309,-1.18194773236808,0.));
#1583=CARTESIAN_POINT('',(0.0702372883383282,-1.18442473511067,0.));
#1584=CARTESIAN_POINT('',(0.0689789360668691,-1.18771541702071,0.));
#1585=CARTESIAN_POINT('',(0.067396262507744,-1.19179912306168,0.));
#1586=CARTESIAN_POINT('',(0.064842118840968,-1.19827278702624,0.));
#1587=CARTESIAN_POINT('',(0.0616089475914841,-1.20625049726079,0.));
#1588=CARTESIAN_POINT('',(0.0576641978433878,-1.21564118531735,0.));
#1589=CARTESIAN_POINT('',(0.0536545408173161,-1.22484920524356,0.));
#1590=CARTESIAN_POINT('',(0.0502590786473868,-1.23237032198413,0.));
#1591=CARTESIAN_POINT('',(0.0475102222368878,-1.23829595082491,0.));
#1592=CARTESIAN_POINT('',(0.0457787346558807,-1.2419612728961,0.));
#1593=CARTESIAN_POINT('',(0.0443852679710749,-1.2448710274083,0.));
#1594=CARTESIAN_POINT('',(0.0433365563116572,-1.24704102811956,0.));
#1595=CARTESIAN_POINT('',(0.0424578323951422,-1.2488427099435,0.));
#1596=CARTESIAN_POINT('',(0.0418437309733521,-1.25009327805374,0.));
#1597=CARTESIAN_POINT('',(0.0414879676174056,-1.25081522840321,0.));
#1598=CARTESIAN_POINT('',(0.0412331205832878,-1.25133128096721,0.));
#1599=CARTESIAN_POINT('',(0.0409312743758387,-1.25194102339909,0.));
#1600=CARTESIAN_POINT('',(0.0405448470473202,-1.25271953853659,0.));
#1601=CARTESIAN_POINT('',(0.0398602476437325,-1.25409360549152,0.));
#1602=CARTESIAN_POINT('',(0.0388840861923595,-1.25603783805392,0.));
#1603=CARTESIAN_POINT('',(0.0377075708965541,-1.25835729282801,0.));
#1604=CARTESIAN_POINT('',(0.0361349184904351,-1.26142593419918,0.));
#1605=CARTESIAN_POINT('',(0.0341603471789194,-1.26521947582863,0.));
#1606=CARTESIAN_POINT('',(0.0317772777487092,-1.26970325172871,0.));
#1607=CARTESIAN_POINT('',(0.0293804733868907,-1.27411884671523,0.));
#1608=CARTESIAN_POINT('',(0.0273718397015952,-1.2777414295704,0.));
#1609=CARTESIAN_POINT('',(0.0257578725185549,-1.28060573079704,0.));
#1610=CARTESIAN_POINT('',(0.0245445759996941,-1.28273586469349,0.));
#1611=CARTESIAN_POINT('',(0.0235287411780468,-1.2844999990284,0.));
#1612=CARTESIAN_POINT('',(0.0228198978044206,-1.28572105033722,0.));
#1613=CARTESIAN_POINT('',(0.0224085815646561,-1.28642661313064,0.));
#1614=CARTESIAN_POINT('',(0.0221163190072609,-1.28692668053901,0.));
#1615=CARTESIAN_POINT('',(0.0217610069074285,-1.28753285564265,0.));
#1616=CARTESIAN_POINT('',(0.0213090721987168,-1.28830137716737,0.));
#1617=CARTESIAN_POINT('',(0.0205075873708679,-1.28965817644908,0.));
#1618=CARTESIAN_POINT('',(0.0193669011762932,-1.29157125590545,0.));
#1619=CARTESIAN_POINT('',(0.0179940990404834,-1.2938451833249,0.));
#1620=CARTESIAN_POINT('',(0.0161622430194304,-1.29684147130491,0.));
#1621=CARTESIAN_POINT('',(0.0138679253492575,-1.30052308664961,0.));
#1622=CARTESIAN_POINT('',(0.0101881592251466,-1.3062764212546,0.));
#1623=CARTESIAN_POINT('',(0.00557150323636666,-1.31321132745007,0.));
#1624=CARTESIAN_POINT('',(0.00186017272656851,-1.31848524880265,0.));
#1625=CARTESIAN_POINT('',(-5.49057746598152E-15,-1.32105371891735,0.));
#1626=CARTESIAN_POINT('',(0.5,0.5,0.477358975094835));
#1627=CARTESIAN_POINT('',(0.5,0.902297557991136,0.477358975094835));
#1628=CARTESIAN_POINT('',(0.386477659408778,1.30114877899557,0.415498901477344));
#1629=CARTESIAN_POINT('',(0.272955318817556,1.7,0.353638827859853));
#1630=CARTESIAN_POINT('',(0.5,0.5,0.464072650063223));
#1631=CARTESIAN_POINT('',(0.5,0.902291797442787,0.464072650063223));
#1632=CARTESIAN_POINT('',(0.386477659408778,1.30114589872139,0.408665934318229));
#1633=CARTESIAN_POINT('',(0.272955318817556,1.7,0.353259218573235));
#1634=CARTESIAN_POINT('',(0.5,0.5,0.450786325031612));
#1635=CARTESIAN_POINT('',(0.5,0.902285485978322,0.450786325031612));
#1636=CARTESIAN_POINT('',(0.386477659408778,1.30114274298916,0.401832967159114));
#1637=CARTESIAN_POINT('',(0.272955318817556,1.7,0.352879609286618));
#1638=CARTESIAN_POINT('',(0.5,0.5,0.430208333333334));
#1639=CARTESIAN_POINT('',(0.5,0.902276550143355,0.430208333333334));
#1640=CARTESIAN_POINT('',(0.386477659408778,1.30113827507168,0.39125));
#1641=CARTESIAN_POINT('',(0.272955318817556,1.7,0.352291666666667));
#1642=CARTESIAN_POINT('',(0.5,0.5,0.422916666666667));
#1643=CARTESIAN_POINT('',(0.5,0.902273548484722,0.422916666666667));
#1644=CARTESIAN_POINT('',(0.386477659408778,1.30113677424236,0.3875));
#1645=CARTESIAN_POINT('',(0.272955318817556,1.7,0.352083333333334));
#1646=CARTESIAN_POINT('',(0.5,0.5,0.408333333333334));
#1647=CARTESIAN_POINT('',(0.5,0.90226816748537,0.408333333333334));
#1648=CARTESIAN_POINT('',(0.386477659408778,1.30113408374268,0.38));
#1649=CARTESIAN_POINT('',(0.272955318817556,1.7,0.351666666666667));
#1650=CARTESIAN_POINT('',(0.5,0.5,0.401041666666667));
#1651=CARTESIAN_POINT('',(0.5,0.902265790129032,0.401041666666667));
#1652=CARTESIAN_POINT('',(0.386477659408778,1.30113289506452,0.37625));
#1653=CARTESIAN_POINT('',(0.272955318817557,1.7,0.351458333333334));
#1654=CARTESIAN_POINT('',(0.5,0.5,0.386458333333334));
#1655=CARTESIAN_POINT('',(0.5,0.902261889770207,0.386458333333334));
#1656=CARTESIAN_POINT('',(0.386477659408778,1.3011309448851,0.36875));
#1657=CARTESIAN_POINT('',(0.272955318817557,1.7,0.351041666666667));
#1658=CARTESIAN_POINT('',(0.5,0.5,0.379166666666667));
#1659=CARTESIAN_POINT('',(0.5,0.902260367416098,0.379166666666667));
#1660=CARTESIAN_POINT('',(0.386477659408778,1.30113018370805,0.365));
#1661=CARTESIAN_POINT('',(0.272955318817557,1.7,0.350833333333334));
#1662=CARTESIAN_POINT('',(0.5,0.5,0.364583333333334));
#1663=CARTESIAN_POINT('',(0.5,0.90225832100442,0.364583333333334));
#1664=CARTESIAN_POINT('',(0.386477659408778,1.30112916050221,0.3575));
#1665=CARTESIAN_POINT('',(0.272955318817557,1.7,0.350416666666667));
#1666=CARTESIAN_POINT('',(0.5,0.5,0.357291666666667));
#1667=CARTESIAN_POINT('',(0.5,0.902257796404472,0.357291666666667));
#1668=CARTESIAN_POINT('',(0.386477659408778,1.30112889820224,0.35375));
#1669=CARTESIAN_POINT('',(0.272955318817557,1.7,0.350208333333334));
#1670=CARTESIAN_POINT('',(0.5,0.5,0.342708333333334));
#1671=CARTESIAN_POINT('',(0.5,0.902257798139526,0.342708333333334));
#1672=CARTESIAN_POINT('',(0.386477659408778,1.30112889906976,0.34625));
#1673=CARTESIAN_POINT('',(0.272955318817557,1.7,0.349791666666667));
#1674=CARTESIAN_POINT('',(0.5,0.5,0.335416666666667));
#1675=CARTESIAN_POINT('',(0.5,0.90225832100442,0.335416666666667));
#1676=CARTESIAN_POINT('',(0.386477659408778,1.30112916050221,0.3425));
#1677=CARTESIAN_POINT('',(0.272955318817557,1.7,0.349583333333334));
#1678=CARTESIAN_POINT('',(0.5,0.5,0.320833333333334));
#1679=CARTESIAN_POINT('',(0.5,0.902260367416098,0.320833333333334));
#1680=CARTESIAN_POINT('',(0.386477659408778,1.30113018370805,0.335));
#1681=CARTESIAN_POINT('',(0.272955318817557,1.7,0.349166666666667));
#1682=CARTESIAN_POINT('',(0.5,0.5,0.313541666666666));
#1683=CARTESIAN_POINT('',(0.5,0.902261889770207,0.313541666666666));
#1684=CARTESIAN_POINT('',(0.386477659408778,1.3011309448851,0.33125));
#1685=CARTESIAN_POINT('',(0.272955318817557,1.7,0.348958333333334));
#1686=CARTESIAN_POINT('',(0.5,0.5,0.298958333333334));
#1687=CARTESIAN_POINT('',(0.5,0.902265790129032,0.298958333333334));
#1688=CARTESIAN_POINT('',(0.386477659408778,1.30113289506452,0.32375));
#1689=CARTESIAN_POINT('',(0.272955318817557,1.7,0.348541666666667));
#1690=CARTESIAN_POINT('',(0.5,0.5,0.291666666666667));
#1691=CARTESIAN_POINT('',(0.5,0.90226816748537,0.291666666666667));
#1692=CARTESIAN_POINT('',(0.386477659408778,1.30113408374268,0.32));
#1693=CARTESIAN_POINT('',(0.272955318817557,1.7,0.348333333333334));
#1694=CARTESIAN_POINT('',(0.5,0.5,0.277083333333334));
#1695=CARTESIAN_POINT('',(0.5,0.902273548484722,0.277083333333334));
#1696=CARTESIAN_POINT('',(0.386477659408778,1.30113677424236,0.3125));
#1697=CARTESIAN_POINT('',(0.272955318817557,1.7,0.347916666666667));
#1698=CARTESIAN_POINT('',(0.5,0.5,0.269791666666667));
#1699=CARTESIAN_POINT('',(0.5,0.902276550143355,0.269791666666667));
#1700=CARTESIAN_POINT('',(0.386477659408778,1.30113827507168,0.30875));
#1701=CARTESIAN_POINT('',(0.272955318817557,1.7,0.347708333333334));
#1702=CARTESIAN_POINT('',(0.5,0.5,0.24921367346359));
#1703=CARTESIAN_POINT('',(0.5,0.902285485978975,0.24921367346359));
#1704=CARTESIAN_POINT('',(0.386477659408778,1.30114274298949,0.298167032066989));
#1705=CARTESIAN_POINT('',(0.272955318817557,1.7,0.347120390670388));
#1706=CARTESIAN_POINT('',(0.5,0.5,0.23592734692718));
#1707=CARTESIAN_POINT('',(0.5,0.902291797444217,0.23592734692718));
#1708=CARTESIAN_POINT('',(0.386477659408778,1.30114589872211,0.291334064133978));
#1709=CARTESIAN_POINT('',(0.272955318817557,1.7,0.346740781340777));
#1710=CARTESIAN_POINT('',(0.5,0.5,0.222641020390769));
#1711=CARTESIAN_POINT('',(0.5,0.902297557993093,0.222641020390769));
#1712=CARTESIAN_POINT('',(0.386477659408778,1.30114877899655,0.284501096200967));
#1713=CARTESIAN_POINT('',(0.272955318817557,1.7,0.346361172011165));
#1714=CARTESIAN_POINT('',(0.272955318817556,1.7,0.35));
#1715=CARTESIAN_POINT('',(0.272955318817556,1.7,0.35115826396512));
#1716=CARTESIAN_POINT('',(0.272955318817556,1.7,0.348841735909948));
#1717=CARTESIAN_POINT('',(0.272955318817557,1.7,0.351158263965119));
#1718=CARTESIAN_POINT('',(0.273148913078607,1.69931979334437,0.351269079793511));
#1719=CARTESIAN_POINT('',(0.273555444471128,1.69789142122032,0.351501346886044));
#1720=CARTESIAN_POINT('',(0.274112073755739,1.69593566918915,0.351818945951914));
#1721=CARTESIAN_POINT('',(0.274586251884195,1.6942696016833,0.352089137931484));
#1722=CARTESIAN_POINT('',(0.274956823588534,1.69296755443207,0.352299988071835));
#1723=CARTESIAN_POINT('',(0.275276379535796,1.69184474509862,0.352481426711453));
#1724=CARTESIAN_POINT('',(0.275509062421464,1.69102716885919,0.35261322808879));
#1725=CARTESIAN_POINT('',(0.275639707835913,1.69056811837827,0.352687136189906));
#1726=CARTESIAN_POINT('',(0.275750233104901,1.69017976245966,0.352749593323856));
#1727=CARTESIAN_POINT('',(0.275817192848698,1.68994448307154,0.352787394746039));
#1728=CARTESIAN_POINT('',(0.275922856140881,1.6895732083273,0.352847007452688));
#1729=CARTESIAN_POINT('',(0.276103042341311,1.68894007485417,0.352948535322422));
#1730=CARTESIAN_POINT('',(0.276371274101275,1.68799755858182,0.353099340147107));
#1731=CARTESIAN_POINT('',(0.276702822856971,1.68683253707948,0.353285206304634));
#1732=CARTESIAN_POINT('',(0.277046128511031,1.68562617835236,0.353477127350145));
#1733=CARTESIAN_POINT('',(0.277400484082258,1.68438096139544,0.353674662132264));
#1734=CARTESIAN_POINT('',(0.277766622329922,1.68309430520636,0.353878152042814));
#1735=CARTESIAN_POINT('',(0.278079694780679,1.68199409621879,0.354051593645381));
#1736=CARTESIAN_POINT('',(0.278306607119295,1.68119665315445,0.354176960543292));
#1737=CARTESIAN_POINT('',(0.278433273803163,1.68075150000971,0.354246849989872));
#1738=CARTESIAN_POINT('',(0.278541395687146,1.68037151611902,0.354306442142883));
#1739=CARTESIAN_POINT('',(0.278602759860017,1.68015585584477,0.35434023216533));
#1740=CARTESIAN_POINT('',(0.278701745928057,1.67980797416707,0.354394707388655));
#1741=CARTESIAN_POINT('',(0.278869073969779,1.6792199013316,0.354486683096083));
#1742=CARTESIAN_POINT('',(0.279117227611379,1.67834774913173,0.354622801219361));
#1743=CARTESIAN_POINT('',(0.279421447639965,1.67727851376559,0.354789213321395));
#1744=CARTESIAN_POINT('',(0.279838546066228,1.67581249721577,0.355016776506227));
#1745=CARTESIAN_POINT('',(0.280380092914482,1.67390896573233,0.355311121532009));
#1746=CARTESIAN_POINT('',(0.281062633933839,1.67150963703172,0.355680231350814));
#1747=CARTESIAN_POINT('',(0.281777729291413,1.66899562452893,0.356064912662391));
#1748=CARTESIAN_POINT('',(0.282400794269363,1.66680491246701,0.356398181168622));
#1749=CARTESIAN_POINT('',(0.282915496491066,1.66499503260609,0.356672172359682));
#1750=CARTESIAN_POINT('',(0.28324401256707,1.66383977280509,0.356846465426931));
#1751=CARTESIAN_POINT('',(0.283510778964784,1.66290161132281,0.356987619043007));
#1752=CARTESIAN_POINT('',(0.283713192726793,1.66218973815629,0.357094524735066));
#1753=CARTESIAN_POINT('',(0.28388258900876,1.66159396244234,0.357183824961676));
#1754=CARTESIAN_POINT('',(0.284003969077467,1.6611670494382,0.35724771672892));
#1755=CARTESIAN_POINT('',(0.284070594769375,1.66093271303504,0.357282762758639));
#1756=CARTESIAN_POINT('',(0.284129109027851,1.66072690380111,0.357313524035833));
#1757=CARTESIAN_POINT('',(0.284155572259746,1.66063382516345,0.357327429299953));
#1758=CARTESIAN_POINT('',(0.284202175930537,1.66046990631531,0.357351912233407));
#1759=CARTESIAN_POINT('',(0.284278800472914,1.6602003922759,0.357392142958932));
#1760=CARTESIAN_POINT('',(0.284391824252725,1.65980284243794,0.357451425140802));
#1761=CARTESIAN_POINT('',(0.284527611741541,1.65932521044618,0.357522547719453));
#1762=CARTESIAN_POINT('',(0.284710839855219,1.65868068857799,0.357618389281157));
#1763=CARTESIAN_POINT('',(0.28494305348886,1.65786382121641,0.357739610015073));
#1764=CARTESIAN_POINT('',(0.285321750643054,1.65653158453133,0.357936778203989));
#1765=CARTESIAN_POINT('',(0.285808361743608,1.65481955629713,0.358189155234246));
#1766=CARTESIAN_POINT('',(0.286413521364346,1.65269015896349,0.358501421304733));
#1767=CARTESIAN_POINT('',(0.28703988009633,1.65048584897876,0.358822990839779));
#1768=CARTESIAN_POINT('',(0.287903277250715,1.64744686661466,0.359263992042795));
#1769=CARTESIAN_POINT('',(0.289035457216654,1.64346082894626,0.359837847173565));
#1770=CARTESIAN_POINT('',(0.290238103294802,1.63922503823426,0.360440688848117));
#1771=CARTESIAN_POINT('',(0.291242419180558,1.63568655268227,0.360939487304614));
#1772=CARTESIAN_POINT('',(0.292016733855866,1.63295775792817,0.361321598972154));
#1773=CARTESIAN_POINT('',(0.292812098547241,1.63015404492856,0.361711456115136));
#1774=CARTESIAN_POINT('',(0.293492434221728,1.627755143578,0.362042557721398));
#1775=CARTESIAN_POINT('',(0.294047181724145,1.62579863002601,0.362311004771133));
#1776=CARTESIAN_POINT('',(0.294398317651201,1.62456003261969,0.362480262518958));
#1777=CARTESIAN_POINT('',(0.294681739957696,1.62356016793198,0.36261647012878));
#1778=CARTESIAN_POINT('',(0.29489591137585,1.6228045465711,0.362719187363918));
#1779=CARTESIAN_POINT('',(0.295074541729724,1.62217426651672,0.362804684383247));
#1780=CARTESIAN_POINT('',(0.295201994853347,1.62172453139398,0.362865588964483));
#1781=CARTESIAN_POINT('',(0.295272117137949,1.62147708831625,0.362899072748243));
#1782=CARTESIAN_POINT('',(0.295332880204731,1.62126266613466,0.362928069562097));
#1783=CARTESIAN_POINT('',(0.295362802660354,1.62115707300094,0.362942342110536));
#1784=CARTESIAN_POINT('',(0.295413554505324,1.62097797353385,0.362966544706175));
#1785=CARTESIAN_POINT('',(0.295497551894198,1.62068154598255,0.363006578707081));
#1786=CARTESIAN_POINT('',(0.295620754123317,1.62024674592189,0.363065239607126));
#1787=CARTESIAN_POINT('',(0.295768401844594,1.61972564281276,0.363135441528276));
#1788=CARTESIAN_POINT('',(0.295966896038671,1.61902504232319,0.363229689708689));
#1789=CARTESIAN_POINT('',(0.296217200214427,1.61814149474369,0.363348291593037));
#1790=CARTESIAN_POINT('',(0.296622710648657,1.61670990823701,0.363539900635282));
#1791=CARTESIAN_POINT('',(0.297138846931035,1.61488743091111,0.363782763942299));
#1792=CARTESIAN_POINT('',(0.297773044191366,1.61264748241762,0.364079487799881));
#1793=CARTESIAN_POINT('',(0.298422044555612,1.61035460696282,0.364381386586005));
#1794=CARTESIAN_POINT('',(0.299307097096594,1.6072268527165,0.364790670331997));
#1795=CARTESIAN_POINT('',(0.300450338450255,1.60318481145715,0.365314642064903));
#1796=CARTESIAN_POINT('',(0.301881143210866,1.59812261828204,0.365962177763463));
#1797=CARTESIAN_POINT('',(0.303122445135991,1.5937276042827,0.366516511830823));
#1798=CARTESIAN_POINT('',(0.304144727404875,1.59010581662513,0.366968189040185));
#1799=CARTESIAN_POINT('',(0.304795898082926,1.58779783060052,0.367253809280829));
#1800=CARTESIAN_POINT('',(0.305323964513045,1.58592553953212,0.367484128501664));
#1801=CARTESIAN_POINT('',(0.305724095838851,1.58450652401526,0.367657981687662));
#1802=CARTESIAN_POINT('',(0.30605917092738,1.58331794628685,0.367803010044846));
#1803=CARTESIAN_POINT('',(0.306298059510768,1.58247040615339,0.367906096161015));
#1804=CARTESIAN_POINT('',(0.306430733518199,1.58199965853514,0.367963267334366));
#1805=CARTESIAN_POINT('',(0.306542544724346,1.58160290793071,0.36801139395964));
#1806=CARTESIAN_POINT('',(0.306608411720124,1.5813691726383,0.368039719191761));
#1807=CARTESIAN_POINT('',(0.306712574676255,1.58099952773831,0.368084488121792));
#1808=CARTESIAN_POINT('',(0.306888016829935,1.58037688757077,0.368159803482291));
#1809=CARTESIAN_POINT('',(0.307144436264263,1.57946673849438,0.368269643799477));
#1810=CARTESIAN_POINT('',(0.307453448816082,1.57836970472292,0.368401615139367));
#1811=CARTESIAN_POINT('',(0.307870031128497,1.57689050294159,0.368578995322698));
#1812=CARTESIAN_POINT('',(0.308398014420743,1.57501519227894,0.368802794064575));
#1813=CARTESIAN_POINT('',(0.309258780820953,1.57195665296553,0.36916541084483));
#1814=CARTESIAN_POINT('',(0.31036442833845,1.56802553079824,0.369626859770907));
#1815=CARTESIAN_POINT('',(0.31173861937792,1.5631351843538,0.370192958291811));
#1816=CARTESIAN_POINT('',(0.312923120695946,1.55891578790728,0.370674327931202));
#1817=CARTESIAN_POINT('',(0.313894232199486,1.55545378901713,0.371064771561609));
#1818=CARTESIAN_POINT('',(0.314634292006559,1.55281405781912,0.37136016583874));
#1819=CARTESIAN_POINT('',(0.315386060019084,1.55013106108686,0.371658011756433));
#1820=CARTESIAN_POINT('',(0.31602223851846,1.5478592758536,0.371908151795757));
#1821=CARTESIAN_POINT('',(0.316537052781704,1.54602004897701,0.372109389478381));
#1822=CARTESIAN_POINT('',(0.316861121097572,1.54486192817081,0.372235567782489));
#1823=CARTESIAN_POINT('',(0.317122086576929,1.54392909912368,0.372336871618246));
#1824=CARTESIAN_POINT('',(0.317317826327618,1.54322931295079,0.372412704807882));
#1825=CARTESIAN_POINT('',(0.317483804436836,1.54263583083052,0.372476874552339));
#1826=CARTESIAN_POINT('',(0.317611885649051,1.54217780396284,0.372526322013982));
#1827=CARTESIAN_POINT('',(0.317721963345037,1.54178412240169,0.37256876893564));
#1828=CARTESIAN_POINT('',(0.317779410667248,1.54157865297833,0.372590900472812));
#1829=CARTESIAN_POINT('',(0.317874635001678,1.54123805512362,0.37262756750173));
#1830=CARTESIAN_POINT('',(0.317987702045846,1.5408336004258,0.372671053728743));
#1831=CARTESIAN_POINT('',(0.318126668075427,1.54033644806781,0.37272442691323));
#1832=CARTESIAN_POINT('',(0.318311781243014,1.53967412743161,0.372795419517198));
#1833=CARTESIAN_POINT('',(0.318544940963885,1.53883975749018,0.372884644769891));
#1834=CARTESIAN_POINT('',(0.318920894426484,1.53749408209423,0.373028092802208));
#1835=CARTESIAN_POINT('',(0.319396666092364,1.53579052061327,0.373208828380186));
#1836=CARTESIAN_POINT('',(0.319976776963161,1.53371234924235,0.373427882827384));
#1837=CARTESIAN_POINT('',(0.320566088969006,1.53160015906218,0.37364906012234));
#1838=CARTESIAN_POINT('',(0.321364070380926,1.52873858916805,0.373946704541662));
#1839=CARTESIAN_POINT('',(0.322384441426354,1.52507663750612,0.374323741232451));
#1840=CARTESIAN_POINT('',(0.323645359519715,1.52054631391249,0.374783621626493));
#1841=CARTESIAN_POINT('',(0.325374991097351,1.51432456443227,0.375405968176142));
#1842=CARTESIAN_POINT('',(0.327627355515146,1.50620739352485,0.376199667148417));
#1843=CARTESIAN_POINT('',(0.329998858921282,1.49763686978119,0.377010327460282));
#1844=CARTESIAN_POINT('',(0.331966662479636,1.49050841152179,0.377666410107585));
#1845=CARTESIAN_POINT('',(0.33347757295094,1.48502604080083,0.378161558184313));
#1846=CARTESIAN_POINT('',(0.33476566903999,1.48034403555862,0.378576164233523));
#1847=CARTESIAN_POINT('',(0.335813413321415,1.47653041066252,0.378908673215585));
#1848=CARTESIAN_POINT('',(0.336607820914892,1.47363617732531,0.379158373806563));
#1849=CARTESIAN_POINT('',(0.337410788353862,1.47070794133018,0.37940829768443));
#1850=CARTESIAN_POINT('',(0.338087041472063,1.46823936711171,0.379616677110812));
#1851=CARTESIAN_POINT('',(0.3386322679706,1.46624757258069,0.379783390212224));
#1852=CARTESIAN_POINT('',(0.338974843859529,1.46499544919819,0.379887595658748));
#1853=CARTESIAN_POINT('',(0.33924985730404,1.46398987661713,0.379970920563042));
#1854=CARTESIAN_POINT('',(0.339456927731101,1.46323253561325,0.380033493365031));
#1855=CARTESIAN_POINT('',(0.339629025361418,1.46260294050523,0.380085361176012));
#1856=CARTESIAN_POINT('',(0.33975149021707,1.46215482913821,0.380122194775901));
#1857=CARTESIAN_POINT('',(0.339818777902475,1.46190859371378,0.380142413748791));
#1858=CARTESIAN_POINT('',(0.339877045746234,1.4616953493686,0.380159908679437));
#1859=CARTESIAN_POINT('',(0.339905648518773,1.4615906647329,0.380168491428801));
#1860=CARTESIAN_POINT('',(0.339954184156726,1.46141302178757,0.380183051192391));
#1861=CARTESIAN_POINT('',(0.340034401788075,1.46111939945231,0.380207097075226));
#1862=CARTESIAN_POINT('',(0.340151825118294,1.46068953647267,0.380242249690082));
#1863=CARTESIAN_POINT('',(0.340292138593823,1.46017578336153,0.380284177698293));
#1864=CARTESIAN_POINT('',(0.340480247264249,1.45948690551682,0.380340286048946));
#1865=CARTESIAN_POINT('',(0.340716465917442,1.45862160608163,0.380410551354707));
#1866=CARTESIAN_POINT('',(0.341097069924513,1.45722688976992,0.380523348205501));
#1867=CARTESIAN_POINT('',(0.341577634613161,1.45546488538658,0.380664977204526));
#1868=CARTESIAN_POINT('',(0.342162035889663,1.45332052114863,0.380835904141898));
#1869=CARTESIAN_POINT('',(0.342754124676601,1.45114624648732,0.381007742646284));
#1870=CARTESIAN_POINT('',(0.343553800105179,1.44820731458777,0.381238000915376));
#1871=CARTESIAN_POINT('',(0.344572502227086,1.44445884527394,0.381527815822211));
#1872=CARTESIAN_POINT('',(0.345825319891438,1.43984098635205,0.381878305287581));
#1873=CARTESIAN_POINT('',(0.347535964025732,1.4335242390827,0.382348585105736));
#1874=CARTESIAN_POINT('',(0.349749139840586,1.4253290340199,0.382940732840065));
#1875=CARTESIAN_POINT('',(0.352060573509345,1.41673475286633,0.383535121477785));
#1876=CARTESIAN_POINT('',(0.353967631533764,1.40961985018579,0.38400976847817));
#1877=CARTESIAN_POINT('',(0.355426598863415,1.40416392584947,0.384364748082601));
#1878=CARTESIAN_POINT('',(0.356666056984459,1.39951752476787,0.384659240400979));
#1879=CARTESIAN_POINT('',(0.357671661002219,1.39574052207599,0.384893741054054));
#1880=CARTESIAN_POINT('',(0.358432843922807,1.39287782451339,0.385068994185494));
#1881=CARTESIAN_POINT('',(0.359200962629193,1.38998519408464,0.385243547612872));
#1882=CARTESIAN_POINT('',(0.359846818364096,1.38754968009385,0.385388363724577));
#1883=CARTESIAN_POINT('',(0.360366910094831,1.38558637258138,0.385503784910417));
#1884=CARTESIAN_POINT('',(0.360693437305643,1.38435289132024,0.385575746910483));
#1885=CARTESIAN_POINT('',(0.360955404570267,1.38336276382229,0.385633176886712));
#1886=CARTESIAN_POINT('',(0.361152595159311,1.38261719854984,0.385676252559947));
#1887=CARTESIAN_POINT('',(0.36131635141283,1.38199782690879,0.38571189854862));
#1888=CARTESIAN_POINT('',(0.361432977228345,1.3815565937857,0.385737215511201));
#1889=CARTESIAN_POINT('',(0.361496845599469,1.38131492864789,0.38575106254307));
#1890=CARTESIAN_POINT('',(0.361552739465821,1.38110341495526,0.38576316779662));
#1891=CARTESIAN_POINT('',(0.36157820913084,1.38100702465167,0.385768679402742));
#1892=CARTESIAN_POINT('',(0.361622810402998,1.38083822476523,0.38577832788));
#1893=CARTESIAN_POINT('',(0.361695976507753,1.38056129019511,0.385794140564399));
#1894=CARTESIAN_POINT('',(0.36180326077,1.38015514945242,0.385817288491811));
#1895=CARTESIAN_POINT('',(0.361931174108696,1.379670798634,0.385844822768539));
#1896=CARTESIAN_POINT('',(0.362102484010624,1.37902197234378,0.385881613644802));
#1897=CARTESIAN_POINT('',(0.36231718600403,1.37820851193866,0.385927562489872));
#1898=CARTESIAN_POINT('',(0.362662267343002,1.37690044753784,0.386001067763023));
#1899=CARTESIAN_POINT('',(0.363096371069058,1.37525374848869,0.386092879708189));
#1900=CARTESIAN_POINT('',(0.363621733014104,1.3732589244865,0.386202921695696));
#1901=CARTESIAN_POINT('',(0.364151500995739,1.37124536701436,0.3863127959803));
#1902=CARTESIAN_POINT('',(0.364863713955057,1.36853562648573,0.386459028917153));
#1903=CARTESIAN_POINT('',(0.365764911701735,1.3651015881646,0.386641238404541));
#1904=CARTESIAN_POINT('',(0.366863690292017,1.36090575467993,0.386858692382279));
#1905=CARTESIAN_POINT('',(0.368351642159021,1.35521132133197,0.387146671881131));
#1906=CARTESIAN_POINT('',(0.370254146123599,1.34790578825124,0.387502284908768));
#1907=CARTESIAN_POINT('',(0.37260390115321,1.33883912138332,0.387919782051065));
#1908=CARTESIAN_POINT('',(0.375018956159464,1.32947238332105,0.388325708481713));
#1909=CARTESIAN_POINT('',(0.377497765100353,1.31980552725045,0.388717667003168));
#1910=CARTESIAN_POINT('',(0.380885634939975,1.3065161615192,0.389218366207543));
#1911=CARTESIAN_POINT('',(0.384394226932625,1.2926263546895,0.389681176146759));
#1912=CARTESIAN_POINT('',(0.38801579437826,1.27813587319029,0.390095658798171));
#1913=CARTESIAN_POINT('',(0.390786305162809,1.26696761025937,0.390379655993476));
#1914=CARTESIAN_POINT('',(0.393138472629437,1.25741033260197,0.390591657769746));
#1915=CARTESIAN_POINT('',(0.395045052198717,1.24961424126954,0.390745072682178));
#1916=CARTESIAN_POINT('',(0.396487096729837,1.24369202393943,0.390851689761796));
#1917=CARTESIAN_POINT('',(0.397940925284858,1.23769466776956,0.390949510040838));
#1918=CARTESIAN_POINT('',(0.399162007876423,1.23263418565274,0.391023401421249));
#1919=CARTESIAN_POINT('',(0.400144406084017,1.22854832111893,0.391077759640366));
#1920=CARTESIAN_POINT('',(0.400760743264035,1.22597874655287,0.391109718043988));
#1921=CARTESIAN_POINT('',(0.40125502394279,1.22391425399039,0.391134045815877));
#1922=CARTESIAN_POINT('',(0.401626770539633,1.22235963778643,0.391151685223681));
#1923=CARTESIAN_POINT('',(0.401935937375303,1.22106513113318,0.391165811355451));
#1924=CARTESIAN_POINT('',(0.40215494383274,1.22014725914658,0.391175521036625));
#1925=CARTESIAN_POINT('',(0.402276576578486,1.21963725868651,0.391180836075784));
#1926=CARTESIAN_POINT('',(0.402377970293695,1.21921196915164,0.391185215817172));
#1927=CARTESIAN_POINT('',(0.402440688680011,1.21894882508299,0.391187899269634));
#1928=CARTESIAN_POINT('',(0.402537801976149,1.2185412951765,0.39119202810378));
#1929=CARTESIAN_POINT('',(0.402701461539834,1.21785424514359,0.39119889690304));
#1930=CARTESIAN_POINT('',(0.402938536676104,1.21685829078789,0.391208608631971));
#1931=CARTESIAN_POINT('',(0.403221602526975,1.21566797010441,0.391219812369054));
#1932=CARTESIAN_POINT('',(0.403599489332081,1.21407738216684,0.39123425139179));
#1933=CARTESIAN_POINT('',(0.40407162812604,1.21208716548645,0.391251314722725));
#1934=CARTESIAN_POINT('',(0.404827019282804,1.20889669115123,0.391276524096412));
#1935=CARTESIAN_POINT('',(0.405770963370594,1.20489798272162,0.391304087098196));
#1936=CARTESIAN_POINT('',(0.406903198281521,1.20008227057901,0.391330792692228));
#1937=CARTESIAN_POINT('',(0.408034824877399,1.19524936718705,0.391351073141207));
#1938=CARTESIAN_POINT('',(0.409542730182385,1.18878254451655,0.391369475386426));
#1939=CARTESIAN_POINT('',(0.411425627833488,1.1806559871881,0.39137614763047));
#1940=CARTESIAN_POINT('',(0.413681158420402,1.17083524531326,0.391357605390132));
#1941=CARTESIAN_POINT('',(0.416682211918842,1.15764906256968,0.391296938057988));
#1942=CARTESIAN_POINT('',(0.420419661149639,1.14099403321646,0.391152702560042));
#1943=CARTESIAN_POINT('',(0.424875700379987,1.12073213260589,0.390867107986479));
#1944=CARTESIAN_POINT('',(0.428559134883731,1.10361711541255,0.390532958050601));
#1945=CARTESIAN_POINT('',(0.431484227190217,1.08978702142272,0.390206625021402));
#1946=CARTESIAN_POINT('',(0.43330262988481,1.0810854688185,0.389977816780373));
#1947=CARTESIAN_POINT('',(0.434750906823807,1.07409002308258,0.389779728379571));
#1948=CARTESIAN_POINT('',(0.435834005298805,1.06882516092342,0.389623567527988));
#1949=CARTESIAN_POINT('',(0.436733087903175,1.06442652098053,0.38948720807693));
#1950=CARTESIAN_POINT('',(0.437362139495192,1.06133371798681,0.389388213888431));
#1951=CARTESIAN_POINT('',(0.437719190687272,1.05957390358038,0.389331010277859));
#1952=CARTESIAN_POINT('',(0.437992254744586,1.0582257393368,0.389286727582969));
#1953=CARTESIAN_POINT('',(0.438244048712536,1.05698055179923,0.389245412844575));
#1954=CARTESIAN_POINT('',(0.438586193620825,1.05528591660455,0.389188638228839));
#1955=CARTESIAN_POINT('',(0.439179507522487,1.05234008467607,0.389088474865323));
#1956=CARTESIAN_POINT('',(0.44002291599968,1.04813220242899,0.388941257729639));
#1957=CARTESIAN_POINT('',(0.441024757664163,1.04310104972683,0.388758654404389));
#1958=CARTESIAN_POINT('',(0.442348157182002,1.03641100845514,0.388507162381767));
#1959=CARTESIAN_POINT('',(0.443978613783682,1.0280853891281,0.3881780553952));
#1960=CARTESIAN_POINT('',(0.44589735065044,1.018152832427,0.387760155952858));
#1961=CARTESIAN_POINT('',(0.447778309470734,1.00827872442047,0.387319937209534));
#1962=CARTESIAN_POINT('',(0.449314394025444,1.00009890311615,0.386935017201756));
#1963=CARTESIAN_POINT('',(0.450524462873197,0.993584338340709,0.386616563161312));
#1964=CARTESIAN_POINT('',(0.451272981406334,0.989524685041902,0.386413199201258));
#1965=CARTESIAN_POINT('',(0.451867026509838,0.986284754490756,0.386247982428221));
#1966=CARTESIAN_POINT('',(0.452310465951934,0.98385710720966,0.386122732065054));
#1967=CARTESIAN_POINT('',(0.452677275711937,0.981841400916442,0.386017538025371));
#1968=CARTESIAN_POINT('',(0.452934544355755,0.980423581132515,0.385942909167617));
#1969=CARTESIAN_POINT('',(0.453078885140927,0.979627005179394,0.385900807974317));
#1970=CARTESIAN_POINT('',(0.453193694351383,0.978992756034376,0.38586718536583));
#1971=CARTESIAN_POINT('',(0.453282749193739,0.978500340930218,0.385841013012662));
#1972=CARTESIAN_POINT('',(0.453410741476689,0.977792097912706,0.385803287349928));
#1973=CARTESIAN_POINT('',(0.453631073499075,0.97657132590877,0.385738019139235));
#1974=CARTESIAN_POINT('',(0.453949614298388,0.974802027162835,0.385642750519668));
#1975=CARTESIAN_POINT('',(0.454333405050642,0.972662992425065,0.38552646285101));
#1976=CARTESIAN_POINT('',(0.454848710747289,0.969781016151809,0.385368291311305));
#1977=CARTESIAN_POINT('',(0.455498726704424,0.966126456071813,0.385164869311926));
#1978=CARTESIAN_POINT('',(0.456551136702186,0.960166344983976,0.38482683390473));
#1979=CARTESIAN_POINT('',(0.457888828221076,0.952505422868702,0.384380224100263));
#1980=CARTESIAN_POINT('',(0.459526564410613,0.94297473271123,0.38380398358147));
#1981=CARTESIAN_POINT('',(0.460915759586617,0.934751141837319,0.383288695257944));
#1982=CARTESIAN_POINT('',(0.462040075454293,0.928003410824159,0.382854512687155));
#1983=CARTESIAN_POINT('',(0.46288935495701,0.922858144625688,0.38251767389433));
#1984=CARTESIAN_POINT('',(0.463744209781312,0.917628507702141,0.382169417736445));
#1985=CARTESIAN_POINT('',(0.464460904165391,0.913199809489122,0.381869480125081));
#1986=CARTESIAN_POINT('',(0.465036489067934,0.909615221141473,0.381623640172045));
#1987=CARTESIAN_POINT('',(0.465469543975964,0.906903980641984,0.381436147760861));
#1988=CARTESIAN_POINT('',(0.465830451389603,0.904632339834249,0.381277763027234));
#1989=CARTESIAN_POINT('',(0.466085162081382,0.903022487107077,0.381164820704212));
#1990=CARTESIAN_POINT('',(0.46622825765626,0.902116264372774,0.38110105381878));
#1991=CARTESIAN_POINT('',(0.466342882571099,0.901389263360473,0.381049785064735));
#1992=CARTESIAN_POINT('',(0.466429870762227,0.900836828478265,0.381010754083672));
#1993=CARTESIAN_POINT('',(0.466555311174381,0.90003935263084,0.380954328082276));
#1994=CARTESIAN_POINT('',(0.466769975338437,0.898672129276449,0.380857341585092));
#1995=CARTESIAN_POINT('',(0.467077881855976,0.896704088515638,0.380717056606984));
#1996=CARTESIAN_POINT('',(0.467444610648556,0.894348736893951,0.380548067817679));
#1997=CARTESIAN_POINT('',(0.467931581315086,0.891205981745716,0.380321140742051));
#1998=CARTESIAN_POINT('',(0.468535754452304,0.887278167623966,0.380034825082709));
#1999=CARTESIAN_POINT('',(0.469493013182224,0.880992963081049,0.379570963296916));
#2000=CARTESIAN_POINT('',(0.470671676198285,0.873136078255585,0.378980512708947));
#2001=CARTESIAN_POINT('',(0.472057131855272,0.863706910966632,0.378255292861054));
#2002=CARTESIAN_POINT('',(0.473413308811863,0.854276886294823,0.377513742312576));
#2003=CARTESIAN_POINT('',(0.474518777151684,0.846417858288251,0.3768824710085));
#2004=CARTESIAN_POINT('',(0.475388198957822,0.840130081450007,0.37636963247438));
#2005=CARTESIAN_POINT('',(0.475925281298876,0.836200303314019,0.376045913637802));
#2006=CARTESIAN_POINT('',(0.476351244732307,0.833055760536058,0.375784979533433));
#2007=CARTESIAN_POINT('',(0.476668599460177,0.83069896669426,0.375588471744872));
#2008=CARTESIAN_POINT('',(0.476932180217995,0.82872961671454,0.375423481888929));
#2009=CARTESIAN_POINT('',(0.477114472054786,0.827361465452042,0.375308458613885));
#2010=CARTESIAN_POINT('',(0.477220555455896,0.826563390645701,0.375241241257735));
#2011=CARTESIAN_POINT('',(0.477293926959932,0.826010655707155,0.375194637914817));
#2012=CARTESIAN_POINT('',(0.477390387753317,0.825282752158378,0.375133191178385));
#2013=CARTESIAN_POINT('',(0.477510236766371,0.824376598764979,0.375056597953249));
#2014=CARTESIAN_POINT('',(0.477722318648439,0.822768877969957,0.374920465017002));
#2015=CARTESIAN_POINT('',(0.478019105261186,0.820506706535177,0.374728225569712));
#2016=CARTESIAN_POINT('',(0.478369481244824,0.817816898862422,0.374498594149555));
#2017=CARTESIAN_POINT('',(0.478827626177205,0.814274394821761,0.37419480842058));
#2018=CARTESIAN_POINT('',(0.479384250470916,0.809923603606773,0.373819260378242));
#2019=CARTESIAN_POINT('',(0.480026929781076,0.804827981347377,0.373375814447716));
#2020=CARTESIAN_POINT('',(0.48064501533039,0.799857285149466,0.372939913156706));
#2021=CARTESIAN_POINT('',(0.481437132135399,0.793396431482142,0.372369252089391));
#2022=CARTESIAN_POINT('',(0.48236880156559,0.785632980175094,0.371676532761511));
#2023=CARTESIAN_POINT('',(0.483226414284403,0.778286484968272,0.371013391605888));
#2024=CARTESIAN_POINT('',(0.483870326842392,0.772659524393164,0.370501763557883));
#2025=CARTESIAN_POINT('',(0.484332716885536,0.768564443075546,0.370127748030682));
#2026=CARTESIAN_POINT('',(0.484775100416746,0.76459449774538,0.369763689285703));
#2027=CARTESIAN_POINT('',(0.485127510562413,0.761390561975701,0.369468809493726));
#2028=CARTESIAN_POINT('',(0.485399961925333,0.758889899797978,0.36923810855911));
#2029=CARTESIAN_POINT('',(0.485566317387065,0.757353304573462,0.369096137059228));
#2030=CARTESIAN_POINT('',(0.485697149780891,0.756139133791219,0.368983839476411));
#2031=CARTESIAN_POINT('',(0.485793968003917,0.755237820567469,0.368900422677649));
#2032=CARTESIAN_POINT('',(0.485874204945039,0.754488507732186,0.368831028905994));
#2033=CARTESIAN_POINT('',(0.485928884590804,0.753976713510173,0.368783610652538));
#2034=CARTESIAN_POINT('',(0.485961536172731,0.753670714916783,0.368755252753067));
#2035=CARTESIAN_POINT('',(0.485981596141681,0.753482616445919,0.368737819146116));
#2036=CARTESIAN_POINT('',(0.486018245452549,0.753138623058104,0.36870593102718));
#2037=CARTESIAN_POINT('',(0.486061205598043,0.752734891089406,0.368668497191969));
#2038=CARTESIAN_POINT('',(0.486138846144237,0.752004111733318,0.368600721974356));
#2039=CARTESIAN_POINT('',(0.486247641164605,0.750976672451564,0.368505380582352));
#2040=CARTESIAN_POINT('',(0.486377680386544,0.749743276486936,0.368390848121632));
#2041=CARTESIAN_POINT('',(0.486549368749366,0.748107683381094,0.36823886528663));
#2042=CARTESIAN_POINT('',(0.486761282262538,0.746075545070767,0.368049851176837));
#2043=CARTESIAN_POINT('',(0.487094464065538,0.742852308317,0.367749693027336));
#2044=CARTESIAN_POINT('',(0.487500135008896,0.738875269843779,0.367378732174864));
#2045=CARTESIAN_POINT('',(0.487970030293141,0.734186312083069,0.366940596443804));
#2046=CARTESIAN_POINT('',(0.488423428159358,0.729580783931246,0.366509676569387));
#2047=CARTESIAN_POINT('',(0.489006493946695,0.723551360138083,0.365945001950871));
#2048=CARTESIAN_POINT('',(0.489696076175819,0.716223249442427,0.365258167777141));
#2049=CARTESIAN_POINT('',(0.490335933505283,0.709173442973611,0.364597860999413));
#2050=CARTESIAN_POINT('',(0.490819511300006,0.703700628231806,0.364086177172943));
#2051=CARTESIAN_POINT('',(0.491168415214605,0.69967953556169,0.363710843983985));
#2052=CARTESIAN_POINT('',(0.491503907294028,0.695742004812826,0.363344088023628));
#2053=CARTESIAN_POINT('',(0.491772619618096,0.692530271208474,0.363045710908698));
#2054=CARTESIAN_POINT('',(0.49198123229066,0.690002843217293,0.362811447415112));
#2055=CARTESIAN_POINT('',(0.492109042073839,0.688440199609835,0.36266685041371));
#2056=CARTESIAN_POINT('',(0.492209673451434,0.68720146980408,0.362552380242693));
#2057=CARTESIAN_POINT('',(0.492284586990798,0.686275074430161,0.362466853263677));
#2058=CARTESIAN_POINT('',(0.492345728756952,0.68551561040325,0.36239680402698));
#2059=CARTESIAN_POINT('',(0.492395729562483,0.684892306095435,0.362339358729));
#2060=CARTESIAN_POINT('',(0.492429040307661,0.684476260645359,0.36230103152675));
#2061=CARTESIAN_POINT('',(0.492477439284004,0.68387018597121,0.362245230685595));
#2062=CARTESIAN_POINT('',(0.492536365772825,0.68312997116667,0.362177126277108));
#2063=CARTESIAN_POINT('',(0.492611360023697,0.682184057164649,0.362090175330608));
#2064=CARTESIAN_POINT('',(0.492699779482854,0.681062332565016,0.361987198431497));
#2065=CARTESIAN_POINT('',(0.492816899181529,0.679568049853688,0.361850199479285));
#2066=CARTESIAN_POINT('',(0.492961252899234,0.67771031365441,0.361680223857855));
#2067=CARTESIAN_POINT('',(0.493188152278539,0.674756366965716,0.361410709492758));
#2068=CARTESIAN_POINT('',(0.49346412061986,0.671099946804111,0.361078576963588));
#2069=CARTESIAN_POINT('',(0.493783341234609,0.666769416017568,0.360687713889108));
#2070=CARTESIAN_POINT('',(0.494090880751544,0.662496188792937,0.360304674189114));
#2071=CARTESIAN_POINT('',(0.494485720056023,0.656874924008948,0.359804529702113));
#2072=CARTESIAN_POINT('',(0.494951410559901,0.649991582788832,0.359199448142032));
#2073=CARTESIAN_POINT('',(0.495467782343844,0.641960796733022,0.358506304937211));
#2074=CARTESIAN_POINT('',(0.495864446752675,0.635459595262446,0.357956756373603));
#2075=CARTESIAN_POINT('',(0.496162622931364,0.630373230022463,0.357534280335745));
#2076=CARTESIAN_POINT('',(0.496341200513767,0.627242232262004,0.357277464874909));
#2077=CARTESIAN_POINT('',(0.496479547985741,0.624765674168145,0.357076344490834));
#2078=CARTESIAN_POINT('',(0.496581007332662,0.622923792690418,0.356927790873364));
#2079=CARTESIAN_POINT('',(0.496663919912422,0.621397032694862,0.356805528617515));
#2080=CARTESIAN_POINT('',(0.496720610316783,0.620342050629617,0.356721502679651));
#2081=CARTESIAN_POINT('',(0.496753353862043,0.619729324058455,0.356672841175489));
#2082=CARTESIAN_POINT('',(0.496776033012748,0.619303556911264,0.356639084375934));
#2083=CARTESIAN_POINT('',(0.496805244403728,0.618752996793702,0.356595524157355));
#2084=CARTESIAN_POINT('',(0.496841654873212,0.61806365207026,0.356541114908557));
#2085=CARTESIAN_POINT('',(0.496905921709845,0.61683941107651,0.356444805165421));
#2086=CARTESIAN_POINT('',(0.496995634008124,0.615108330754975,0.356309565553636));
#2087=CARTESIAN_POINT('',(0.497101112064054,0.613037944669604,0.356149325874775));
#2088=CARTESIAN_POINT('',(0.497238473940403,0.610294325082947,0.355939025036283));
#2089=CARTESIAN_POINT('',(0.497404290299032,0.60689294590611,0.355682176918529));
#2090=CARTESIAN_POINT('',(0.497657247357439,0.60151226039604,0.355284290116246));
#2091=CARTESIAN_POINT('',(0.497950859497578,0.594901096754737,0.354811553896225));
#2092=CARTESIAN_POINT('',(0.498268744965873,0.587151462816332,0.354284177005319));
#2093=CARTESIAN_POINT('',(0.49855386195739,0.579585617020004,0.353797142035816));
#2094=CARTESIAN_POINT('',(0.498765537386634,0.573433854762197,0.353425217371042));
#2095=CARTESIAN_POINT('',(0.498920137705888,0.568604559646087,0.353148220783873));
#2096=CARTESIAN_POINT('',(0.499010802634541,0.565624154418506,0.352983665262562));
#2097=CARTESIAN_POINT('',(0.499079828154763,0.563263753823282,0.352857237152443));
#2098=CARTESIAN_POINT('',(0.499129948523922,0.561502393114909,0.352764879464626));
#2099=CARTESIAN_POINT('',(0.499170092656348,0.560052304111809,0.352690476459479));
#2100=CARTESIAN_POINT('',(0.499201854126786,0.558879744782256,0.352631354253442));
#2101=CARTESIAN_POINT('',(0.499223952261822,0.558053031264276,0.35259011734654));
#2102=CARTESIAN_POINT('',(0.499250638515228,0.557038984330867,0.352540160070523));
#2103=CARTESIAN_POINT('',(0.499283813356371,0.555755873943941,0.352477814027388));
#2104=CARTESIAN_POINT('',(0.499341025624129,0.553487144999277,0.352369717999795));
#2105=CARTESIAN_POINT('',(0.499417611194267,0.550283655208068,0.352223379351534));
#2106=CARTESIAN_POINT('',(0.499502309964749,0.546466904793433,0.352059112765359));
#2107=CARTESIAN_POINT('',(0.499605534287121,0.541426088734965,0.351855828081897));
#2108=CARTESIAN_POINT('',(0.499716895589561,0.535210086776995,0.351631033216306));
#2109=CARTESIAN_POINT('',(0.499823453236093,0.527888626005419,0.351408448958738));
#2110=CARTESIAN_POINT('',(0.499904177986039,0.520704494634624,0.351233161079596));
#2111=CARTESIAN_POINT('',(0.499978990881561,0.511308966779517,0.351062662721504));
#2112=CARTESIAN_POINT('',(0.5,0.504468558500267,0.351006036209408));
#2113=CARTESIAN_POINT('',(0.5,0.5,0.351000000000001));
#2114=CARTESIAN_POINT('',(0.5,0.5,0.349));
#2115=CARTESIAN_POINT('',(0.5,0.504468455716075,0.348993963930403));
#2116=CARTESIAN_POINT('',(0.499978991852494,0.511308748391706,0.348937337576811));
#2117=CARTESIAN_POINT('',(0.499904180782617,0.520704199205026,0.348766839330552));
#2118=CARTESIAN_POINT('',(0.499823457296384,0.527888311349306,0.348591551485512));
#2119=CARTESIAN_POINT('',(0.499716900431799,0.535209791368985,0.348368967217659));
#2120=CARTESIAN_POINT('',(0.499605539049825,0.541425841636151,0.348144172299549));
#2121=CARTESIAN_POINT('',(0.499502314039001,0.546466715212816,0.347940887574294));
#2122=CARTESIAN_POINT('',(0.499417614355994,0.550283519435671,0.347776620899275));
#2123=CARTESIAN_POINT('',(0.499341027764832,0.553487058764282,0.347630282329972));
#2124=CARTESIAN_POINT('',(0.499283814401868,0.555755833114801,0.347522186045106));
#2125=CARTESIAN_POINT('',(0.499250639145078,0.557038960470058,0.347459840339419));
#2126=CARTESIAN_POINT('',(0.499223951780911,0.558053049409702,0.347409881950322));
#2127=CARTESIAN_POINT('',(0.499201855434811,0.558879695910709,0.347368649151641));
#2128=CARTESIAN_POINT('',(0.499170095330486,0.560052206308532,0.347309530437169));
#2129=CARTESIAN_POINT('',(0.499129953239774,0.561502224392098,0.347235132192879));
#2130=CARTESIAN_POINT('',(0.499079835137776,0.563263511225623,0.347142779560047));
#2131=CARTESIAN_POINT('',(0.499010812630854,0.565623818761528,0.347016357771854));
#2132=CARTESIAN_POINT('',(0.498920151304907,0.568604122251731,0.346851809158509));
#2133=CARTESIAN_POINT('',(0.498765556314784,0.573433283878837,0.346574821594214));
#2134=CARTESIAN_POINT('',(0.498553886454606,0.579584935027203,0.346202904370011));
#2135=CARTESIAN_POINT('',(0.498268773563686,0.587150736408734,0.345715872238474));
#2136=CARTESIAN_POINT('',(0.497950888737667,0.594900414883743,0.345188492145248));
#2137=CARTESIAN_POINT('',(0.497657273495708,0.601511689754715,0.344715748280059));
#2138=CARTESIAN_POINT('',(0.497404311309437,0.606892508642738,0.344317852425946));
#2139=CARTESIAN_POINT('',(0.497238490536221,0.610293989810441,0.344060997428349));
#2140=CARTESIAN_POINT('',(0.497101124359531,0.613037701834803,0.343850690385783));
#2141=CARTESIAN_POINT('',(0.496995642633446,0.615108163519746,0.343690445639353));
#2142=CARTESIAN_POINT('',(0.496905927046733,0.616839309183706,0.343555201686433));
#2143=CARTESIAN_POINT('',(0.496841657477933,0.618063602829453,0.343458888398883));
#2144=CARTESIAN_POINT('',(0.496805245764498,0.618752971333605,0.343404477628216));
#2145=CARTESIAN_POINT('',(0.496776032361879,0.619303569353209,0.343360914703551));
#2146=CARTESIAN_POINT('',(0.496753355187148,0.61972929937143,0.343327161072771));
#2147=CARTESIAN_POINT('',(0.496720612869178,0.620342003173142,0.343278501691526));
#2148=CARTESIAN_POINT('',(0.496663925227303,0.621396934317342,0.343194480318643));
#2149=CARTESIAN_POINT('',(0.496581016151139,0.622923631325922,0.343072223768339));
#2150=CARTESIAN_POINT('',(0.496479560977524,0.624765439844055,0.342923676710864));
#2151=CARTESIAN_POINT('',(0.496341218768707,0.627241908769623,0.342722564331195));
#2152=CARTESIAN_POINT('',(0.49616264728406,0.630372808154445,0.342465757653228));
#2153=CARTESIAN_POINT('',(0.495864479661828,0.635459044786138,0.342043293003636));
#2154=CARTESIAN_POINT('',(0.495467823478063,0.641960139068894,0.341493753738544));
#2155=CARTESIAN_POINT('',(0.494951456797563,0.649990882318595,0.340800613887523));
#2156=CARTESIAN_POINT('',(0.494485765871459,0.656874259332456,0.340195528728485));
#2157=CARTESIAN_POINT('',(0.494090922983043,0.662495595623576,0.339695377603956));
#2158=CARTESIAN_POINT('',(0.493783379041658,0.666768897907437,0.339312331069599));
#2159=CARTESIAN_POINT('',(0.493464152149831,0.671099525190876,0.338921459327506));
#2160=CARTESIAN_POINT('',(0.493188176939049,0.674756043590719,0.338589318072899));
#2161=CARTESIAN_POINT('',(0.492961271014701,0.677710079646952,0.338319795832468));
#2162=CARTESIAN_POINT('',(0.492816912770813,0.679567876012063,0.33814981493555));
#2163=CARTESIAN_POINT('',(0.492699789147288,0.681062209879571,0.338012811512863));
#2164=CARTESIAN_POINT('',(0.492611366680426,0.68218397323662,0.337909831238944));
#2165=CARTESIAN_POINT('',(0.492536369563333,0.683129923668431,0.337822877113976));
#2166=CARTESIAN_POINT('',(0.49247744125136,0.683870161520431,0.337754770727823));
#2167=CARTESIAN_POINT('',(0.492429039391157,0.684476272301598,0.337698966685301));
#2168=CARTESIAN_POINT('',(0.492395731375995,0.684892283628776,0.337660642710477));
#2169=CARTESIAN_POINT('',(0.492345732220299,0.685515567483054,0.337603199417862));
#2170=CARTESIAN_POINT('',(0.492284593147521,0.686274998249593,0.337533153384578));
#2171=CARTESIAN_POINT('',(0.492209682480137,0.687201358545088,0.337447629794495));
#2172=CARTESIAN_POINT('',(0.492109054936271,0.68844004193676,0.33733316409303));
#2173=CARTESIAN_POINT('',(0.491981249726916,0.690002630998519,0.337188572330532));
#2174=CARTESIAN_POINT('',(0.491772643987053,0.692529977957892,0.336954316585798));
#2175=CARTESIAN_POINT('',(0.491503939539226,0.695741622511031,0.336655947924819));
#2176=CARTESIAN_POINT('',(0.49116845558152,0.69967906580774,0.336289200169702));
#2177=CARTESIAN_POINT('',(0.490819558371338,0.703700090483392,0.335913873259863));
#2178=CARTESIAN_POINT('',(0.490335987514695,0.709172840461778,0.335402195268321));
#2179=CARTESIAN_POINT('',(0.489696134861489,0.716222614730291,0.33474189106056));
#2180=CARTESIAN_POINT('',(0.489006551437199,0.723550757404986,0.334055053402434));
#2181=CARTESIAN_POINT('',(0.488423480594515,0.729580246945671,0.333490372319585));
#2182=CARTESIAN_POINT('',(0.487970077224891,0.734185840264062,0.333059446203261));
#2183=CARTESIAN_POINT('',(0.487578490218295,0.738093386905145,0.332694325365779));
#2184=CARTESIAN_POINT('',(0.487256767205862,0.741261152674686,0.332398721694915));
#2185=CARTESIAN_POINT('',(0.48701119810266,0.743657831717396,0.332175292726781));
#2186=CARTESIAN_POINT('',(0.486761297524781,0.746075396547677,0.33195016148147));
#2187=CARTESIAN_POINT('',(0.486549405540023,0.748107335504381,0.331761165943479));
#2188=CARTESIAN_POINT('',(0.486377656901986,0.749743495266576,0.331609130695445));
#2189=CARTESIAN_POINT('',(0.486269429083969,0.750770030019531,0.331513807102983));
#2190=CARTESIAN_POINT('',(0.486182186229683,0.751594804020241,0.331437259228151));
#2191=CARTESIAN_POINT('',(0.486116747320895,0.752212116208609,0.331379986161273));
#2192=CARTESIAN_POINT('',(0.486061107569951,0.752735810343304,0.331331416964857));
#2193=CARTESIAN_POINT('',(0.486018411220965,0.753137068500382,0.331294212436072));
#2194=CARTESIAN_POINT('',(0.485980971339508,0.753488475818313,0.331261637254308));
#2195=CARTESIAN_POINT('',(0.485963869624576,0.753648831976833,0.331246774735169));
#2196=CARTESIAN_POINT('',(0.48593382128051,0.753930467949231,0.331220672850786));
#2197=CARTESIAN_POINT('',(0.485898497487432,0.754261159299313,0.331190029965002));
#2198=CARTESIAN_POINT('',(0.485854722690326,0.754670416562997,0.331152114805611));
#2199=CARTESIAN_POINT('',(0.485796269189733,0.755216116401663,0.331101570845068));
#2200=CARTESIAN_POINT('',(0.485722224722384,0.755905901438242,0.331037703969714));
#2201=CARTESIAN_POINT('',(0.485601992904233,0.757022732698231,0.33093435002152));
#2202=CARTESIAN_POINT('',(0.48544822300567,0.758444932593488,0.330802843843607));
#2203=CARTESIAN_POINT('',(0.485258102972633,0.760192969930857,0.330641407961442));
#2204=CARTESIAN_POINT('',(0.485062295379118,0.761982524961183,0.330476364437308));
#2205=CARTESIAN_POINT('',(0.484793533089177,0.764423908569305,0.330251544708804));
#2206=CARTESIAN_POINT('',(0.484442964653452,0.767579358785565,0.329961675473176));
#2207=CARTESIAN_POINT('',(0.483998228142333,0.771531826004188,0.329599969727198));
#2208=CARTESIAN_POINT('',(0.483372243948559,0.777022992928539,0.329099623594216));
#2209=CARTESIAN_POINT('',(0.48252609771765,0.784301667308471,0.328441114262642));
#2210=CARTESIAN_POINT('',(0.481590046880561,0.792133148152994,0.327740879884375));
#2211=CARTESIAN_POINT('',(0.48078406791536,0.798729920415949,0.327157270843212));
#2212=CARTESIAN_POINT('',(0.480150181871519,0.803843272391446,0.326708294373852));
#2213=CARTESIAN_POINT('',(0.479486049571272,0.809122357120849,0.326248509306098));
#2214=CARTESIAN_POINT('',(0.478906672696011,0.813659730261041,0.325856749225884));
#2215=CARTESIAN_POINT('',(0.478427183003617,0.817372392661892,0.325538442807121));
#2216=CARTESIAN_POINT('',(0.478120717162004,0.819727510854657,0.325337497338543));
#2217=CARTESIAN_POINT('',(0.477871489066612,0.821631883845023,0.325175618344184));
#2218=CARTESIAN_POINT('',(0.47768234136862,0.823071694081346,0.325053539311651));
#2219=CARTESIAN_POINT('',(0.477523477726791,0.82427642009342,0.324951653788141));
#2220=CARTESIAN_POINT('',(0.477410379974672,0.825131604335438,0.324879473316102));
#2221=CARTESIAN_POINT('',(0.477347011529473,0.825610103916688,0.32483912477949));
#2222=CARTESIAN_POINT('',(0.477295065456854,0.82600194021089,0.324806107977345));
#2223=CARTESIAN_POINT('',(0.477259377697285,0.826270900832993,0.32478345921508));
#2224=CARTESIAN_POINT('',(0.477206072710281,0.826672373756267,0.324749668338851));
#2225=CARTESIAN_POINT('',(0.477115331637616,0.827354978639304,0.324692266886291));
#2226=CARTESIAN_POINT('',(0.476984019332512,0.828340558846879,0.324609527905464));
#2227=CARTESIAN_POINT('',(0.476826560367503,0.829518770707677,0.324510846914736));
#2228=CARTESIAN_POINT('',(0.476615773611129,0.831091259831153,0.324379447363588));
#2229=CARTESIAN_POINT('',(0.476351172808933,0.83305629774405,0.324215819700989));
#2230=CARTESIAN_POINT('',(0.475925243980881,0.836200573977153,0.323955228411758));
#2231=CARTESIAN_POINT('',(0.475388119524941,0.840130661290886,0.323631833946875));
#2232=CARTESIAN_POINT('',(0.474736042406927,0.844846562474329,0.323247540596134));
#2233=CARTESIAN_POINT('',(0.474076486181094,0.849562205509633,0.322867077686072));
#2234=CARTESIAN_POINT('',(0.473187158074153,0.855849407154457,0.322364959842282));
#2235=CARTESIAN_POINT('',(0.472057003113937,0.863707795859716,0.321747112563832));
#2236=CARTESIAN_POINT('',(0.470671553034372,0.873136907050626,0.321021730726076));
#2237=CARTESIAN_POINT('',(0.469492905822033,0.880993672194715,0.320430902930101));
#2238=CARTESIAN_POINT('',(0.46853567612808,0.887278679353121,0.319966601007413));
#2239=CARTESIAN_POINT('',(0.467931507643226,0.89120645721765,0.319679944134698));
#2240=CARTESIAN_POINT('',(0.467444582696368,0.89434891834422,0.319452727114589));
#2241=CARTESIAN_POINT('',(0.467077780800845,0.89670473121535,0.319283455192091));
#2242=CARTESIAN_POINT('',(0.466770159774206,0.898670960326637,0.319143074085047));
#2243=CARTESIAN_POINT('',(0.466555018130442,0.900041211110809,0.319045710433992));
#2244=CARTESIAN_POINT('',(0.466430363440534,0.900833704240913,0.31898953897982));
#2245=CARTESIAN_POINT('',(0.466340983045953,0.901401308994362,0.318949367689801));
#2246=CARTESIAN_POINT('',(0.466235363084308,0.902071206037961,0.318902042111111));
#2247=CARTESIAN_POINT('',(0.466100052205008,0.90292824888574,0.318841621285281));
#2248=CARTESIAN_POINT('',(0.465860324911826,0.904443760705085,0.318735088051218));
#2249=CARTESIAN_POINT('',(0.465518353854643,0.906597253616514,0.318584611035671));
#2250=CARTESIAN_POINT('',(0.465106017554903,0.909180682050196,0.318405527390991));
#2251=CARTESIAN_POINT('',(0.464554619419834,0.912617959754277,0.318169177451824));
#2252=CARTESIAN_POINT('',(0.463861929646864,0.916903771944302,0.317878085845578));
#2253=CARTESIAN_POINT('',(0.462746656127708,0.923736867911494,0.317421682685096));
#2254=CARTESIAN_POINT('',(0.461339751268272,0.932233419425328,0.316868631843426));
#2255=CARTESIAN_POINT('',(0.459632070126269,0.942357429928972,0.316232804195253));
#2256=CARTESIAN_POINT('',(0.457906042248918,0.952409666732889,0.31562468057191));
#2257=CARTESIAN_POINT('',(0.455581589557453,0.965716974918767,0.314850591730726));
#2258=CARTESIAN_POINT('',(0.452635286251664,0.982171803735713,0.313951464866079));
#2259=CARTESIAN_POINT('',(0.449641220720162,0.998387747449666,0.313142357777213));
#2260=CARTESIAN_POINT('',(0.447221068853709,1.01121728410691,0.31254815980387));
#2261=CARTESIAN_POINT('',(0.445394413357246,1.02076784966728,0.312128798335089));
#2262=CARTESIAN_POINT('',(0.443557105355971,1.03024687264181,0.311735455342687));
#2263=CARTESIAN_POINT('',(0.442017876652246,1.03808640459687,0.311429117452045));
#2264=CARTESIAN_POINT('',(0.440782011449929,1.04432237685777,0.311196763319235));
#2265=CARTESIAN_POINT('',(0.440007869731836,1.04820473794796,0.311056817195688));
#2266=CARTESIAN_POINT('',(0.439387439828789,1.05130221161975,0.310947984298688));
#2267=CARTESIAN_POINT('',(0.438921912889469,1.05361942593505,0.310867972106845));
#2268=CARTESIAN_POINT('',(0.438532656772886,1.0555512445891,0.310802446627428));
#2269=CARTESIAN_POINT('',(0.438261772690164,1.05689267536357,0.31075755205094));
#2270=CARTESIAN_POINT('',(0.43810411420594,1.05767252714893,0.310731635096906));
#2271=CARTESIAN_POINT('',(0.437993757446191,1.05821804174321,0.310713581843053));
#2272=CARTESIAN_POINT('',(0.437853114400397,1.05891271854107,0.31069070409732));
#2273=CARTESIAN_POINT('',(0.437676057900523,1.05978647047322,0.310662084515946));
#2274=CARTESIAN_POINT('',(0.437361096328066,1.06133887640885,0.3106116151951));
#2275=CARTESIAN_POINT('',(0.436913153151919,1.06354120171542,0.310541130624213));
#2276=CARTESIAN_POINT('',(0.436373631481312,1.06618510586803,0.310458276317901));
#2277=CARTESIAN_POINT('',(0.43565348693683,1.06970265278079,0.310350403919727));
#2278=CARTESIAN_POINT('',(0.434751027269853,1.07408943669581,0.310220288858934));
#2279=CARTESIAN_POINT('',(0.433302749958283,1.08108489329837,0.310022198206787));
#2280=CARTESIAN_POINT('',(0.431484408149545,1.08978615827366,0.30979339631504));
#2281=CARTESIAN_POINT('',(0.429290627358944,1.10015856268509,0.309548648115617));
#2282=CARTESIAN_POINT('',(0.427086011500431,1.11046194920545,0.309333402974556));
#2283=CARTESIAN_POINT('',(0.424133318426807,1.12410778640303,0.309085314818242));
#2284=CARTESIAN_POINT('',(0.420419970427778,1.14099263957415,0.308847312764823));
#2285=CARTESIAN_POINT('',(0.416682511188418,1.15764773823133,0.308703070839326));
#2286=CARTESIAN_POINT('',(0.413681428655765,1.17083406371687,0.308642398396075));
#2287=CARTESIAN_POINT('',(0.411425866045655,1.18065495508493,0.308623852909741));
#2288=CARTESIAN_POINT('',(0.409542932855502,1.18878167261992,0.308630523167744));
#2289=CARTESIAN_POINT('',(0.408034993715806,1.19524864478208,0.308648924432809));
#2290=CARTESIAN_POINT('',(0.406903339011937,1.2000816709639,0.308669204491382));
#2291=CARTESIAN_POINT('',(0.405771073236773,1.20489751656064,0.308695910081821));
#2292=CARTESIAN_POINT('',(0.404827101107644,1.20889634510118,0.30872347343765));
#2293=CARTESIAN_POINT('',(0.40407168611953,1.21208692083631,0.308748683329235));
#2294=CARTESIAN_POINT('',(0.403599531831733,1.21407720316381,0.308765747086544));
#2295=CARTESIAN_POINT('',(0.403221632305047,1.21566784483756,0.308780186513067));
#2296=CARTESIAN_POINT('',(0.402938556660808,1.21685820680387,0.30879139058883));
#2297=CARTESIAN_POINT('',(0.402701473453585,1.21785419511818,0.308801102617312));
#2298=CARTESIAN_POINT('',(0.40253780769482,1.21854127117471,0.308807971661422));
#2299=CARTESIAN_POINT('',(0.402440691566371,1.21894881297326,0.308812100607981));
#2300=CARTESIAN_POINT('',(0.402377968988235,1.21921197462802,0.308814784236408));
#2301=CARTESIAN_POINT('',(0.402276578930829,1.21963724882,0.308819163813773));
#2302=CARTESIAN_POINT('',(0.402154948313016,1.22014724036434,0.308824478750416));
#2303=CARTESIAN_POINT('',(0.401935946833091,1.22106509150687,0.308834188192204));
#2304=CARTESIAN_POINT('',(0.401626786374312,1.22235957151314,0.308848313996816));
#2305=CARTESIAN_POINT('',(0.401255047608678,1.2239141550693,0.308865952978182));
#2306=CARTESIAN_POINT('',(0.40076077712852,1.2259786052232,0.308890280158094));
#2307=CARTESIAN_POINT('',(0.400144452460782,1.22854812795344,0.308922237770265));
#2308=CARTESIAN_POINT('',(0.399162073670791,1.2326339124422,0.308976594625321));
#2309=CARTESIAN_POINT('',(0.397941014252472,1.23769429974759,0.30905048413073));
#2310=CARTESIAN_POINT('',(0.396487211696151,1.24369155059018,0.309148301936415));
#2311=CARTESIAN_POINT('',(0.395045191321896,1.24961367102343,0.309254916366415));
#2312=CARTESIAN_POINT('',(0.393138641458707,1.25740964440451,0.309408327573036));
#2313=CARTESIAN_POINT('',(0.390786506348766,1.26696679570114,0.309620324507417));
#2314=CARTESIAN_POINT('',(0.388016026503439,1.27813494071793,0.309904315914154));
#2315=CARTESIAN_POINT('',(0.384394489495847,1.29262530994742,0.310318791332079));
#2316=CARTESIAN_POINT('',(0.380885911306551,1.30651507191867,0.310781595429495));
#2317=CARTESIAN_POINT('',(0.377498037945108,1.3198044601817,0.311282291406184));
#2318=CARTESIAN_POINT('',(0.375019217559065,1.32947136684193,0.311674249091673));
#2319=CARTESIAN_POINT('',(0.372604142173109,1.33883818918062,0.312080176537169));
#2320=CARTESIAN_POINT('',(0.37025435771523,1.34790497400825,0.312497676792813));
#2321=CARTESIAN_POINT('',(0.368351821602894,1.35521063345556,0.312853294356079));
#2322=CARTESIAN_POINT('',(0.366863839399693,1.36090518473553,0.313141278754487));
#2323=CARTESIAN_POINT('',(0.365765035738668,1.36510111508828,0.313358737067171));
#2324=CARTESIAN_POINT('',(0.364863815159943,1.36853524114853,0.313540950737208));
#2325=CARTESIAN_POINT('',(0.364151582767021,1.37124505607758,0.313687187373641));
#2326=CARTESIAN_POINT('',(0.363621799625098,1.37325867145506,0.313797064612417));
#2327=CARTESIAN_POINT('',(0.363096421934275,1.37525355546554,0.313907109736137));
#2328=CARTESIAN_POINT('',(0.362662304596388,1.37690030628045,0.313998924449052));
#2329=CARTESIAN_POINT('',(0.362317212077109,1.3782084131348,0.314072432029381));
#2330=CARTESIAN_POINT('',(0.362102502966672,1.37902190053762,0.31411838235719));
#2331=CARTESIAN_POINT('',(0.36193118731318,1.37967074862996,0.314155174439964));
#2332=CARTESIAN_POINT('',(0.361803269581245,1.38015511609335,0.314182709642769));
#2333=CARTESIAN_POINT('',(0.361695981763357,1.38056127030157,0.314205858322276));
#2334=CARTESIAN_POINT('',(0.361622812886528,1.38083821536555,0.314221671596425));
#2335=CARTESIAN_POINT('',(0.36157821044265,1.38100701968721,0.314231320321547));
#2336=CARTESIAN_POINT('',(0.361552738722054,1.38110341776988,0.314236832369636));
#2337=CARTESIAN_POINT('',(0.361496847287301,1.38131492226087,0.314248937089944));
#2338=CARTESIAN_POINT('',(0.361432980583792,1.38155658108997,0.314262783752163));
#2339=CARTESIAN_POINT('',(0.361316358397302,1.38199780048665,0.314288099911719));
#2340=CARTESIAN_POINT('',(0.361152606890779,1.38261715418349,0.314323744843253));
#2341=CARTESIAN_POINT('',(0.360955422072432,1.38336269765701,0.314366819224078));
#2342=CARTESIAN_POINT('',(0.360693462326047,1.38435279677564,0.314424247505358));
#2343=CARTESIAN_POINT('',(0.360366944309213,1.38558624336983,0.314496207412882));
#2344=CARTESIAN_POINT('',(0.359846866800074,1.38754949733626,0.314611625320528));
#2345=CARTESIAN_POINT('',(0.359201027947473,1.38998494790476,0.314756437465234));
#2346=CARTESIAN_POINT('',(0.358432928053021,1.39287750787171,0.314930986358769));
#2347=CARTESIAN_POINT('',(0.35767176249213,1.39574014060953,0.315106235197901));
#2348=CARTESIAN_POINT('',(0.356666179674041,1.39951706438684,0.315340730470255));
#2349=CARTESIAN_POINT('',(0.355426744385634,1.40416338092054,0.315635216741797));
#2350=CARTESIAN_POINT('',(0.353967798535362,1.4096192263507,0.315990190291863));
#2351=CARTESIAN_POINT('',(0.352060761192605,1.41673405388931,0.316464830968933));
#2352=CARTESIAN_POINT('',(0.349749338341459,1.42532829748628,0.317059215248501));
#2353=CARTESIAN_POINT('',(0.347536153031204,1.43352354014529,0.317651364010065));
#2354=CARTESIAN_POINT('',(0.345825488979184,1.43984036257916,0.318121648234025));
#2355=CARTESIAN_POINT('',(0.344572650187071,1.44445830041729,0.318472142875946));
#2356=CARTESIAN_POINT('',(0.343553925278393,1.44820685427976,0.318761963720562));
#2357=CARTESIAN_POINT('',(0.34275422850024,1.4511458650887,0.318992227749836));
#2358=CARTESIAN_POINT('',(0.342162122138113,1.45332020456777,0.319164071087788));
#2359=CARTESIAN_POINT('',(0.341577701721401,1.45546463925676,0.319335003380131));
#2360=CARTESIAN_POINT('',(0.341097119774276,1.45722670705104,0.319476637283284));
#2361=CARTESIAN_POINT('',(0.340716501178789,1.45862147689591,0.319589438324771));
#2362=CARTESIAN_POINT('',(0.340480273072288,1.45948681099307,0.319659706364794));
#2363=CARTESIAN_POINT('',(0.340292156661279,1.46017571720349,0.319715816965249));
#2364=CARTESIAN_POINT('',(0.34015183723094,1.46068949212791,0.319757746710337));
#2365=CARTESIAN_POINT('',(0.340034409018802,1.46111937298448,0.319792900752109));
#2366=CARTESIAN_POINT('',(0.339954187608383,1.46141300915394,0.319816947744979));
#2367=CARTESIAN_POINT('',(0.339905650296253,1.46159065822752,0.31983150799701));
#2368=CARTESIAN_POINT('',(0.339877044860206,1.4616953526113,0.319840091537867));
#2369=CARTESIAN_POINT('',(0.339818779704887,1.46190858711752,0.3198575856452));
#2370=CARTESIAN_POINT('',(0.339751493727311,1.46215481629318,0.319877804085867));
#2371=CARTESIAN_POINT('',(0.339629032710423,1.46260291361627,0.319914636496437));
#2372=CARTESIAN_POINT('',(0.339456940049693,1.46323249055144,0.319966502759292));
#2373=CARTESIAN_POINT('',(0.339249875686282,1.46398980939277,0.320029073666735));
#2374=CARTESIAN_POINT('',(0.338974870132162,1.46499535315022,0.320112396095138));
#2375=CARTESIAN_POINT('',(0.338632303892233,1.46624744131298,0.320216598495968));
#2376=CARTESIAN_POINT('',(0.338087092311766,1.4682391814495,0.320383306850713));
#2377=CARTESIAN_POINT('',(0.337410856892424,1.47070769123857,0.320591680576994));
#2378=CARTESIAN_POINT('',(0.336607909158875,1.47363585565339,0.320841598005921));
#2379=CARTESIAN_POINT('',(0.335813519734125,1.47653002313619,0.321091292553295));
#2380=CARTESIAN_POINT('',(0.334765797620352,1.48034356786387,0.321423794037245));
#2381=CARTESIAN_POINT('',(0.333477725370149,1.4850254872139,0.321838391799249));
#2382=CARTESIAN_POINT('',(0.33196683727158,1.49050777777279,0.322333531776805));
#2383=CARTESIAN_POINT('',(0.329999055182851,1.49763615969249,0.322989606221894));
#2384=CARTESIAN_POINT('',(0.327627562852167,1.50620664527713,0.323800261393712));
#2385=CARTESIAN_POINT('',(0.325375188301205,1.51432385437368,0.32459396262729));
#2386=CARTESIAN_POINT('',(0.323645535799847,1.52054568021112,0.325216315725732));
#2387=CARTESIAN_POINT('',(0.322384595586087,1.52507608397516,0.325676203466163));
#2388=CARTESIAN_POINT('',(0.321364200736302,1.52873812153029,0.326053248358312));
#2389=CARTESIAN_POINT('',(0.320566197050707,1.53159977159042,0.32635090061341));
#2390=CARTESIAN_POINT('',(0.319976866723511,1.53371202761831,0.326572084428421));
#2391=CARTESIAN_POINT('',(0.319396735910902,1.53579027057006,0.326791146045837));
#2392=CARTESIAN_POINT('',(0.318920946283914,1.53749389644821,0.326971888141995));
#2393=CARTESIAN_POINT('',(0.318544977626549,1.53883962627933,0.327115341724743));
#2394=CARTESIAN_POINT('',(0.318311808105997,1.53967403131062,0.327204570570894));
#2395=CARTESIAN_POINT('',(0.318126686815924,1.54033638102027,0.327275566163707));
#2396=CARTESIAN_POINT('',(0.31798771481196,1.54083355475831,0.327328941546545));
#2397=CARTESIAN_POINT('',(0.317874642008265,1.54123803006142,0.327372429910304));
#2398=CARTESIAN_POINT('',(0.317779414577271,1.54157863899375,0.327409098063804));
#2399=CARTESIAN_POINT('',(0.317721960639726,1.54178413207707,0.327431232109881));
#2400=CARTESIAN_POINT('',(0.317611892592337,1.54217777913122,0.327473675233645));
#2401=CARTESIAN_POINT('',(0.317483818400877,1.54263578089634,0.327523119895231));
#2402=CARTESIAN_POINT('',(0.317317850786366,1.54322922549939,0.32758728546995));
#2403=CARTESIAN_POINT('',(0.317122122402578,1.54392897105193,0.327663114126712));
#2404=CARTESIAN_POINT('',(0.316861171855301,1.54486174675476,0.327764411999725));
#2405=CARTESIAN_POINT('',(0.316537121134355,1.54601980473577,0.327890583255972));
#2406=CARTESIAN_POINT('',(0.31602233300783,1.54785893834986,0.328091810428838));
#2407=CARTESIAN_POINT('',(0.315386183272215,1.55013062105832,0.328341938828697));
#2408=CARTESIAN_POINT('',(0.314634443550827,1.55281351710603,0.328639773196055));
#2409=CARTESIAN_POINT('',(0.313894405786837,1.55545317000179,0.328935158377712));
#2410=CARTESIAN_POINT('',(0.312923315331945,1.55891509431796,0.329325593194708));
#2411=CARTESIAN_POINT('',(0.311738824653823,1.56313445348378,0.32980695810734));
#2412=CARTESIAN_POINT('',(0.310364621234732,1.56802484467557,0.330373061234149));
#2413=CARTESIAN_POINT('',(0.309258942380453,1.57195607873076,0.330834522719938));
#2414=CARTESIAN_POINT('',(0.308398138288493,1.57501475224675,0.331197154848525));
#2415=CARTESIAN_POINT('',(0.307870126134993,1.5768901655474,0.331420965421835));
#2416=CARTESIAN_POINT('',(0.307453517644518,1.5783694603544,0.331598356379019));
#2417=CARTESIAN_POINT('',(0.307144483667032,1.57946657022889,0.331730336562114));
#2418=CARTESIAN_POINT('',(0.30688804572218,1.5803767850284,0.33184018452267));
#2419=CARTESIAN_POINT('',(0.306712588614398,1.58099947827418,0.331915506093275));
#2420=CARTESIAN_POINT('',(0.306608418950201,1.58136914698187,0.33196027777528));
#2421=CARTESIAN_POINT('',(0.306542541090974,1.58160292082363,0.331988607595841));
#2422=CARTESIAN_POINT('',(0.306430740838005,1.58199963256178,0.332036729363619));
#2423=CARTESIAN_POINT('',(0.306298073658127,1.5824703559582,0.332093897429705));
#2424=CARTESIAN_POINT('',(0.306059200237495,1.58331784230543,0.332196976721098));
#2425=CARTESIAN_POINT('',(0.305724143955587,1.58450635334986,0.332341996579319));
#2426=CARTESIAN_POINT('',(0.305324034405509,1.58592529169057,0.332515839934675));
#2427=CARTESIAN_POINT('',(0.304795994610416,1.58779748840931,0.332746147122299));
#2428=CARTESIAN_POINT('',(0.304144853341348,1.5901053703409,0.333031754073368));
#2429=CARTESIAN_POINT('',(0.303122609568956,1.59372702189387,0.333483413885622));
#2430=CARTESIAN_POINT('',(0.301881339812488,1.59812192242534,0.334037733432548));
#2431=CARTESIAN_POINT('',(0.300450548026827,1.60318407022916,0.334685263338407));
#2432=CARTESIAN_POINT('',(0.299307296091064,1.60722614930678,0.335209239942835));
#2433=CARTESIAN_POINT('',(0.298422222223297,1.61035397918833,0.335618533389999));
#2434=CARTESIAN_POINT('',(0.297773199428461,1.61264693406005,0.335920442345758));
#2435=CARTESIAN_POINT('',(0.297138973298844,1.61488698465626,0.336217179255943));
#2436=CARTESIAN_POINT('',(0.296622807585589,1.61670956598745,0.336460055833923));
#2437=CARTESIAN_POINT('',(0.296217270390528,1.61814124701653,0.336651676916873));
#2438=CARTESIAN_POINT('',(0.295966948128634,1.61902485845981,0.33677028692793));
#2439=CARTESIAN_POINT('',(0.295768438698515,1.61972551273835,0.336864541945385));
#2440=CARTESIAN_POINT('',(0.295620779039775,1.62024665798571,0.336934749223241));
#2441=CARTESIAN_POINT('',(0.295497566867874,1.62068149313949,0.336993414569306));
#2442=CARTESIAN_POINT('',(0.29541356167315,1.6209779482388,0.337033452083686));
#2443=CARTESIAN_POINT('',(0.295362806362599,1.62115705993614,0.337057656202999));
#2444=CARTESIAN_POINT('',(0.295332878337907,1.6212626727224,0.337071931330751));
#2445=CARTESIAN_POINT('',(0.295272120932897,1.62147707492464,0.337100925285745));
#2446=CARTESIAN_POINT('',(0.295202002236643,1.62172450534069,0.337134407179297));
#2447=CARTESIAN_POINT('',(0.295074557132044,1.62217421216897,0.337195307617848));
#2448=CARTESIAN_POINT('',(0.294895937020381,1.62280445608974,0.337280799328912));
#2449=CARTESIAN_POINT('',(0.294681777890723,1.62356003410475,0.337383510229607));
#2450=CARTESIAN_POINT('',(0.294398371276992,1.62455984344801,0.337519709773529));
#2451=CARTESIAN_POINT('',(0.294047253985279,1.62579837514874,0.337688957996121));
#2452=CARTESIAN_POINT('',(0.293492534074154,1.62775479145017,0.3379573910498));
#2453=CARTESIAN_POINT('',(0.292812228774476,1.63015358579523,0.338288477448982));
#2454=CARTESIAN_POINT('',(0.292016893923212,1.63295719374755,0.338678319959492));
#2455=CARTESIAN_POINT('',(0.291242602476617,1.63568590679548,0.339060420549625));
#2456=CARTESIAN_POINT('',(0.290238308737449,1.63922431453364,0.339559208893005));
#2457=CARTESIAN_POINT('',(0.289035673782854,1.64346006633946,0.340162046491084));
#2458=CARTESIAN_POINT('',(0.287903482831564,1.64744614291692,0.340735908475218));
#2459=CARTESIAN_POINT('',(0.287040063611218,1.65048520309647,0.341176921387838));
#2460=CARTESIAN_POINT('',(0.286413681688141,1.65268959478837,0.341498502729115));
#2461=CARTESIAN_POINT('',(0.285808492234371,1.65481909716865,0.34181078353611));
#2462=CARTESIAN_POINT('',(0.285321850731227,1.65653123241034,0.34206317521056));
#2463=CARTESIAN_POINT('',(0.284943125941409,1.6578635663399,0.342260356475777));
#2464=CARTESIAN_POINT('',(0.284710893628976,1.65868049941931,0.342381585952441));
#2465=CARTESIAN_POINT('',(0.284527649791254,1.65932507660432,0.342477434809678));
#2466=CARTESIAN_POINT('',(0.284391849957335,1.65980275202318,0.342548563096297));
#2467=CARTESIAN_POINT('',(0.284278815978271,1.66020033773779,0.342607849933817));
#2468=CARTESIAN_POINT('',(0.284202183261824,1.66046988052873,0.342648084448961));
#2469=CARTESIAN_POINT('',(0.284155576199804,1.66063381130513,0.342672568847732));
#2470=CARTESIAN_POINT('',(0.28412910664737,1.66072691217386,0.342686477248813));
#2471=CARTESIAN_POINT('',(0.284070600381174,1.66093269329708,0.342717233920309));
#2472=CARTESIAN_POINT('',(0.284003980221774,1.66116701024179,0.342752276603065));
#2473=CARTESIAN_POINT('',(0.283882611900329,1.66159388193029,0.342816161438936));
#2474=CARTESIAN_POINT('',(0.283713230396204,1.66218960567339,0.342905452974114));
#2475=CARTESIAN_POINT('',(0.283510833640817,1.66290141903532,0.343012348816807));
#2476=CARTESIAN_POINT('',(0.283244088068656,1.66383950728947,0.343153490534303));
#2477=CARTESIAN_POINT('',(0.282915594960864,1.66499468633821,0.34332777079005));
#2478=CARTESIAN_POINT('',(0.282400922781797,1.66680446059255,0.343601745833776));
#2479=CARTESIAN_POINT('',(0.281777882858327,1.66899508461278,0.343935002008987));
#2480=CARTESIAN_POINT('',(0.28106279752847,1.67150906192192,0.344319680251218));
#2481=CARTESIAN_POINT('',(0.280380246522851,1.6739084257795,0.344688797838929));
#2482=CARTESIAN_POINT('',(0.279838674595766,1.67581204544799,0.344983157670486));
#2483=CARTESIAN_POINT('',(0.279421546214219,1.67727816730311,0.345210737152812));
#2484=CARTESIAN_POINT('',(0.279117298355976,1.67834750049154,0.345377163822724));
#2485=CARTESIAN_POINT('',(0.278869118467413,1.67921974494349,0.345513295150062));
#2486=CARTESIAN_POINT('',(0.278701767661501,1.67980789778528,0.345605282170662));
#2487=CARTESIAN_POINT('',(0.278602771392162,1.68015581531574,0.345659762165061));
#2488=CARTESIAN_POINT('',(0.278541389583571,1.68037153756949,0.345693561303763));
#2489=CARTESIAN_POINT('',(0.278433286720106,1.6807514546146,0.345753141952347));
#2490=CARTESIAN_POINT('',(0.278306631399826,1.68119656782456,0.345823024162202));
#2491=CARTESIAN_POINT('',(0.278079742502194,1.68199392851212,0.345948376813266));
#2492=CARTESIAN_POINT('',(0.277766693161397,1.68309405629186,0.34612180500351));
#2493=CARTESIAN_POINT('',(0.277400572491062,1.6843806507201,0.346325285734052));
#2494=CARTESIAN_POINT('',(0.277046222592299,1.68562584775196,0.346522818702435));
#2495=CARTESIAN_POINT('',(0.276702911251003,1.68683222647087,0.346714744448552));
#2496=CARTESIAN_POINT('',(0.276371345012319,1.68799730941174,0.346900621525663));
#2497=CARTESIAN_POINT('',(0.276103089848914,1.68893990792238,0.347051439604156));
#2498=CARTESIAN_POINT('',(0.275922880726807,1.68957312193809,0.347152979784851));
#2499=CARTESIAN_POINT('',(0.275817205231481,1.68994443956156,0.347212598769817));
#2500=CARTESIAN_POINT('',(0.275750229035957,1.69017977675688,0.347250408967594));
#2501=CARTESIAN_POINT('',(0.275639711743308,1.69056810464884,0.347312860694878));
#2502=CARTESIAN_POINT('',(0.275509068139153,1.69102714876912,0.347386766876495));
#2503=CARTESIAN_POINT('',(0.275276391788234,1.69184470204777,0.347518563247585));
#2504=CARTESIAN_POINT('',(0.274956841277817,1.69296749227867,0.347699997834233));
#2505=CARTESIAN_POINT('',(0.27458627410036,1.69426952362479,0.347910845273747));
#2506=CARTESIAN_POINT('',(0.274112097838387,1.69593558457319,0.348181036999948));
#2507=CARTESIAN_POINT('',(0.273555463763501,1.69789135343552,0.348498640844584));
#2508=CARTESIAN_POINT('',(0.273148920792227,1.69931976624204,0.348730915654673));
#2509=CARTESIAN_POINT('',(0.272955318817557,1.7,0.348841735909949));
#2510=CARTESIAN_POINT('',(-0.5,0.5,0.7));
#2511=CARTESIAN_POINT('',(-0.5,0.902257797271999,0.7));
#2512=CARTESIAN_POINT('',(-0.386477659408778,1.301128898636,0.53));
#2513=CARTESIAN_POINT('',(-0.272955318817557,1.7,0.36));
#2514=CARTESIAN_POINT('',(-0.489583333333333,0.5,0.7));
#2515=CARTESIAN_POINT('',(-0.489583333333333,0.90225779964219,0.7));
#2516=CARTESIAN_POINT('',(-0.378426041504429,1.30112889982109,0.53));
#2517=CARTESIAN_POINT('',(-0.267268749675525,1.7,0.36));
#2518=CARTESIAN_POINT('',(-0.479166666666667,0.5,0.7));
#2519=CARTESIAN_POINT('',(-0.479166666666667,0.902258713337105,0.7));
#2520=CARTESIAN_POINT('',(-0.370374423600079,1.30112935666855,0.53));
#2521=CARTESIAN_POINT('',(-0.261582180533492,1.7,0.36));
#2522=CARTESIAN_POINT('',(-0.458333333333333,0.5,0.7));
#2523=CARTESIAN_POINT('',(-0.458333333333333,0.902261468846786,0.7));
#2524=CARTESIAN_POINT('',(-0.354271187791381,1.30113073442339,0.53));
#2525=CARTESIAN_POINT('',(-0.250209042249427,1.7,0.36));
#2526=CARTESIAN_POINT('',(-0.447916666666667,0.5,0.7));
#2527=CARTESIAN_POINT('',(-0.447916666666667,0.902263310252239,0.7));
#2528=CARTESIAN_POINT('',(-0.346219569887031,1.30113165512612,0.53));
#2529=CARTESIAN_POINT('',(-0.244522473107395,1.7,0.36));
#2530=CARTESIAN_POINT('',(-0.427083333333334,0.5,0.7));
#2531=CARTESIAN_POINT('',(-0.427083333333334,0.902267254021721,0.7));
#2532=CARTESIAN_POINT('',(-0.330116334078332,1.30113362701086,0.53));
#2533=CARTESIAN_POINT('',(-0.23314933482333,1.7,0.36));
#2534=CARTESIAN_POINT('',(-0.416666666666667,0.5,0.7));
#2535=CARTESIAN_POINT('',(-0.416666666666667,0.902269358379142,0.7));
#2536=CARTESIAN_POINT('',(-0.322064716173982,1.30113467918957,0.53));
#2537=CARTESIAN_POINT('',(-0.227462765681298,1.7,0.36));
#2538=CARTESIAN_POINT('',(-0.395833333333333,0.5,0.7));
#2539=CARTESIAN_POINT('',(-0.395833333333334,0.902273372286027,0.7));
#2540=CARTESIAN_POINT('',(-0.305961480365283,1.30113668614301,0.53));
#2541=CARTESIAN_POINT('',(-0.216089627397233,1.7,0.36));
#2542=CARTESIAN_POINT('',(-0.385416666666667,0.5,0.7));
#2543=CARTESIAN_POINT('',(-0.385416666666667,0.902275283695181,0.7));
#2544=CARTESIAN_POINT('',(-0.297909862460934,1.30113764184759,0.53));
#2545=CARTESIAN_POINT('',(-0.210403058255201,1.7,0.36));
#2546=CARTESIAN_POINT('',(-0.364583333333333,0.5,0.7));
#2547=CARTESIAN_POINT('',(-0.364583333333334,0.902278627798204,0.7));
#2548=CARTESIAN_POINT('',(-0.281806626652234,1.3011393138991,0.53));
#2549=CARTESIAN_POINT('',(-0.199029919971135,1.7,0.36));
#2550=CARTESIAN_POINT('',(-0.354166666666667,0.5,0.7));
#2551=CARTESIAN_POINT('',(-0.354166666666667,0.902280062208858,0.7));
#2552=CARTESIAN_POINT('',(-0.273755008747885,1.30114003110443,0.53));
#2553=CARTESIAN_POINT('',(-0.193343350829103,1.7,0.36));
#2554=CARTESIAN_POINT('',(-0.333333333333334,0.5,0.7));
#2555=CARTESIAN_POINT('',(-0.333333333333334,0.902282308269301,0.7));
#2556=CARTESIAN_POINT('',(-0.257651772939186,1.30114115413465,0.53));
#2557=CARTESIAN_POINT('',(-0.181970212545038,1.7,0.36));
#2558=CARTESIAN_POINT('',(-0.322916666666667,0.5,0.7));
#2559=CARTESIAN_POINT('',(-0.322916666666667,0.902283121489541,0.7));
#2560=CARTESIAN_POINT('',(-0.249600155034836,1.30114156074477,0.53));
#2561=CARTESIAN_POINT('',(-0.176283643403006,1.7,0.36));
#2562=CARTESIAN_POINT('',(-0.302083333333334,0.5,0.7));
#2563=CARTESIAN_POINT('',(-0.302083333333334,0.90228409159156,0.7));
#2564=CARTESIAN_POINT('',(-0.233496919226137,1.30114204579578,0.53));
#2565=CARTESIAN_POINT('',(-0.164910505118941,1.7,0.36));
#2566=CARTESIAN_POINT('',(-0.291666666666667,0.5,0.7));
#2567=CARTESIAN_POINT('',(-0.291666666666667,0.902284249897312,0.7));
#2568=CARTESIAN_POINT('',(-0.225445301321788,1.30114212494866,0.53));
#2569=CARTESIAN_POINT('',(-0.159223935976909,1.7,0.36));
#2570=CARTESIAN_POINT('',(-0.270833333333334,0.5,0.7));
#2571=CARTESIAN_POINT('',(-0.270833333333334,0.902283960294436,0.7));
#2572=CARTESIAN_POINT('',(-0.209342065513089,1.30114198014722,0.53));
#2573=CARTESIAN_POINT('',(-0.147850797692844,1.7,0.36));
#2574=CARTESIAN_POINT('',(-0.260416666666667,0.5,0.7));
#2575=CARTESIAN_POINT('',(-0.260416666666667,0.902283514543376,0.7));
#2576=CARTESIAN_POINT('',(-0.201290447608739,1.30114175727169,0.53));
#2577=CARTESIAN_POINT('',(-0.142164228550811,1.7,0.36));
#2578=CARTESIAN_POINT('',(-0.229166666666666,0.5,0.7));
#2579=CARTESIAN_POINT('',(-0.229166666666666,0.90228142720178,0.7));
#2580=CARTESIAN_POINT('',(-0.177135593895691,1.30114071360089,0.53));
#2581=CARTESIAN_POINT('',(-0.125104521124714,1.7,0.36));
#2582=CARTESIAN_POINT('',(-0.208333333333334,0.5,0.7));
#2583=CARTESIAN_POINT('',(-0.208333333333334,0.902279041726437,0.7));
#2584=CARTESIAN_POINT('',(-0.161032358086991,1.30113952086322,0.53));
#2585=CARTESIAN_POINT('',(-0.113731382840649,1.7,0.36));
#2586=CARTESIAN_POINT('',(-0.166666666666667,0.5,0.7));
#2587=CARTESIAN_POINT('',(-0.166666666666667,0.902273513834282,0.7));
#2588=CARTESIAN_POINT('',(-0.128825886469593,1.30113675691714,0.53));
#2589=CARTESIAN_POINT('',(-0.0909851062725194,1.7,0.36));
#2590=CARTESIAN_POINT('',(-0.145833333333333,0.5,0.7));
#2591=CARTESIAN_POINT('',(-0.145833333333333,0.902270397922964,0.7));
#2592=CARTESIAN_POINT('',(-0.112722650660894,1.30113519896148,0.53));
#2593=CARTESIAN_POINT('',(-0.0796119679884545,1.7,0.36));
#2594=CARTESIAN_POINT('',(-0.114583333333333,0.5,0.7));
#2595=CARTESIAN_POINT('',(-0.114583333333333,0.902266160754245,0.7));
#2596=CARTESIAN_POINT('',(-0.0885677969478453,1.30113308037712,0.53));
#2597=CARTESIAN_POINT('',(-0.0625522605623572,1.7,0.36));
#2598=CARTESIAN_POINT('',(-0.104166666666667,0.5,0.7));
#2599=CARTESIAN_POINT('',(-0.104166666666667,0.902264821919625,0.7));
#2600=CARTESIAN_POINT('',(-0.0805161790434957,1.30113241095981,0.53));
#2601=CARTESIAN_POINT('',(-0.0568656914203248,1.7,0.36));
#2602=CARTESIAN_POINT('',(-0.0833333333333333,0.5,0.7));
#2603=CARTESIAN_POINT('',(-0.0833333333333334,0.902262421949635,0.7));
#2604=CARTESIAN_POINT('',(-0.0644129432347967,1.30113121097482,0.53));
#2605=CARTESIAN_POINT('',(-0.0454925531362599,1.7,0.36));
#2606=CARTESIAN_POINT('',(-0.0729166666666667,0.5,0.7));
#2607=CARTESIAN_POINT('',(-0.0729166666666668,0.902261361905847,0.7));
#2608=CARTESIAN_POINT('',(-0.0563613253304471,1.30113068095292,0.53));
#2609=CARTESIAN_POINT('',(-0.0398059839942275,1.7,0.36));
#2610=CARTESIAN_POINT('',(-0.0520833333333334,0.5,0.7));
#2611=CARTESIAN_POINT('',(-0.0520833333333335,0.902259622061798,0.7));
#2612=CARTESIAN_POINT('',(-0.040258089521748,1.3011298110309,0.53));
#2613=CARTESIAN_POINT('',(-0.0284328457101626,1.7,0.36));
#2614=CARTESIAN_POINT('',(-0.0416666666666667,0.5,0.7));
#2615=CARTESIAN_POINT('',(-0.0416666666666668,0.902258943388421,0.7));
#2616=CARTESIAN_POINT('',(-0.0322064716173985,1.30112947169421,0.53));
#2617=CARTESIAN_POINT('',(-0.0227462765681301,1.7,0.36));
#2618=CARTESIAN_POINT('',(-0.0208333333333333,0.5,0.7));
#2619=CARTESIAN_POINT('',(-0.0208333333333335,0.902258030816724,0.7));
#2620=CARTESIAN_POINT('',(-0.0161032358086994,1.30112901540836,0.53));
#2621=CARTESIAN_POINT('',(-0.0113731382840653,1.7,0.36));
#2622=CARTESIAN_POINT('',(-0.0104166666666667,0.5,0.7));
#2623=CARTESIAN_POINT('',(-0.0104166666666668,0.902257796003151,0.7));
#2624=CARTESIAN_POINT('',(-0.00805161790434981,1.30112889800158,0.53));
#2625=CARTESIAN_POINT('',(-0.00568656914203286,1.7,0.36));
#2626=CARTESIAN_POINT('',(0.0104166666666667,0.5,0.7));
#2627=CARTESIAN_POINT('',(0.0104166666666666,0.902257798540847,0.7));
#2628=CARTESIAN_POINT('',(0.00805161790434929,1.30112889927042,0.53));
#2629=CARTESIAN_POINT('',(0.00568656914203201,1.7,0.36));
#2630=CARTESIAN_POINT('',(0.0208333333333333,0.5,0.7));
#2631=CARTESIAN_POINT('',(0.0208333333333332,0.902258030816723,0.7));
#2632=CARTESIAN_POINT('',(0.0161032358086989,1.30112901540836,0.53));
#2633=CARTESIAN_POINT('',(0.0113731382840644,1.7,0.36));
#2634=CARTESIAN_POINT('',(0.0416666666666667,0.5,0.7));
#2635=CARTESIAN_POINT('',(0.0416666666666666,0.902258943388422,0.7));
#2636=CARTESIAN_POINT('',(0.032206471617398,1.30112947169421,0.53));
#2637=CARTESIAN_POINT('',(0.0227462765681293,1.7,0.36));
#2638=CARTESIAN_POINT('',(0.0520833333333333,0.5,0.7));
#2639=CARTESIAN_POINT('',(0.0520833333333333,0.902259622271833,0.7));
#2640=CARTESIAN_POINT('',(0.0402580895217475,1.30112981113592,0.53));
#2641=CARTESIAN_POINT('',(0.0284328457101618,1.7,0.36));
#2642=CARTESIAN_POINT('',(0.0729166666666667,0.5,0.7));
#2643=CARTESIAN_POINT('',(0.0729166666666666,0.902261361695813,0.7));
#2644=CARTESIAN_POINT('',(0.0563613253304466,1.30113068084791,0.53));
#2645=CARTESIAN_POINT('',(0.0398059839942266,1.7,0.36));
#2646=CARTESIAN_POINT('',(0.0833333333333333,0.5,0.7));
#2647=CARTESIAN_POINT('',(0.0833333333333333,0.902262421949635,0.7));
#2648=CARTESIAN_POINT('',(0.0644129432347961,1.30113121097482,0.53));
#2649=CARTESIAN_POINT('',(0.045492553136259,1.7,0.36));
#2650=CARTESIAN_POINT('',(0.104166666666667,0.5,0.7));
#2651=CARTESIAN_POINT('',(0.104166666666667,0.902264821919625,0.7));
#2652=CARTESIAN_POINT('',(0.0805161790434952,1.30113241095981,0.53));
#2653=CARTESIAN_POINT('',(0.0568656914203239,1.7,0.36));
#2654=CARTESIAN_POINT('',(0.114583333333333,0.5,0.7));
#2655=CARTESIAN_POINT('',(0.114583333333333,0.902266160754244,0.7));
#2656=CARTESIAN_POINT('',(0.0885677969478448,1.30113308037712,0.53));
#2657=CARTESIAN_POINT('',(0.0625522605623563,1.7,0.36));
#2658=CARTESIAN_POINT('',(0.145833333333333,0.5,0.7));
#2659=CARTESIAN_POINT('',(0.145833333333333,0.902270397922964,0.7));
#2660=CARTESIAN_POINT('',(0.112722650660893,1.30113519896148,0.53));
#2661=CARTESIAN_POINT('',(0.0796119679884536,1.7,0.36));
#2662=CARTESIAN_POINT('',(0.166666666666667,0.5,0.7));
#2663=CARTESIAN_POINT('',(0.166666666666667,0.902273513834282,0.7));
#2664=CARTESIAN_POINT('',(0.128825886469593,1.30113675691714,0.53));
#2665=CARTESIAN_POINT('',(0.0909851062725185,1.7,0.36));
#2666=CARTESIAN_POINT('',(0.208333333333334,0.5,0.7));
#2667=CARTESIAN_POINT('',(0.208333333333334,0.902279041726437,0.7));
#2668=CARTESIAN_POINT('',(0.161032358086991,1.30113952086322,0.53));
#2669=CARTESIAN_POINT('',(0.113731382840648,1.7,0.36));
#2670=CARTESIAN_POINT('',(0.229166666666666,0.5,0.7));
#2671=CARTESIAN_POINT('',(0.229166666666666,0.90228142720178,0.7));
#2672=CARTESIAN_POINT('',(0.17713559389569,1.30114071360089,0.53));
#2673=CARTESIAN_POINT('',(0.125104521124713,1.7,0.36));
#2674=CARTESIAN_POINT('',(0.260416666666667,0.5,0.7));
#2675=CARTESIAN_POINT('',(0.260416666666667,0.902283514543376,0.7));
#2676=CARTESIAN_POINT('',(0.201290447608739,1.30114175727169,0.53));
#2677=CARTESIAN_POINT('',(0.14216422855081,1.7,0.36));
#2678=CARTESIAN_POINT('',(0.270833333333334,0.5,0.7));
#2679=CARTESIAN_POINT('',(0.270833333333334,0.902283960294436,0.7));
#2680=CARTESIAN_POINT('',(0.209342065513088,1.30114198014722,0.53));
#2681=CARTESIAN_POINT('',(0.147850797692843,1.7,0.36));
#2682=CARTESIAN_POINT('',(0.291666666666667,0.5,0.7));
#2683=CARTESIAN_POINT('',(0.291666666666667,0.902284249897312,0.7));
#2684=CARTESIAN_POINT('',(0.225445301321787,1.30114212494866,0.53));
#2685=CARTESIAN_POINT('',(0.159223935976908,1.7,0.36));
#2686=CARTESIAN_POINT('',(0.302083333333334,0.5,0.7));
#2687=CARTESIAN_POINT('',(0.302083333333334,0.90228409159156,0.7));
#2688=CARTESIAN_POINT('',(0.233496919226136,1.30114204579578,0.53));
#2689=CARTESIAN_POINT('',(0.16491050511894,1.7,0.36));
#2690=CARTESIAN_POINT('',(0.322916666666667,0.5,0.7));
#2691=CARTESIAN_POINT('',(0.322916666666667,0.902283121489541,0.7));
#2692=CARTESIAN_POINT('',(0.249600155034836,1.30114156074477,0.53));
#2693=CARTESIAN_POINT('',(0.176283643403005,1.7,0.36));
#2694=CARTESIAN_POINT('',(0.333333333333334,0.5,0.7));
#2695=CARTESIAN_POINT('',(0.333333333333334,0.902282308269301,0.7));
#2696=CARTESIAN_POINT('',(0.257651772939186,1.30114115413465,0.53));
#2697=CARTESIAN_POINT('',(0.181970212545038,1.7,0.36));
#2698=CARTESIAN_POINT('',(0.354166666666667,0.5,0.7));
#2699=CARTESIAN_POINT('',(0.354166666666667,0.902280062208858,0.7));
#2700=CARTESIAN_POINT('',(0.273755008747884,1.30114003110443,0.53));
#2701=CARTESIAN_POINT('',(0.193343350829103,1.7,0.36));
#2702=CARTESIAN_POINT('',(0.364583333333334,0.5,0.7));
#2703=CARTESIAN_POINT('',(0.364583333333334,0.902278627798204,0.7));
#2704=CARTESIAN_POINT('',(0.281806626652234,1.3011393138991,0.53));
#2705=CARTESIAN_POINT('',(0.199029919971135,1.7,0.36));
#2706=CARTESIAN_POINT('',(0.385416666666667,0.5,0.7));
#2707=CARTESIAN_POINT('',(0.385416666666667,0.902275283695181,0.7));
#2708=CARTESIAN_POINT('',(0.297909862460933,1.30113764184759,0.53));
#2709=CARTESIAN_POINT('',(0.2104030582552,1.7,0.36));
#2710=CARTESIAN_POINT('',(0.395833333333334,0.5,0.7));
#2711=CARTESIAN_POINT('',(0.395833333333334,0.902273372286027,0.7));
#2712=CARTESIAN_POINT('',(0.305961480365283,1.30113668614301,0.53));
#2713=CARTESIAN_POINT('',(0.216089627397232,1.7,0.36));
#2714=CARTESIAN_POINT('',(0.416666666666667,0.5,0.7));
#2715=CARTESIAN_POINT('',(0.416666666666667,0.902269358379142,0.7));
#2716=CARTESIAN_POINT('',(0.322064716173982,1.30113467918957,0.53));
#2717=CARTESIAN_POINT('',(0.227462765681297,1.7,0.36));
#2718=CARTESIAN_POINT('',(0.427083333333334,0.5,0.7));
#2719=CARTESIAN_POINT('',(0.427083333333334,0.902267254021721,0.7));
#2720=CARTESIAN_POINT('',(0.330116334078332,1.30113362701086,0.53));
#2721=CARTESIAN_POINT('',(0.23314933482333,1.7,0.36));
#2722=CARTESIAN_POINT('',(0.447916666666667,0.5,0.7));
#2723=CARTESIAN_POINT('',(0.447916666666667,0.902263310252238,0.7));
#2724=CARTESIAN_POINT('',(0.346219569887031,1.30113165512612,0.53));
#2725=CARTESIAN_POINT('',(0.244522473107394,1.7,0.36));
#2726=CARTESIAN_POINT('',(0.458333333333333,0.5,0.7));
#2727=CARTESIAN_POINT('',(0.458333333333333,0.902261468846786,0.7));
#2728=CARTESIAN_POINT('',(0.35427118779138,1.30113073442339,0.53));
#2729=CARTESIAN_POINT('',(0.250209042249426,1.7,0.36));
#2730=CARTESIAN_POINT('',(0.479166666666667,0.5,0.7));
#2731=CARTESIAN_POINT('',(0.479166666666667,0.902258713337104,0.7));
#2732=CARTESIAN_POINT('',(0.370374423600079,1.30112935666855,0.53));
#2733=CARTESIAN_POINT('',(0.261582180533491,1.7,0.36));
#2734=CARTESIAN_POINT('',(0.489583333333333,0.5,0.7));
#2735=CARTESIAN_POINT('',(0.489583333333333,0.90225779964219,0.7));
#2736=CARTESIAN_POINT('',(0.378426041504428,1.30112889982109,0.53));
#2737=CARTESIAN_POINT('',(0.267268749675524,1.7,0.36));
#2738=CARTESIAN_POINT('',(0.5,0.5,0.7));
#2739=CARTESIAN_POINT('',(0.5,0.902257797271999,0.7));
#2740=CARTESIAN_POINT('',(0.386477659408778,1.301128898636,0.53));
#2741=CARTESIAN_POINT('',(0.272955318817556,1.7,0.36));
#2742=CARTESIAN_POINT('',(-3.88578058618805E-16,1.7,0.36));
#2743=CARTESIAN_POINT('',(-0.264217907586393,1.7,0.36));
#2744=CARTESIAN_POINT('',(0.264217907583317,1.7,0.360000005314093));
#2745=CARTESIAN_POINT('',(-0.264217907586391,1.7,0.36));
#2746=CARTESIAN_POINT('',(-0.264246406031387,1.69882919121445,0.360499002453954));
#2747=CARTESIAN_POINT('',(-0.264307221073149,1.6963088075378,0.361573198941126));
#2748=CARTESIAN_POINT('',(-0.264406748376434,1.69199187470742,0.363413054808995));
#2749=CARTESIAN_POINT('',(-0.264493603493999,1.68794761333579,0.365136613476654));
#2750=CARTESIAN_POINT('',(-0.264554677208205,1.68488176696244,0.366443105322076));
#2751=CARTESIAN_POINT('',(-0.264589368188411,1.68306316365581,0.367218057540081));
#2752=CARTESIAN_POINT('',(-0.264615229868643,1.6816647081454,0.367813954745805));
#2753=CARTESIAN_POINT('',(-0.264636523514823,1.68047452632687,0.368321085951165));
#2754=CARTESIAN_POINT('',(-0.264653514353762,1.6794985974542,0.36873691217158));
#2755=CARTESIAN_POINT('',(-0.264663791877208,1.67889765133243,0.36899295963132));
#2756=CARTESIAN_POINT('',(-0.264672574417352,1.67837607755775,0.369215184658271));
#2757=CARTESIAN_POINT('',(-0.264679093261165,1.67798542362415,0.369381627373012));
#2758=CARTESIAN_POINT('',(-0.264690753514774,1.6772799515453,0.369682198238785));
#2759=CARTESIAN_POINT('',(-0.264713279979151,1.67588654870264,0.370275849175698));
#2760=CARTESIAN_POINT('',(-0.264744121525822,1.67389262184883,0.371125299291237));
#2761=CARTESIAN_POINT('',(-0.264778728515812,1.67151153833148,0.372139596529349));
#2762=CARTESIAN_POINT('',(-0.264811048236743,1.66913681699477,0.373151087366636));
#2763=CARTESIAN_POINT('',(-0.264841061946376,1.66677253230388,0.374158029707719));
#2764=CARTESIAN_POINT('',(-0.264868912392744,1.66440765218064,0.375165113620374));
#2765=CARTESIAN_POINT('',(-0.264894230697205,1.66208222973605,0.376155280047554));
#2766=CARTESIAN_POINT('',(-0.264918532978481,1.65964708387986,0.37719203519309));
#2767=CARTESIAN_POINT('',(-0.264947513288814,1.65644550633218,0.378554907056542));
#2768=CARTESIAN_POINT('',(-0.264990644356079,1.65083862207769,0.380941172561296));
#2769=CARTESIAN_POINT('',(-0.265030262781595,1.64288142956143,0.384326085417445));
#2770=CARTESIAN_POINT('',(-0.265041636735415,1.63497098514295,0.387688532962142));
#2771=CARTESIAN_POINT('',(-0.265035291734079,1.62947325829787,0.390023871532966));
#2772=CARTESIAN_POINT('',(-0.26502757474044,1.62632463957499,0.391360871220335));
#2773=CARTESIAN_POINT('',(-0.265019976286245,1.6240104558638,0.392343310045904));
#2774=CARTESIAN_POINT('',(-0.265009694140435,1.62153561907182,0.393393680753128));
#2775=CARTESIAN_POINT('',(-0.264993295517726,1.61829713646627,0.394767778898082));
#2776=CARTESIAN_POINT('',(-0.264957033509529,1.61261412175017,0.397178099965851));
#2777=CARTESIAN_POINT('',(-0.26488419882651,1.60454072970227,0.400599209462499));
#2778=CARTESIAN_POINT('',(-0.264764014438828,1.59489670359788,0.40468054697416));
#2779=CARTESIAN_POINT('',(-0.264612042503753,1.58530438273064,0.408734187745279));
#2780=CARTESIAN_POINT('',(-0.264429241588207,1.57576134256499,0.41276072395933));
#2781=CARTESIAN_POINT('',(-0.264216642379117,1.56626956463183,0.416758903232444));
#2782=CARTESIAN_POINT('',(-0.264015333132971,1.55839783805238,0.420068693568695));
#2783=CARTESIAN_POINT('',(-0.263862447605397,1.55291645885815,0.422370111755799));
#2784=CARTESIAN_POINT('',(-0.263771335094138,1.54977963228105,0.423686158665581));
#2785=CARTESIAN_POINT('',(-0.263702241700644,1.54746072146662,0.424658569743026));
#2786=CARTESIAN_POINT('',(-0.263627899989286,1.54502802233671,0.425678168042894));
#2787=CARTESIAN_POINT('',(-0.263527480414436,1.5418237545084,0.427020419571621));
#2788=CARTESIAN_POINT('',(-0.263344705027543,1.53619707884367,0.429375496817799));
#2789=CARTESIAN_POINT('',(-0.263065422623145,1.52816647708915,0.432731095636558));
#2790=CARTESIAN_POINT('',(-0.262700894222133,1.51852218130835,0.436751403756759));
#2791=CARTESIAN_POINT('',(-0.262176255995427,1.50565996205086,0.442099625520507));
#2792=CARTESIAN_POINT('',(-0.261448709138296,1.48957299558296,0.4487620453826));
#2793=CARTESIAN_POINT('',(-0.260463335638195,1.47025503280155,0.456715508247294));
#2794=CARTESIAN_POINT('',(-0.259368159634439,1.45092242058557,0.464623524868937));
#2795=CARTESIAN_POINT('',(-0.258166081066769,1.4315776533851,0.472480659345453));
#2796=CARTESIAN_POINT('',(-0.257077012529032,1.41543894953859,0.478985301075028));
#2797=CARTESIAN_POINT('',(-0.256156184478293,1.40253465107705,0.484154046603554));
#2798=CARTESIAN_POINT('',(-0.25543770254775,1.39281501307595,0.488030316864039));
#2799=CARTESIAN_POINT('',(-0.25470580982816,1.38323609552109,0.491833458930665));
#2800=CARTESIAN_POINT('',(-0.253692390183007,1.37038064757842,0.496914131440119));
#2801=CARTESIAN_POINT('',(-0.251833613990616,1.34783812658855,0.505759456630655));
#2802=CARTESIAN_POINT('',(-0.249511728446088,1.32189946538907,0.515781759923036));
#2803=CARTESIAN_POINT('',(-0.246999567213981,1.2958005829855,0.525689494910938));
#2804=CARTESIAN_POINT('',(-0.245021647029611,1.27614194937593,0.53305904946573));
#2805=CARTESIAN_POINT('',(-0.243297399128034,1.25969569098602,0.539142239355675));
#2806=CARTESIAN_POINT('',(-0.242050078096742,1.2481379816531,0.543371637342609));
#2807=CARTESIAN_POINT('',(-0.241327794861933,1.24153746702425,0.545773744759686));
#2808=CARTESIAN_POINT('',(-0.240776094584861,1.23654180328022,0.547584938327835));
#2809=CARTESIAN_POINT('',(-0.240235961274832,1.23169425235719,0.549335819239315));
#2810=CARTESIAN_POINT('',(-0.23950339722864,1.22517618448136,0.551681256988426));
#2811=CARTESIAN_POINT('',(-0.238206939309156,1.21378767616383,0.555755585483375));
#2812=CARTESIAN_POINT('',(-0.236305414238508,1.19748770810645,0.561518163550095));
#2813=CARTESIAN_POINT('',(-0.23395065397769,1.17790460928131,0.568326315927187));
#2814=CARTESIAN_POINT('',(-0.230717079539557,1.15175271719911,0.577258314297973));
#2815=CARTESIAN_POINT('',(-0.227350559056182,1.12554758900472,0.585959264605018));
#2816=CARTESIAN_POINT('',(-0.224298832632661,1.10255666604331,0.593357396288695));
#2817=CARTESIAN_POINT('',(-0.222528993426629,1.08941996688268,0.597515130937651));
#2818=CARTESIAN_POINT('',(-0.221182105820461,1.07951633827744,0.60061384916319));
#2819=CARTESIAN_POINT('',(-0.21984465094515,1.06977271182452,0.603627105802442));
#2820=CARTESIAN_POINT('',(-0.218036929371303,1.05672224299795,0.607615374763996));
#2821=CARTESIAN_POINT('',(-0.214834762973686,1.03390129465131,0.614461610417654));
#2822=CARTESIAN_POINT('',(-0.211087118905889,1.00780585152979,0.621990010050983));
#2823=CARTESIAN_POINT('',(-0.207262242680675,0.981660575908158,0.629212895567883));
#2824=CARTESIAN_POINT('',(-0.204388698178273,0.962212292086042,0.634423185552239));
#2825=CARTESIAN_POINT('',(-0.20199046694227,0.946106782253069,0.638601342613957));
#2826=CARTESIAN_POINT('',(-0.200070559557974,0.933268360688721,0.641848433959825));
#2827=CARTESIAN_POINT('',(-0.19863897567095,0.923717968835153,0.644222457099613));
#2828=CARTESIAN_POINT('',(-0.197182188044891,0.91401568500675,0.646591218895583));
#2829=CARTESIAN_POINT('',(-0.195253307790617,0.901181819690615,0.649666444664484));
#2830=CARTESIAN_POINT('',(-0.19284838612205,0.885192861822964,0.653388957267028));
#2831=CARTESIAN_POINT('',(-0.190461024724304,0.869304723798309,0.656941060846301));
#2832=CARTESIAN_POINT('',(-0.188802684055167,0.858243636063415,0.659336399980825));
#2833=CARTESIAN_POINT('',(-0.187856263524101,0.851921582900967,0.660682966988116));
#2834=CARTESIAN_POINT('',(-0.187155208476108,0.847233375725369,0.661670546481797));
#2835=CARTESIAN_POINT('',(-0.186429876133386,0.842376789080245,0.662681886458672));
#2836=CARTESIAN_POINT('',(-0.185477800612712,0.835992767964747,0.663995528282318));
#2837=CARTESIAN_POINT('',(-0.183821304637257,0.824858160110357,0.666245997319366));
#2838=CARTESIAN_POINT('',(-0.181964676524606,0.812301619211023,0.668691071517277));
#2839=CARTESIAN_POINT('',(-0.180145807354537,0.799895931798341,0.671015682769929));
#2840=CARTESIAN_POINT('',(-0.179025930814859,0.792207946694083,0.6724183870241));
#2841=CARTESIAN_POINT('',(-0.178140486859706,0.786095857452564,0.673510988771648));
#2842=CARTESIAN_POINT('',(-0.177481983470037,0.781532613401776,0.674315461582088));
#2843=CARTESIAN_POINT('',(-0.176937194875288,0.777741810789417,0.674974374324995));
#2844=CARTESIAN_POINT('',(-0.176559501105886,0.775105217948082,0.67542780528714));
#2845=CARTESIAN_POINT('',(-0.176342500058384,0.773587822667561,0.675687334841289));
#2846=CARTESIAN_POINT('',(-0.176185410024461,0.772488185491002,0.675874762539279));
#2847=CARTESIAN_POINT('',(-0.176008397037126,0.771247593588404,0.676085418514358));
#2848=CARTESIAN_POINT('',(-0.175780082081343,0.769645313584563,0.676356386973768));
#2849=CARTESIAN_POINT('',(-0.175378796735397,0.766823725390642,0.676830787106219));
#2850=CARTESIAN_POINT('',(-0.174811809850826,0.76282090597856,0.677495781985798));
#2851=CARTESIAN_POINT('',(-0.174138099403979,0.758037796316921,0.678277750816212));
#2852=CARTESIAN_POINT('',(-0.173250145561814,0.751696074909801,0.679297708480472));
#2853=CARTESIAN_POINT('',(-0.172159329661783,0.743831961673996,0.680531189692577));
#2854=CARTESIAN_POINT('',(-0.170456460714065,0.731385562577663,0.682417530470185));
#2855=CARTESIAN_POINT('',(-0.168409879967769,0.716082193189056,0.684614902906597));
#2856=CARTESIAN_POINT('',(-0.166092911954371,0.698125991608046,0.687004177079853));
#2857=CARTESIAN_POINT('',(-0.163921977882857,0.680577739814867,0.68915543635399));
#2858=CARTESIAN_POINT('',(-0.162240065522031,0.666294387865601,0.690757881380127));
#2859=CARTESIAN_POINT('',(-0.160973876660755,0.655071788927284,0.691930602323522));
#2860=CARTESIAN_POINT('',(-0.160216184389741,0.648142990999075,0.692619048323229));
#2861=CARTESIAN_POINT('',(-0.159630512890782,0.642650498602963,0.693143781585173));
#2862=CARTESIAN_POINT('',(-0.159201751937703,0.638558104511452,0.693524329325986));
#2863=CARTESIAN_POINT('',(-0.158852688230216,0.635164490220597,0.693831245064038));
#2864=CARTESIAN_POINT('',(-0.158613835078522,0.632809105519493,0.694039814988163));
#2865=CARTESIAN_POINT('',(-0.158477271277298,0.631452359540056,0.694158645058487));
#2866=CARTESIAN_POINT('',(-0.158379438355026,0.630475849457616,0.694243586305168));
#2867=CARTESIAN_POINT('',(-0.158267246905819,0.629350127827811,0.694340761234317));
#2868=CARTESIAN_POINT('',(-0.158123963646983,0.627904091289585,0.694464548907642));
#2869=CARTESIAN_POINT('',(-0.157873463861917,0.625354990153553,0.694680178459508));
#2870=CARTESIAN_POINT('',(-0.157524648192192,0.62174335714981,0.694978207760828));
#2871=CARTESIAN_POINT('',(-0.157118017747035,0.61743129886722,0.695322264569443));
#2872=CARTESIAN_POINT('',(-0.156592816665069,0.611720330701195,0.695762337957344));
#2873=CARTESIAN_POINT('',(-0.155967926164897,0.604649452769089,0.696278244790344));
#2874=CARTESIAN_POINT('',(-0.155269424239029,0.596274314130943,0.696843961552674));
#2875=CARTESIAN_POINT('',(-0.154622869089524,0.588008692633643,0.697357786553112));
#2876=CARTESIAN_POINT('',(-0.154127872780661,0.581212255170152,0.697743921916325));
#2877=CARTESIAN_POINT('',(-0.153758404700594,0.575829579512093,0.698028346047759));
#2878=CARTESIAN_POINT('',(-0.153494704913253,0.571821024815328,0.698229551104688));
#2879=CARTESIAN_POINT('',(-0.153285938928457,0.568500172725993,0.698387456429167));
#2880=CARTESIAN_POINT('',(-0.153146066100314,0.566193959249004,0.698492593142044));
#2881=CARTESIAN_POINT('',(-0.1530672483313,0.564869591925936,0.698551649961094));
#2882=CARTESIAN_POINT('',(-0.153010608131225,0.563906091323707,0.698594006565632));
#2883=CARTESIAN_POINT('',(-0.152948589196085,0.562837046481517,0.698640279274456));
#2884=CARTESIAN_POINT('',(-0.152869308737608,0.56145104441116,0.698699274353365));
#2885=CARTESIAN_POINT('',(-0.152732743997049,0.559013499237681,0.698800512844654));
#2886=CARTESIAN_POINT('',(-0.152547342884838,0.555555705273194,0.698936879461318));
#2887=CARTESIAN_POINT('',(-0.152339341626864,0.551426966621617,0.699088279883758));
#2888=CARTESIAN_POINT('',(-0.152081772622891,0.545956023875534,0.699273758657377));
#2889=CARTESIAN_POINT('',(-0.151796831758528,0.539178166514521,0.699475423027685));
#2890=CARTESIAN_POINT('',(-0.151420522684316,0.528464634883688,0.699735397741446));
#2891=CARTESIAN_POINT('',(-0.151100314149607,0.515317907420762,0.699946156165433));
#2892=CARTESIAN_POINT('',(-0.151006174750385,0.505062320441279,0.699999999999559));
#2893=CARTESIAN_POINT('',(-0.151,0.500000000124395,0.7));
#2894=CARTESIAN_POINT('',(0.151,0.5,0.7));
#2895=CARTESIAN_POINT('',(0.151006174604254,0.505062201389278,0.7));
#2896=CARTESIAN_POINT('',(0.15110031429332,0.515317610022273,0.6999461587014));
#2897=CARTESIAN_POINT('',(0.151420523710074,0.528464263284374,0.699735405097782));
#2898=CARTESIAN_POINT('',(0.151796833214561,0.539177824638231,0.699475432347734));
#2899=CARTESIAN_POINT('',(0.152081774119089,0.545955737885929,0.699273767794184));
#2900=CARTESIAN_POINT('',(0.152339342912849,0.551426747222392,0.699088287678991));
#2901=CARTESIAN_POINT('',(0.152547343944464,0.555555548031592,0.698936885503251));
#2902=CARTESIAN_POINT('',(0.15273274454907,0.559013399639446,0.698800516915455));
#2903=CARTESIAN_POINT('',(0.152869309241113,0.561450996770384,0.698699276359635));
#2904=CARTESIAN_POINT('',(0.152948589054163,0.562837019403027,0.698640280447053));
#2905=CARTESIAN_POINT('',(0.153010609170249,0.563906109994968,0.69859400574908));
#2906=CARTESIAN_POINT('',(0.153067244130529,0.564869543772604,0.698551652078557));
#2907=CARTESIAN_POINT('',(0.153146057379572,0.56619386355446,0.698492597446865));
#2908=CARTESIAN_POINT('',(0.153285921701917,0.56849998008438,0.698387465335919));
#2909=CARTESIAN_POINT('',(0.153494677423515,0.571820716976813,0.698229566039445));
#2910=CARTESIAN_POINT('',(0.153758366750711,0.57582915107921,0.698028368022889));
#2911=CARTESIAN_POINT('',(0.154127823711195,0.581211696435791,0.697743952493526));
#2912=CARTESIAN_POINT('',(0.154622811144712,0.588008024969731,0.697357826124036));
#2913=CARTESIAN_POINT('',(0.155269363437161,0.596273603067751,0.696844007677791));
#2914=CARTESIAN_POINT('',(0.155967869956522,0.60464878525462,0.696278291852059));
#2915=CARTESIAN_POINT('',(0.156592770238377,0.611719772188073,0.695762379919161));
#2916=CARTESIAN_POINT('',(0.157117982492751,0.617430870671304,0.695322298251611));
#2917=CARTESIAN_POINT('',(0.157524623066763,0.621743049485526,0.694978232845655));
#2918=CARTESIAN_POINT('',(0.157873448182174,0.625354797724559,0.69468019460526));
#2919=CARTESIAN_POINT('',(0.158123955901491,0.627903995566435,0.69446455706468));
#2920=CARTESIAN_POINT('',(0.158267242880108,0.62935007988661,0.694340765370069));
#2921=CARTESIAN_POINT('',(0.158379440044631,0.630475867433227,0.694243584750555));
#2922=CARTESIAN_POINT('',(0.15847726795517,0.631452335001844,0.694158647191179));
#2923=CARTESIAN_POINT('',(0.15861382889961,0.632809062639353,0.694039818762441));
#2924=CARTESIAN_POINT('',(0.158852675474353,0.635164398654536,0.693831253225177));
#2925=CARTESIAN_POINT('',(0.159201731196148,0.638557955732279,0.693524342916572));
#2926=CARTESIAN_POINT('',(0.159630482957165,0.642650282170953,0.693143801931025));
#2927=CARTESIAN_POINT('',(0.160216143369344,0.648142692353732,0.692619077373299));
#2928=CARTESIAN_POINT('',(0.160973823649413,0.655071399432638,0.691930641858531));
#2929=CARTESIAN_POINT('',(0.162239997339303,0.666293879701318,0.690757936341979));
#2930=CARTESIAN_POINT('',(0.163921898016196,0.680577132753837,0.689155507371936));
#2931=CARTESIAN_POINT('',(0.166092829073521,0.69812534511465,0.687004259750896));
#2932=CARTESIAN_POINT('',(0.168409804331094,0.716081586395396,0.684614987149785));
#2933=CARTESIAN_POINT('',(0.170456398981786,0.731385054820049,0.682417605531262));
#2934=CARTESIAN_POINT('',(0.172159283299863,0.743831572600266,0.680531249869135));
#2935=CARTESIAN_POINT('',(0.17325011049845,0.75169577663847,0.679297755917575));
#2936=CARTESIAN_POINT('',(0.17413807426357,0.758037580194212,0.678277785921332));
#2937=CARTESIAN_POINT('',(0.174811792746916,0.762820757413185,0.677495806528863));
#2938=CARTESIAN_POINT('',(0.175378786234748,0.766823634026522,0.676830802411122));
#2939=CARTESIAN_POINT('',(0.17578007727859,0.769645270719815,0.67635639420436));
#2940=CARTESIAN_POINT('',(0.176008394145902,0.771247569218574,0.676085422653006));
#2941=CARTESIAN_POINT('',(0.176185412522564,0.772488203008569,0.675874759557102));
#2942=CARTESIAN_POINT('',(0.176342492946195,0.773587776467696,0.675687342716309));
#2943=CARTESIAN_POINT('',(0.176559486788989,0.775105125831624,0.675427821076431));
#2944=CARTESIAN_POINT('',(0.176937166256432,0.777741625528215,0.67497440629805));
#2945=CARTESIAN_POINT('',(0.177481937925851,0.781532317263163,0.674315513324071));
#2946=CARTESIAN_POINT('',(0.178140423929737,0.786095445316477,0.673511061850755));
#2947=CARTESIAN_POINT('',(0.179025849465358,0.792207409251254,0.672418484038014));
#2948=CARTESIAN_POINT('',(0.180145711245321,0.799895289206574,0.671015801474456));
#2949=CARTESIAN_POINT('',(0.181964574440555,0.812300922943503,0.66869120477073));
#2950=CARTESIAN_POINT('',(0.18382121921448,0.82485756334665,0.666246116321366));
#2951=CARTESIAN_POINT('',(0.185477754700951,0.83599244046114,0.663995595152477));
#2952=CARTESIAN_POINT('',(0.186429850083603,0.842376603210586,0.662681925150528));
#2953=CARTESIAN_POINT('',(0.18715522242165,0.847233468995298,0.66167052694828));
#2954=CARTESIAN_POINT('',(0.187856233842683,0.851921395265962,0.66068300651933));
#2955=CARTESIAN_POINT('',(0.188802631651051,0.858243304701532,0.659336471081597));
#2956=CARTESIAN_POINT('',(0.190460931394277,0.86930412222322,0.656941192649997));
#2957=CARTESIAN_POINT('',(0.192848274815565,0.885192121612608,0.653389126499074));
#2958=CARTESIAN_POINT('',(0.195253226004577,0.901181256785386,0.649666577671257));
#2959=CARTESIAN_POINT('',(0.197182136471138,0.914015323205234,0.646591307156386));
#2960=CARTESIAN_POINT('',(0.198639003119069,0.923718151738419,0.644222412040682));
#2961=CARTESIAN_POINT('',(0.200070501410491,0.933267990458333,0.641848526037933));
#2962=CARTESIAN_POINT('',(0.201990377428518,0.946106200840381,0.638601491616022));
#2963=CARTESIAN_POINT('',(0.204388587575066,0.962211548948665,0.634423380795607));
#2964=CARTESIAN_POINT('',(0.207262151045137,0.981659923987547,0.629213075310654));
#2965=CARTESIAN_POINT('',(0.211087191431902,1.00780636364097,0.621989866618563));
#2966=CARTESIAN_POINT('',(0.214834621962695,1.03390031678274,0.614461895690155));
#2967=CARTESIAN_POINT('',(0.218036851468544,1.05672166471279,0.607615550324242));
#2968=CARTESIAN_POINT('',(0.219844603247631,1.06977234734815,0.603627218337541));
#2969=CARTESIAN_POINT('',(0.22118212532995,1.07951647986423,0.600613805248011));
#2970=CARTESIAN_POINT('',(0.222528963155953,1.08941976467899,0.597515194166829));
#2971=CARTESIAN_POINT('',(0.224298784163621,1.10255633797918,0.593357500959214));
#2972=CARTESIAN_POINT('',(0.227350473321877,1.12554697372738,0.585959464873542));
#2973=CARTESIAN_POINT('',(0.230716989031717,1.1517520065673,0.577258553434996));
#2974=CARTESIAN_POINT('',(0.233950577160003,1.17790395208132,0.568326542588114));
#2975=CARTESIAN_POINT('',(0.236305357161829,1.19748718223682,0.56151834825661));
#2976=CARTESIAN_POINT('',(0.238206903208901,1.21378732139495,0.555755711903847));
#2977=CARTESIAN_POINT('',(0.239503379780248,1.22517600461429,0.551681321556098));
#2978=CARTESIAN_POINT('',(0.240235951917686,1.23169415563125,0.549335854174924));
#2979=CARTESIAN_POINT('',(0.24077609996611,1.23654185166106,0.547584920819643));
#2980=CARTESIAN_POINT('',(0.241327782720425,1.24153736996945,0.545773779949983));
#2981=CARTESIAN_POINT('',(0.24205005558371,1.24813780106845,0.543371703214292));
#2982=CARTESIAN_POINT('',(0.243297356523774,1.25969533492218,0.539142370132822));
#2983=CARTESIAN_POINT('',(0.245021587812365,1.2761414216041,0.53305924574987));
#2984=CARTESIAN_POINT('',(0.246999499400401,1.29579992378242,0.525689743483023));
#2985=CARTESIAN_POINT('',(0.249511663575046,1.32189875181728,0.515782033485069));
#2986=CARTESIAN_POINT('',(0.251833567059028,1.34783751482473,0.505759695360586));
#2987=CARTESIAN_POINT('',(0.253692367687765,1.37038031172181,0.496914263767861));
#2988=CARTESIAN_POINT('',(0.254705797914266,1.38323590519079,0.491833534491162));
#2989=CARTESIAN_POINT('',(0.255437709694762,1.39281510798261,0.488030279098522));
#2990=CARTESIAN_POINT('',(0.256156167872741,1.40253446161483,0.484154122171145));
#2991=CARTESIAN_POINT('',(0.257076984870098,1.41543861582059,0.478985435118533));
#2992=CARTESIAN_POINT('',(0.258166041529639,1.43157712188804,0.472480874196553));
#2993=CARTESIAN_POINT('',(0.25936811779609,1.45092176749696,0.464623791030099));
#2994=CARTESIAN_POINT('',(0.260463297966219,1.47025433537744,0.456715794479504));
#2995=CARTESIAN_POINT('',(0.261448680427385,1.48957234124865,0.448762315674735));
#2996=CARTESIAN_POINT('',(0.262176236501856,1.50565941458265,0.44209985274283));
#2997=CARTESIAN_POINT('',(0.262700881907542,1.51852176133943,0.436751578646125));
#2998=CARTESIAN_POINT('',(0.263065415350154,1.52816617614638,0.432731221279113));
#2999=CARTESIAN_POINT('',(0.263344701167619,1.5361968882389,0.429375576554802));
#3000=CARTESIAN_POINT('',(0.263527478874916,1.54182366348129,0.427020457688906));
#3001=CARTESIAN_POINT('',(0.263627899035214,1.54502797056385,0.425678189742552));
#3002=CARTESIAN_POINT('',(0.263702242777454,1.54746075769121,0.424658554555113));
#3003=CARTESIAN_POINT('',(0.263771331733229,1.54977953909835,0.423686197741556));
#3004=CARTESIAN_POINT('',(0.263862441246213,1.55291627792821,0.42237018768746));
#3005=CARTESIAN_POINT('',(0.264015321705729,1.5583974860117,0.420068841451219));
#3006=CARTESIAN_POINT('',(0.264216627614141,1.5662690403704,0.416759123829963));
#3007=CARTESIAN_POINT('',(0.264429226625759,1.575760688681,0.412760999609125));
#3008=CARTESIAN_POINT('',(0.264612030207253,1.58530368693349,0.408734481561607));
#3009=CARTESIAN_POINT('',(0.26476400630793,1.59489604942175,0.404680823646883));
#3010=CARTESIAN_POINT('',(0.264884195113252,1.60454020669662,0.400599430976289));
#3011=CARTESIAN_POINT('',(0.264957032558163,1.61261376609352,0.39717825076695));
#3012=CARTESIAN_POINT('',(0.264993295537742,1.61829696061516,0.394767853498665));
#3013=CARTESIAN_POINT('',(0.265009694228129,1.62153551701557,0.393393724068229));
#3014=CARTESIAN_POINT('',(0.265019976527114,1.62401052604366,0.392343280254996));
#3015=CARTESIAN_POINT('',(0.265027573715164,1.62632446086636,0.391360947088155));
#3016=CARTESIAN_POINT('',(0.265035290346989,1.62947292937534,0.390024011225209));
#3017=CARTESIAN_POINT('',(0.265041635766039,1.63497039688902,0.387688782904909));
#3018=CARTESIAN_POINT('',(0.265030265262756,1.64288069531796,0.384326397657157));
#3019=CARTESIAN_POINT('',(0.264990648495106,1.65083808513621,0.380941401026663));
#3020=CARTESIAN_POINT('',(0.26494751759996,1.65644510302261,0.378555078736936));
#3021=CARTESIAN_POINT('',(0.264918533741389,1.65964703600727,0.377192055566571));
#3022=CARTESIAN_POINT('',(0.264894235428769,1.66208179968467,0.376155463167693));
#3023=CARTESIAN_POINT('',(0.264868892703498,1.66440942023259,0.375164360777475));
#3024=CARTESIAN_POINT('',(0.264841020100301,1.66677595391377,0.374156572554122));
#3025=CARTESIAN_POINT('',(0.26481097965841,1.66914206682001,0.37314885139933));
#3026=CARTESIAN_POINT('',(0.264778623034627,1.67151903904654,0.372136401522172));
#3027=CARTESIAN_POINT('',(0.264749767074505,1.6735040772229,0.371290812000273));
#3028=CARTESIAN_POINT('',(0.264725437059783,1.67510057635194,0.370610688085452));
#3029=CARTESIAN_POINT('',(0.264709901366232,1.67609013142607,0.370189110796688));
#3030=CARTESIAN_POINT('',(0.264698441039422,1.67680356698446,0.369885158537323));
#3031=CARTESIAN_POINT('',(0.264692326834014,1.6771804095398,0.369724606284493));
#3032=CARTESIAN_POINT('',(0.264684250565906,1.67767419099083,0.369514230505369));
#3033=CARTESIAN_POINT('',(0.264674117915393,1.67828412686104,0.369254362355418));
#3034=CARTESIAN_POINT('',(0.264657749148854,1.67925118523481,0.368842330228957));
#3035=CARTESIAN_POINT('',(0.264637057648605,1.68044034524188,0.368335651575061));
#3036=CARTESIAN_POINT('',(0.264586772003706,1.68323332449157,0.367145569671537));
#3037=CARTESIAN_POINT('',(0.264509538352741,1.68719239068382,0.365458469226538));
#3038=CARTESIAN_POINT('',(0.26440677979399,1.69198006719304,0.363418086817449));
#3039=CARTESIAN_POINT('',(0.264307914392079,1.69627654676078,0.361586948523185));
#3040=CARTESIAN_POINT('',(0.264246789817882,1.69881342388519,0.360505722540182));
#3041=CARTESIAN_POINT('',(0.264217907583317,1.7,0.36));
#3042=CARTESIAN_POINT('',(-0.5,0.5,0.295240369870493));
#3043=CARTESIAN_POINT('',(-0.5,0.902267094594418,0.295240369870493));
#3044=CARTESIAN_POINT('',(-0.386477659408778,1.30113354729721,0.321837904504825));
#3045=CARTESIAN_POINT('',(-0.272955318817557,1.7,0.348435439139157));
#3046=CARTESIAN_POINT('',(-0.5,0.5,0.298910246580328));
#3047=CARTESIAN_POINT('',(-0.5,0.902265911197426,0.298910246580328));
#3048=CARTESIAN_POINT('',(-0.386477659408778,1.30113295559871,0.323725269669883));
#3049=CARTESIAN_POINT('',(-0.272955318817557,1.7,0.348540292759438));
#3050=CARTESIAN_POINT('',(-0.5,0.5,0.302580123290164));
#3051=CARTESIAN_POINT('',(-0.5,0.902264821469803,0.302580123290164));
#3052=CARTESIAN_POINT('',(-0.386477659408778,1.3011324107349,0.325612634834942));
#3053=CARTESIAN_POINT('',(-0.272955318817557,1.7,0.348645146379719));
#3054=CARTESIAN_POINT('',(-0.5,0.5,0.313541666666667));
#3055=CARTESIAN_POINT('',(-0.5,0.902261889770207,0.313541666666667));
#3056=CARTESIAN_POINT('',(-0.386477659408778,1.3011309448851,0.33125));
#3057=CARTESIAN_POINT('',(-0.272955318817557,1.7,0.348958333333334));
#3058=CARTESIAN_POINT('',(-0.5,0.5,0.320833333333334));
#3059=CARTESIAN_POINT('',(-0.5,0.902260367416098,0.320833333333334));
#3060=CARTESIAN_POINT('',(-0.386477659408778,1.30113018370805,0.335));
#3061=CARTESIAN_POINT('',(-0.272955318817557,1.7,0.349166666666667));
#3062=CARTESIAN_POINT('',(-0.5,0.5,0.335416666666667));
#3063=CARTESIAN_POINT('',(-0.5,0.90225832100442,0.335416666666667));
#3064=CARTESIAN_POINT('',(-0.386477659408778,1.30112916050221,0.3425));
#3065=CARTESIAN_POINT('',(-0.272955318817557,1.7,0.349583333333334));
#3066=CARTESIAN_POINT('',(-0.5,0.5,0.342708333333334));
#3067=CARTESIAN_POINT('',(-0.499999999132473,0.902257797271999,0.342708333333334));
#3068=CARTESIAN_POINT('',(-0.386477658975015,1.301128898636,0.34625));
#3069=CARTESIAN_POINT('',(-0.272955318817557,1.7,0.349791666666667));
#3070=CARTESIAN_POINT('',(-0.5,0.5,0.357291666666667));
#3071=CARTESIAN_POINT('',(-0.500000000867527,0.902257797271999,0.357291666666667));
#3072=CARTESIAN_POINT('',(-0.386477659842541,1.301128898636,0.35375));
#3073=CARTESIAN_POINT('',(-0.272955318817557,1.7,0.350208333333334));
#3074=CARTESIAN_POINT('',(-0.5,0.5,0.364583333333334));
#3075=CARTESIAN_POINT('',(-0.5,0.90225832100442,0.364583333333334));
#3076=CARTESIAN_POINT('',(-0.386477659408778,1.30112916050221,0.3575));
#3077=CARTESIAN_POINT('',(-0.272955318817557,1.7,0.350416666666667));
#3078=CARTESIAN_POINT('',(-0.5,0.5,0.379166666666667));
#3079=CARTESIAN_POINT('',(-0.5,0.902260367416098,0.379166666666667));
#3080=CARTESIAN_POINT('',(-0.386477659408778,1.30113018370805,0.365));
#3081=CARTESIAN_POINT('',(-0.272955318817557,1.7,0.350833333333334));
#3082=CARTESIAN_POINT('',(-0.5,0.5,0.386458333333334));
#3083=CARTESIAN_POINT('',(-0.5,0.902261889770207,0.386458333333334));
#3084=CARTESIAN_POINT('',(-0.386477659408778,1.3011309448851,0.36875));
#3085=CARTESIAN_POINT('',(-0.272955318817557,1.7,0.351041666666667));
#3086=CARTESIAN_POINT('',(-0.5,0.5,0.401041666666667));
#3087=CARTESIAN_POINT('',(-0.5,0.902265790129032,0.401041666666667));
#3088=CARTESIAN_POINT('',(-0.386477659408778,1.30113289506452,0.37625));
#3089=CARTESIAN_POINT('',(-0.272955318817557,1.7,0.351458333333334));
#3090=CARTESIAN_POINT('',(-0.5,0.5,0.408333333333334));
#3091=CARTESIAN_POINT('',(-0.5,0.90226816748537,0.408333333333334));
#3092=CARTESIAN_POINT('',(-0.386477659408778,1.30113408374268,0.38));
#3093=CARTESIAN_POINT('',(-0.272955318817557,1.7,0.351666666666667));
#3094=CARTESIAN_POINT('',(-0.5,0.5,0.422916666666667));
#3095=CARTESIAN_POINT('',(-0.5,0.902273548484722,0.422916666666667));
#3096=CARTESIAN_POINT('',(-0.386477659408778,1.30113677424236,0.3875));
#3097=CARTESIAN_POINT('',(-0.272955318817557,1.7,0.352083333333334));
#3098=CARTESIAN_POINT('',(-0.5,0.5,0.430208333333334));
#3099=CARTESIAN_POINT('',(-0.5,0.902276550143355,0.430208333333334));
#3100=CARTESIAN_POINT('',(-0.386477659408778,1.30113827507168,0.39125));
#3101=CARTESIAN_POINT('',(-0.272955318817557,1.7,0.352291666666667));
#3102=CARTESIAN_POINT('',(-0.5,0.5,0.443608694800962));
#3103=CARTESIAN_POINT('',(-0.5,0.90228236914748,0.443608694800962));
#3104=CARTESIAN_POINT('',(-0.386477659408778,1.30114118457374,0.398141614469066));
#3105=CARTESIAN_POINT('',(-0.272955318817557,1.7,0.352674534137171));
#3106=CARTESIAN_POINT('',(-0.5,0.5,0.449717389601923));
#3107=CARTESIAN_POINT('',(-0.5,0.902285136371127,0.449717389601923));
#3108=CARTESIAN_POINT('',(-0.386477659408778,1.30114256818556,0.401283228938132));
#3109=CARTESIAN_POINT('',(-0.272955318817557,1.7,0.352849068274341));
#3110=CARTESIAN_POINT('',(-0.5,0.5,0.455826084402885));
#3111=CARTESIAN_POINT('',(-0.5,0.902287911943812,0.455826084402885));
#3112=CARTESIAN_POINT('',(-0.386477659408778,1.30114395597191,0.404424843407198));
#3113=CARTESIAN_POINT('',(-0.272955318817557,1.7,0.353023602411511));
#3114=CARTESIAN_POINT('',(-0.5,0.5,0.351000000000001));
#3115=CARTESIAN_POINT('',(-0.500000000001204,0.504468457892648,0.35100603567306));
#3116=CARTESIAN_POINT('',(-0.499978991834971,0.511308753013187,0.351062661484392));
#3117=CARTESIAN_POINT('',(-0.499904180729955,0.520704205446552,0.351233159113355));
#3118=CARTESIAN_POINT('',(-0.499823457220357,0.527888317985851,0.351408446548402));
#3119=CARTESIAN_POINT('',(-0.499716900343578,0.535209797581184,0.351631030459399));
#3120=CARTESIAN_POINT('',(-0.499605538967782,0.541425846810249,0.351855825124443));
#3121=CARTESIAN_POINT('',(-0.499502313975856,0.54646671914985,0.352059109674122));
#3122=CARTESIAN_POINT('',(-0.499417614315356,0.55028352223143,0.352223376230417));
#3123=CARTESIAN_POINT('',(-0.499341027749862,0.55348706046578,0.352369714713325));
#3124=CARTESIAN_POINT('',(-0.499283814410815,0.555755833906816,0.352477810940924));
#3125=CARTESIAN_POINT('',(-0.499250639166774,0.557038960800957,0.352540156619748));
#3126=CARTESIAN_POINT('',(-0.499223951819259,0.558053049144832,0.352590114977774));
#3127=CARTESIAN_POINT('',(-0.499201855466076,0.558879695943727,0.3526313477912));
#3128=CARTESIAN_POINT('',(-0.499170095360634,0.560052206420688,0.352690466511172));
#3129=CARTESIAN_POINT('',(-0.499129953265746,0.561502224701961,0.352764864770435));
#3130=CARTESIAN_POINT('',(-0.499079835160087,0.563263511712738,0.352857217423319));
#3131=CARTESIAN_POINT('',(-0.499010812648073,0.565623819482424,0.352983639244884));
#3132=CARTESIAN_POINT('',(-0.498920151316385,0.568604123224423,0.353148187910603));
#3133=CARTESIAN_POINT('',(-0.498765556318325,0.573433285183007,0.353425175582141));
#3134=CARTESIAN_POINT('',(-0.498553886451336,0.579584936605083,0.353797092983954));
#3135=CARTESIAN_POINT('',(-0.498268773559072,0.587150738092485,0.354284125398186));
#3136=CARTESIAN_POINT('',(-0.497950888740502,0.594900416450397,0.354811505843356));
#3137=CARTESIAN_POINT('',(-0.497657273513695,0.601511691038801,0.355284250059321));
#3138=CARTESIAN_POINT('',(-0.497404311345959,0.60689250958909,0.355682146228295));
#3139=CARTESIAN_POINT('',(-0.497238490587115,0.610293990501064,0.355939001437072));
#3140=CARTESIAN_POINT('',(-0.497101124423962,0.613037702289592,0.356149308656791));
#3141=CARTESIAN_POINT('',(-0.496995642708469,0.61510816379356,0.35630955354121));
#3142=CARTESIAN_POINT('',(-0.496905927133054,0.616839309264198,0.356444797609904));
#3143=CARTESIAN_POINT('',(-0.49684165756938,0.618063602829373,0.356541110985767));
#3144=CARTESIAN_POINT('',(-0.49680524586405,0.61875297119082,0.356595521798974));
#3145=CARTESIAN_POINT('',(-0.496776032453356,0.619303569369966,0.356639084779624));
#3146=CARTESIAN_POINT('',(-0.49675335532497,0.619729298524594,0.356672838375625));
#3147=CARTESIAN_POINT('',(-0.496720613049307,0.620342001548886,0.356721497743585));
#3148=CARTESIAN_POINT('',(-0.496663925489285,0.621396931200368,0.356805519081296));
#3149=CARTESIAN_POINT('',(-0.49658101652223,0.62292362626629,0.356927775597604));
#3150=CARTESIAN_POINT('',(-0.496479561476105,0.624765432578846,0.357076322624469));
#3151=CARTESIAN_POINT('',(-0.496341219428868,0.627241898794355,0.357277434982458));
#3152=CARTESIAN_POINT('',(-0.496162648131084,0.63037279519506,0.357534241666537));
#3153=CARTESIAN_POINT('',(-0.495864480771055,0.635459027924912,0.357956706397402));
#3154=CARTESIAN_POINT('',(-0.495467824838925,0.641960118961064,0.358506245896767));
#3155=CARTESIAN_POINT('',(-0.494951458313687,0.649990860925267,0.359199386238015));
#3156=CARTESIAN_POINT('',(-0.494485767373115,0.656874239042367,0.359804471976369));
#3157=CARTESIAN_POINT('',(-0.494090924373299,0.662495577520641,0.360304623664379));
#3158=CARTESIAN_POINT('',(-0.493783380294997,0.666768882096796,0.360687670670627));
#3159=CARTESIAN_POINT('',(-0.493464153209288,0.671099512325422,0.361078542933238));
#3160=CARTESIAN_POINT('',(-0.49318817778675,0.674756033720291,0.361410684661148));
#3161=CARTESIAN_POINT('',(-0.492961271660482,0.677710072504289,0.361680207304192));
#3162=CARTESIAN_POINT('',(-0.492816913277719,0.6795678706968,0.361850188461168));
#3163=CARTESIAN_POINT('',(-0.492699789532192,0.68106220613803,0.361987192100477));
#3164=CARTESIAN_POINT('',(-0.492611366976188,0.682183970633042,0.362090172531951));
#3165=CARTESIAN_POINT('',(-0.49253636976002,0.683129922311324,0.36217712681528));
#3166=CARTESIAN_POINT('',(-0.492477441414047,0.683870160588253,0.362245233274136));
#3167=CARTESIAN_POINT('',(-0.492429039397539,0.684476273317598,0.36230103752326));
#3168=CARTESIAN_POINT('',(-0.49239573172,0.684892280422243,0.362339361127602));
#3169=CARTESIAN_POINT('',(-0.492345732837509,0.685515560879309,0.36239680413443));
#3170=CARTESIAN_POINT('',(-0.492284594159111,0.686274986769157,0.362466849750655));
#3171=CARTESIAN_POINT('',(-0.492209683928723,0.687201341715329,0.362552372885733));
#3172=CARTESIAN_POINT('',(-0.492109056961799,0.688440018108242,0.362666837990957));
#3173=CARTESIAN_POINT('',(-0.491981252442731,0.690002598919165,0.362811429050723));
#3174=CARTESIAN_POINT('',(-0.491772647747717,0.692529933636033,0.363045683751967));
#3175=CARTESIAN_POINT('',(-0.491503944486763,0.695741564731029,0.363344051264005));
#3176=CARTESIAN_POINT('',(-0.491168461751719,0.699678994814733,0.363710797885379));
#3177=CARTESIAN_POINT('',(-0.490819565549719,0.703700009217725,0.36408612390429));
#3178=CARTESIAN_POINT('',(-0.490335995734015,0.709172749417721,0.364597801027784));
#3179=CARTESIAN_POINT('',(-0.489696143779651,0.716222518809976,0.365258104742713));
#3180=CARTESIAN_POINT('',(-0.489006560156593,0.723550666400702,0.365944942674284));
#3181=CARTESIAN_POINT('',(-0.488423488555951,0.729580165747489,0.366509624418938));
#3182=CARTESIAN_POINT('',(-0.48797008430263,0.734185769356525,0.366940551248397));
#3183=CARTESIAN_POINT('',(-0.487578496283571,0.738093327019339,0.367305672856625));
#3184=CARTESIAN_POINT('',(-0.487256772287305,0.74126110307375,0.367601277247259));
#3185=CARTESIAN_POINT('',(-0.487011202357227,0.743657790563564,0.36782470680607));
#3186=CARTESIAN_POINT('',(-0.486761300861272,0.746075364575169,0.368049838692246));
#3187=CARTESIAN_POINT('',(-0.486549408033959,0.748107311792096,0.368238834805241));
#3188=CARTESIAN_POINT('',(-0.486377658673671,0.749743478533852,0.368390870537981));
#3189=CARTESIAN_POINT('',(-0.486269430385283,0.750770017791121,0.368486194442473));
#3190=CARTESIAN_POINT('',(-0.486182187139893,0.751594795511421,0.368562742575062));
#3191=CARTESIAN_POINT('',(-0.486116747938792,0.752212110468288,0.368620015832308));
#3192=CARTESIAN_POINT('',(-0.486061107916371,0.752735807161468,0.368668585208665));
#3193=CARTESIAN_POINT('',(-0.486018411398113,0.753137066910046,0.368705789840631));
#3194=CARTESIAN_POINT('',(-0.48598097124876,0.753488476739735,0.368738365215948));
#3195=CARTESIAN_POINT('',(-0.485963869796421,0.753648830433861,0.368753227488765));
#3196=CARTESIAN_POINT('',(-0.485933821615536,0.753930464877325,0.368779329200401));
#3197=CARTESIAN_POINT('',(-0.485898498087696,0.754261153746295,0.368809971820404));
#3198=CARTESIAN_POINT('',(-0.485854723577703,0.75467040833291,0.368847886688304));
#3199=CARTESIAN_POINT('',(-0.485796270464225,0.755216104572027,0.36889843025871));
#3200=CARTESIAN_POINT('',(-0.485722226467675,0.755905885250829,0.368962296661129));
#3201=CARTESIAN_POINT('',(-0.485601995383512,0.757022709758204,0.369065649876736));
#3202=CARTESIAN_POINT('',(-0.485448226361943,0.75844490166279,0.369197155187394));
#3203=CARTESIAN_POINT('',(-0.485258107316866,0.760192930119564,0.369358590105086));
#3204=CARTESIAN_POINT('',(-0.485062300645547,0.761982476980645,0.36952363274095));
#3205=CARTESIAN_POINT('',(-0.484793539496246,0.764423850643703,0.369748451386148));
#3206=CARTESIAN_POINT('',(-0.484442972316685,0.767579290205186,0.370038319456266));
#3207=CARTESIAN_POINT('',(-0.483998237032226,0.77153174747972,0.370400024102156));
#3208=CARTESIAN_POINT('',(-0.483372254084515,0.777022904934533,0.370900369161329));
#3209=CARTESIAN_POINT('',(-0.482526108651,0.784301574582637,0.371558877877047));
#3210=CARTESIAN_POINT('',(-0.481590057511187,0.792133060165936,0.372259112574277));
#3211=CARTESIAN_POINT('',(-0.480784077584031,0.798729841900525,0.372842722406164));
#3212=CARTESIAN_POINT('',(-0.480150190442557,0.803843203819638,0.373291699728952));
#3213=CARTESIAN_POINT('',(-0.479486056651676,0.809122301331751,0.373751485902571));
#3214=CARTESIAN_POINT('',(-0.478906678191853,0.813659687490602,0.374143247107549));
#3215=CARTESIAN_POINT('',(-0.478427187017443,0.817372361723871,0.374461554543146));
#3216=CARTESIAN_POINT('',(-0.478120720157682,0.819727487906872,0.374662500695326));
#3217=CARTESIAN_POINT('',(-0.477871491192864,0.821631867635594,0.374824380263854));
#3218=CARTESIAN_POINT('',(-0.477682342811372,0.823071683126425,0.374946459742819));
#3219=CARTESIAN_POINT('',(-0.477523478585973,0.824276413590613,0.375048345643477));
#3220=CARTESIAN_POINT('',(-0.477410380393308,0.825131601172748,0.375120526397721));
#3221=CARTESIAN_POINT('',(-0.477347011722995,0.825610102456745,0.375160875078062));
#3222=CARTESIAN_POINT('',(-0.477295065394464,0.826001940681534,0.375193892042948));
#3223=CARTESIAN_POINT('',(-0.477259377703031,0.826270900789558,0.375216540761948));
#3224=CARTESIAN_POINT('',(-0.477206072693844,0.826672373880121,0.375250331652347));
#3225=CARTESIAN_POINT('',(-0.477115331635022,0.827354978658613,0.375307733096223));
#3226=CARTESIAN_POINT('',(-0.47698401932216,0.828340558924553,0.375390472082141));
#3227=CARTESIAN_POINT('',(-0.476826560359627,0.829518770766486,0.375489153071479));
#3228=CARTESIAN_POINT('',(-0.476615773602437,0.831091259895864,0.37562055262338));
#3229=CARTESIAN_POINT('',(-0.47635117280063,0.833056297805514,0.375784180286002));
#3230=CARTESIAN_POINT('',(-0.475925243972411,0.83620057403938,0.376044771575726));
#3231=CARTESIAN_POINT('',(-0.475388119516531,0.840130661352058,0.376368166040972));
#3232=CARTESIAN_POINT('',(-0.474736042398468,0.844846562535155,0.376752459392088));
#3233=CARTESIAN_POINT('',(-0.474076486172612,0.849562205569928,0.377132922302375));
#3234=CARTESIAN_POINT('',(-0.473187158065625,0.85584940721419,0.377635040146296));
#3235=CARTESIAN_POINT('',(-0.472057003105343,0.863707795918825,0.378252887424587));
#3236=CARTESIAN_POINT('',(-0.470671553025667,0.873136907109242,0.37897826926165));
#3237=CARTESIAN_POINT('',(-0.469492905813243,0.880993672252916,0.379569097056623));
#3238=CARTESIAN_POINT('',(-0.468535676119152,0.887278679411441,0.380033398978291));
#3239=CARTESIAN_POINT('',(-0.467931507634335,0.891206457275272,0.380320055850211));
#3240=CARTESIAN_POINT('',(-0.46744458268721,0.894348918403168,0.380547272869757));
#3241=CARTESIAN_POINT('',(-0.467077780792287,0.896704731270211,0.380716544791442));
#3242=CARTESIAN_POINT('',(-0.466770159763594,0.8986709603943,0.380856925898929));
#3243=CARTESIAN_POINT('',(-0.466555018123403,0.900041211155653,0.380954289548037));
#3244=CARTESIAN_POINT('',(-0.46643036342771,0.90083370432235,0.381010461004597));
#3245=CARTESIAN_POINT('',(-0.466340983050837,0.90140130896343,0.381050632286534));
#3246=CARTESIAN_POINT('',(-0.466235363022623,0.902071206429105,0.381097957894868));
#3247=CARTESIAN_POINT('',(-0.466100052084393,0.902928249649147,0.381158378746645));
#3248=CARTESIAN_POINT('',(-0.465860324675252,0.9044437621987,0.381264912031418));
#3249=CARTESIAN_POINT('',(-0.465518353462219,0.906597256083376,0.381415389113715));
#3250=CARTESIAN_POINT('',(-0.465106016976693,0.909180685665621,0.381594472835988));
#3251=CARTESIAN_POINT('',(-0.464554618600866,0.912617964842486,0.381830822873013));
#3252=CARTESIAN_POINT('',(-0.463861928537883,0.916903778778691,0.3821219145923));
#3253=CARTESIAN_POINT('',(-0.462746654580144,0.923736877331272,0.382578317913995));
#3254=CARTESIAN_POINT('',(-0.46133974922179,0.932233431688867,0.38313136892168));
#3255=CARTESIAN_POINT('',(-0.459632067566545,0.942357444983542,0.38376719671594));
#3256=CARTESIAN_POINT('',(-0.457906039267551,0.952409683957439,0.384375320436087));
#3257=CARTESIAN_POINT('',(-0.455581586143942,0.965716994208697,0.385149409345868));
#3258=CARTESIAN_POINT('',(-0.452635282556188,0.982171824055484,0.386048536192843));
#3259=CARTESIAN_POINT('',(-0.449641217122913,0.998387766731142,0.386857643153459));
#3260=CARTESIAN_POINT('',(-0.447221065582853,1.01121730131748,0.387451840974669));
#3261=CARTESIAN_POINT('',(-0.445394410459688,1.02076786470462,0.38787120230884));
#3262=CARTESIAN_POINT('',(-0.443557102964617,1.0302468848862,0.388264545150402));
#3263=CARTESIAN_POINT('',(-0.44201787479713,1.03808641399687,0.388570882905375));
#3264=CARTESIAN_POINT('',(-0.440782010094194,1.0443223836735,0.388803236925862));
#3265=CARTESIAN_POINT('',(-0.440007868718522,1.04820474301704,0.388943182977984));
#3266=CARTESIAN_POINT('',(-0.439387439106431,1.05130221521957,0.389052015817607));
#3267=CARTESIAN_POINT('',(-0.438921912397501,1.05361942837916,0.389132027965782));
#3268=CARTESIAN_POINT('',(-0.438532656470864,1.05555124608574,0.389197553410319));
#3269=CARTESIAN_POINT('',(-0.438261772544176,1.05689267608606,0.389242447959303));
#3270=CARTESIAN_POINT('',(-0.43810411412056,1.05767252757096,0.389268364902439));
#3271=CARTESIAN_POINT('',(-0.437993757490548,1.05821804152408,0.389286418134553));
#3272=CARTESIAN_POINT('',(-0.43785311425512,1.05891271925856,0.38930929591042));
#3273=CARTESIAN_POINT('',(-0.437676057615074,1.05978647188122,0.389337915513299));
#3274=CARTESIAN_POINT('',(-0.43736109574795,1.06133887926582,0.389388384879064));
#3275=CARTESIAN_POINT('',(-0.43691315218571,1.06354120646046,0.389458869506306));
#3276=CARTESIAN_POINT('',(-0.436373630052582,1.06618511286043,0.389541723876873));
#3277=CARTESIAN_POINT('',(-0.435653484912282,1.06970266264841,0.389649596353226));
#3278=CARTESIAN_POINT('',(-0.4347510245311,1.07408944997469,0.389779711499516));
#3279=CARTESIAN_POINT('',(-0.433302746147593,1.08108491162684,0.389977802263304));
#3280=CARTESIAN_POINT('',(-0.431484403133319,1.08978618215701,0.390206604250619));
#3281=CARTESIAN_POINT('',(-0.429290621122062,1.10015859202052,0.390451352503625));
#3282=CARTESIAN_POINT('',(-0.427086004278704,1.11046198278021,0.390666597646644));
#3283=CARTESIAN_POINT('',(-0.424133310219092,1.12410782401335,0.390914685749425));
#3284=CARTESIAN_POINT('',(-0.420419961623889,1.14099267919808,0.391152687654576));
#3285=CARTESIAN_POINT('',(-0.416682502693414,1.15764777582941,0.391296929387475));
#3286=CARTESIAN_POINT('',(-0.41368142098146,1.17083409727152,0.391357601688593));
#3287=CARTESIAN_POINT('',(-0.411425859280684,1.18065498439585,0.391376147083908));
#3288=CARTESIAN_POINT('',(-0.409542927098772,1.18878169738526,0.391369476771019));
#3289=CARTESIAN_POINT('',(-0.408034988919116,1.19524866530558,0.391351075479388));
#3290=CARTESIAN_POINT('',(-0.406903335012764,1.20008168800332,0.391330795410747));
#3291=CARTESIAN_POINT('',(-0.405771070113315,1.20489752981344,0.391304089821279));
#3292=CARTESIAN_POINT('',(-0.404827098779812,1.20889635494596,0.391276526476443));
#3293=CARTESIAN_POINT('',(-0.40407168446784,1.2120869278041,0.39125131660034));
#3294=CARTESIAN_POINT('',(-0.403599530619698,1.21407720826875,0.391234252855636));
#3295=CARTESIAN_POINT('',(-0.403221631453849,1.21566784841828,0.391219813440978));
#3296=CARTESIAN_POINT('',(-0.402938556087805,1.21685820921187,0.391208609375151));
#3297=CARTESIAN_POINT('',(-0.402701473108536,1.21785419656702,0.391198897355388));
#3298=CARTESIAN_POINT('',(-0.402537807527398,1.21854127187739,0.391192028318489));
#3299=CARTESIAN_POINT('',(-0.402440691476335,1.21894881335101,0.3911878993751));
#3300=CARTESIAN_POINT('',(-0.402377969026266,1.21921197446848,0.391185215752133));
#3301=CARTESIAN_POINT('',(-0.402276578830768,1.21963724923969,0.391180836168744));
#3302=CARTESIAN_POINT('',(-0.402154948122124,1.22014724116459,0.391175521227975));
#3303=CARTESIAN_POINT('',(-0.401935946440893,1.22106509315009,0.391165811776905));
#3304=CARTESIAN_POINT('',(-0.401626785719886,1.22235957425212,0.391151685959424));
#3305=CARTESIAN_POINT('',(-0.401255046634259,1.22391415914228,0.391134046961305));
#3306=CARTESIAN_POINT('',(-0.400760775736687,1.22597861103185,0.391109719758049));
#3307=CARTESIAN_POINT('',(-0.400144450557076,1.22854813588262,0.39107776211457));
#3308=CARTESIAN_POINT('',(-0.399162070972592,1.23263392364645,0.391023405205346));
#3309=CARTESIAN_POINT('',(-0.397941010606161,1.23769431483085,0.390949515625147));
#3310=CARTESIAN_POINT('',(-0.396487206986116,1.24369156998274,0.390851697720374));
#3311=CARTESIAN_POINT('',(-0.395045185623508,1.24961369438031,0.390745083183878));
#3312=CARTESIAN_POINT('',(-0.393138634544935,1.25740967258706,0.390591671827932));
#3313=CARTESIAN_POINT('',(-0.390786498111191,1.2669668290533,0.390379674697858));
#3314=CARTESIAN_POINT('',(-0.388016017000097,1.2781349788939,0.390095683056485));
#3315=CARTESIAN_POINT('',(-0.384394478747319,1.29262535271594,0.38968120734467));
#3316=CARTESIAN_POINT('',(-0.380885899993504,1.30651511652141,0.38921840300909));
#3317=CARTESIAN_POINT('',(-0.37749802677646,1.31980450386119,0.388717706900132));
#3318=CARTESIAN_POINT('',(-0.375019206858951,1.32947140845043,0.388325749179788));
#3319=CARTESIAN_POINT('',(-0.372604132307117,1.33883822733974,0.387919821774703));
#3320=CARTESIAN_POINT('',(-0.37025434905361,1.34790500733975,0.387502321644904));
#3321=CARTESIAN_POINT('',(-0.368351814256888,1.35521066161559,0.387146704265601));
#3322=CARTESIAN_POINT('',(-0.366863833295137,1.3609052080694,0.386858720066185));
#3323=CARTESIAN_POINT('',(-0.365765030660072,1.36510113445802,0.386641261929671));
#3324=CARTESIAN_POINT('',(-0.364863811015685,1.36853525692778,0.386459048429703));
#3325=CARTESIAN_POINT('',(-0.364151579418026,1.3712450688122,0.386312811943744));
#3326=CARTESIAN_POINT('',(-0.363621796896488,1.37325868182008,0.386202934825147));
#3327=CARTESIAN_POINT('',(-0.363096419850015,1.37525356337488,0.386092889829037));
#3328=CARTESIAN_POINT('',(-0.362662303069126,1.37690031207152,0.386001075228753));
#3329=CARTESIAN_POINT('',(-0.362317211007402,1.37820841718845,0.385927567742335));
#3330=CARTESIAN_POINT('',(-0.362102502188105,1.37902190348686,0.385881617474857));
#3331=CARTESIAN_POINT('',(-0.361931186770178,1.37967075068626,0.385844825441237));
#3332=CARTESIAN_POINT('',(-0.361803269217398,1.38015511747086,0.385817290275998));
#3333=CARTESIAN_POINT('',(-0.361695981546961,1.38056127112067,0.385794141627524));
#3334=CARTESIAN_POINT('',(-0.361622812780087,1.3808382157684,0.385778328376639));
#3335=CARTESIAN_POINT('',(-0.361578210389738,1.38100701988746,0.3857686796628));
#3336=CARTESIAN_POINT('',(-0.361552738736118,1.38110341771666,0.385763167629044));
#3337=CARTESIAN_POINT('',(-0.361496847266237,1.38131492234058,0.385751062900772));
#3338=CARTESIAN_POINT('',(-0.361432980551592,1.38155658121179,0.385737216235724));
#3339=CARTESIAN_POINT('',(-0.361316358329193,1.38199780074431,0.385711900067619));
#3340=CARTESIAN_POINT('',(-0.361152606780558,1.38261715460032,0.385676255125845));
#3341=CARTESIAN_POINT('',(-0.360955421908781,1.38336269827567,0.385633180732047));
#3342=CARTESIAN_POINT('',(-0.360693462093547,1.38435279765419,0.385575752433923));
#3343=CARTESIAN_POINT('',(-0.360366943992258,1.38558624456681,0.385503792505572));
#3344=CARTESIAN_POINT('',(-0.359846866352631,1.38754949902453,0.385388374565374));
#3345=CARTESIAN_POINT('',(-0.359201027345088,1.3899849501751,0.385243562381347));
#3346=CARTESIAN_POINT('',(-0.358432927278017,1.39287751078859,0.385069013442993));
#3347=CARTESIAN_POINT('',(-0.357671761557843,1.39574014412119,0.384893764561535));
#3348=CARTESIAN_POINT('',(-0.356666178545262,1.39951706862247,0.384659269236248));
#3349=CARTESIAN_POINT('',(-0.355426743047423,1.40416338593165,0.384364782905435));
#3350=CARTESIAN_POINT('',(-0.353967797000215,1.40961923208524,0.384009809296283));
#3351=CARTESIAN_POINT('',(-0.352060759467976,1.41673406031222,0.383535168557774));
#3352=CARTESIAN_POINT('',(-0.34974933651809,1.42532830425184,0.382940784236253));
#3353=CARTESIAN_POINT('',(-0.347536151295695,1.43352354656314,0.382348635484958));
#3354=CARTESIAN_POINT('',(-0.34582548742715,1.43984036830468,0.381878351303632));
#3355=CARTESIAN_POINT('',(-0.344572648829501,1.44445830541648,0.381527856711596));
#3356=CARTESIAN_POINT('',(-0.343553924130463,1.44820685850111,0.381238035924034));
#3357=CARTESIAN_POINT('',(-0.342754227548685,1.45114586858424,0.381007771950003));
#3358=CARTESIAN_POINT('',(-0.342162121348197,1.4533202074672,0.380835928658357));
#3359=CARTESIAN_POINT('',(-0.341577701107502,1.45546464150832,0.380664996417264));
#3360=CARTESIAN_POINT('',(-0.341097119319071,1.45722670871953,0.380523362560999));
#3361=CARTESIAN_POINT('',(-0.340716500857731,1.45862147807215,0.380410561559555));
#3362=CARTESIAN_POINT('',(-0.340480272838129,1.45948681185069,0.380340293545639));
#3363=CARTESIAN_POINT('',(-0.340292156498332,1.46017571780015,0.380284182966679));
#3364=CARTESIAN_POINT('',(-0.340151837122611,1.4606894925245,0.380242253238125));
#3365=CARTESIAN_POINT('',(-0.340034408955772,1.46111937321519,0.380207099210111));
#3366=CARTESIAN_POINT('',(-0.339954187579358,1.46141300926017,0.380183052227582));
#3367=CARTESIAN_POINT('',(-0.339905650283805,1.46159065827307,0.380168491980615));
#3368=CARTESIAN_POINT('',(-0.339877044868608,1.46169535258054,0.380159908446071));
#3369=CARTESIAN_POINT('',(-0.339818779702238,1.46190858712721,0.380142414335534));
#3370=CARTESIAN_POINT('',(-0.339751493721082,1.46215481631597,0.38012219589392));
#3371=CARTESIAN_POINT('',(-0.3396290326928,1.46260291368075,0.380085363480157));
#3372=CARTESIAN_POINT('',(-0.339456940018668,1.46323249066493,0.380033497213582));
#3373=CARTESIAN_POINT('',(-0.339249875638277,1.46398980956832,0.379970926301381));
#3374=CARTESIAN_POINT('',(-0.338974870062274,1.46499535340571,0.379887603866824));
#3375=CARTESIAN_POINT('',(-0.338632303795512,1.46624744166642,0.379783401458395));
#3376=CARTESIAN_POINT('',(-0.338087092173598,1.46823918195407,0.379616693091811));
#3377=CARTESIAN_POINT('',(-0.337410856705069,1.47070769192221,0.379408319351288));
#3378=CARTESIAN_POINT('',(-0.336607908916759,1.47363585653596,0.379158401906228));
#3379=CARTESIAN_POINT('',(-0.335813519441514,1.4765300242018,0.378908707343717));
#3380=CARTESIAN_POINT('',(-0.33476579726613,1.4803435691523,0.378576205840973));
#3381=CARTESIAN_POINT('',(-0.333477724949663,1.48502548874111,0.378161608058189));
#3382=CARTESIAN_POINT('',(-0.331966836788892,1.49050777952289,0.377666468060366));
#3383=CARTESIAN_POINT('',(-0.329999054640446,1.49763616165495,0.377010393594892));
#3384=CARTESIAN_POINT('',(-0.327627562278893,1.50620664734599,0.376199738410781));
#3385=CARTESIAN_POINT('',(-0.325375187755968,1.51432385633688,0.37540603718428));
#3386=CARTESIAN_POINT('',(-0.323645535312638,1.52054568196257,0.374783684104041));
#3387=CARTESIAN_POINT('',(-0.322384595160251,1.52507608550418,0.374323796383732));
#3388=CARTESIAN_POINT('',(-0.321364200376528,1.52873812282095,0.373946751513899));
#3389=CARTESIAN_POINT('',(-0.320566196752752,1.53159977265858,0.373649099280066));
#3390=CARTESIAN_POINT('',(-0.319976866476411,1.53371202850371,0.37342791548273));
#3391=CARTESIAN_POINT('',(-0.319396735719154,1.53579027125678,0.373208853884732));
#3392=CARTESIAN_POINT('',(-0.318920946142036,1.53749389695613,0.373028111806223));
#3393=CARTESIAN_POINT('',(-0.318544977526829,1.53883962663621,0.372884658238485));
#3394=CARTESIAN_POINT('',(-0.318311808033539,1.53967403156989,0.37279542940208));
#3395=CARTESIAN_POINT('',(-0.318126686765895,1.54033638119925,0.372724433817307));
#3396=CARTESIAN_POINT('',(-0.317987714778882,1.54083355487663,0.372671058440552));
#3397=CARTESIAN_POINT('',(-0.317874641990033,1.54123803012663,0.37262757008215));
#3398=CARTESIAN_POINT('',(-0.31777941456997,1.54157863901987,0.372590901932556));
#3399=CARTESIAN_POINT('',(-0.317721960643663,1.54178413206299,0.372568767890626));
#3400=CARTESIAN_POINT('',(-0.317611892596243,1.54217777911725,0.372526324766498));
#3401=CARTESIAN_POINT('',(-0.317483818408617,1.54263578086866,0.37247688010598));
#3402=CARTESIAN_POINT('',(-0.317317850797463,1.54322922545972,0.372412714532028));
#3403=CARTESIAN_POINT('',(-0.317122122418132,1.54392897099632,0.372336885876367));
#3404=CARTESIAN_POINT('',(-0.316861171876404,1.54486174667934,0.372235588004675));
#3405=CARTESIAN_POINT('',(-0.3165371211621,1.54601980463663,0.372109416749981));
#3406=CARTESIAN_POINT('',(-0.316022333045385,1.54785893821572,0.371908189579315));
#3407=CARTESIAN_POINT('',(-0.315386183320588,1.55013062088562,0.3716580611817));
#3408=CARTESIAN_POINT('',(-0.314634443609837,1.55281351689548,0.371360226816199));
#3409=CARTESIAN_POINT('',(-0.313894405854143,1.55545316976177,0.371064841635552));
#3410=CARTESIAN_POINT('',(-0.312923315407183,1.55891509404985,0.370674406818755));
#3411=CARTESIAN_POINT('',(-0.311738824733097,1.56313445320153,0.370193041904187));
#3412=CARTESIAN_POINT('',(-0.310364621309416,1.56802484440992,0.369626938771463));
#3413=CARTESIAN_POINT('',(-0.309258942443428,1.57195607850692,0.369165477277685));
#3414=CARTESIAN_POINT('',(-0.308398138337366,1.57501475207312,0.368802845140835));
#3415=CARTESIAN_POINT('',(-0.307870126173061,1.5768901654122,0.368579034561571));
#3416=CARTESIAN_POINT('',(-0.307453517672786,1.57836946025403,0.368401643599159));
#3417=CARTESIAN_POINT('',(-0.307144483687274,1.57946657015702,0.368269663411871));
#3418=CARTESIAN_POINT('',(-0.306888045735493,1.58037678498114,0.368159815447728));
#3419=CARTESIAN_POINT('',(-0.306712588622106,1.58099947824681,0.368084493874299));
#3420=CARTESIAN_POINT('',(-0.306608418955402,1.5813691469634,0.368039722190973));
#3421=CARTESIAN_POINT('',(-0.306542541092089,1.58160292081966,0.3680113923685));
#3422=CARTESIAN_POINT('',(-0.306430740843286,1.58199963254303,0.367963270602258));
#3423=CARTESIAN_POINT('',(-0.306298073666021,1.58247035593018,0.367906102537007));
#3424=CARTESIAN_POINT('',(-0.306059200251177,1.58331784225688,0.367803023247611));
#3425=CARTESIAN_POINT('',(-0.305724143976458,1.58450635327582,0.36765800339188));
#3426=CARTESIAN_POINT('',(-0.305324034434703,1.58592529158704,0.367484160039521));
#3427=CARTESIAN_POINT('',(-0.304795994649797,1.58779748826969,0.367253852855686));
#3428=CARTESIAN_POINT('',(-0.304144853391989,1.59010537016143,0.366968245909049));
#3429=CARTESIAN_POINT('',(-0.303122609634364,1.59372702166219,0.366516586103147));
#3430=CARTESIAN_POINT('',(-0.301881339890297,1.59812192214992,0.365962266562702));
#3431=CARTESIAN_POINT('',(-0.30045054810979,1.60318406993572,0.365314736662016));
#3432=CARTESIAN_POINT('',(-0.2993072961702,1.60722614902704,0.364790760059541));
#3433=CARTESIAN_POINT('',(-0.298422222294487,1.61035397893678,0.364381466612428));
#3434=CARTESIAN_POINT('',(-0.29777319949125,1.61264693383824,0.364079557655932));
#3435=CARTESIAN_POINT('',(-0.297138973350787,1.61488698447282,0.363782820744213));
#3436=CARTESIAN_POINT('',(-0.296622807626453,1.61670956584317,0.363539944164278));
#3437=CARTESIAN_POINT('',(-0.296217270421309,1.61814124690786,0.363348323079354));
#3438=CARTESIAN_POINT('',(-0.295966948152594,1.61902485837524,0.363229713066885));
#3439=CARTESIAN_POINT('',(-0.295768438716735,1.61972551267404,0.363135458048207));
#3440=CARTESIAN_POINT('',(-0.295620779053471,1.62024665793737,0.363065250769348));
#3441=CARTESIAN_POINT('',(-0.295497566877881,1.62068149310417,0.36300658542251));
#3442=CARTESIAN_POINT('',(-0.295413561680099,1.62097794821427,0.362966547907356));
#3443=CARTESIAN_POINT('',(-0.295362806368421,1.62115705991559,0.362942343787922));
#3444=CARTESIAN_POINT('',(-0.295332878341073,1.62126267271122,0.36292806865915));
#3445=CARTESIAN_POINT('',(-0.295272120940279,1.62147707489859,0.36289907470667));
#3446=CARTESIAN_POINT('',(-0.295202002247215,1.62172450530339,0.362865592815212));
#3447=CARTESIAN_POINT('',(-0.29507455714924,1.62217421210829,0.362804692380845));
#3448=CARTESIAN_POINT('',(-0.294895937046239,1.6228044559985,0.362719200675301));
#3449=CARTESIAN_POINT('',(-0.294681777926883,1.62356003397718,0.362616489781108));
#3450=CARTESIAN_POINT('',(-0.294398371326338,1.62455984327394,0.362480290245481));
#3451=CARTESIAN_POINT('',(-0.294047254050274,1.6257983749195,0.362311042032658));
#3452=CARTESIAN_POINT('',(-0.293492534162329,1.62775479113923,0.362042608993301));
#3453=CARTESIAN_POINT('',(-0.292812228888171,1.63015358539439,0.361711522609624));
#3454=CARTESIAN_POINT('',(-0.292016894061989,1.63295719325841,0.361321680113979));
#3455=CARTESIAN_POINT('',(-0.29124260263493,1.63568590623763,0.360939579535074));
#3456=CARTESIAN_POINT('',(-0.290238308914408,1.63922431391028,0.360440791201954));
#3457=CARTESIAN_POINT('',(-0.289035673969232,1.64346006568316,0.359837953608132));
#3458=CARTESIAN_POINT('',(-0.287903483008816,1.64744614229295,0.359264091617543));
#3459=CARTESIAN_POINT('',(-0.287040063770033,1.65048520253752,0.35882307869377));
#3460=CARTESIAN_POINT('',(-0.286413681827558,1.65268959429777,0.358501497341244));
#3461=CARTESIAN_POINT('',(-0.285808492348817,1.65481909676598,0.358189216520227));
#3462=CARTESIAN_POINT('',(-0.285321850820221,1.65653123209725,0.357936824831877));
#3463=CARTESIAN_POINT('',(-0.284943126007251,1.65786356610828,0.357739643554266));
#3464=CARTESIAN_POINT('',(-0.284710893679193,1.65868049924266,0.357618414069339));
#3465=CARTESIAN_POINT('',(-0.284527649828261,1.65932507647414,0.357522565205182));
#3466=CARTESIAN_POINT('',(-0.284391849984119,1.65980275192897,0.35745143691324));
#3467=CARTESIAN_POINT('',(-0.284278815996141,1.66020033767493,0.357392150071108));
#3468=CARTESIAN_POINT('',(-0.284202183273507,1.66046988048764,0.357351915552775));
#3469=CARTESIAN_POINT('',(-0.284155576207587,1.66063381127776,0.357327431152001));
#3470=CARTESIAN_POINT('',(-0.28412910665311,1.66072691215367,0.357313522749871));
#3471=CARTESIAN_POINT('',(-0.284070600381396,1.6609326932963,0.357282766075541));
#3472=CARTESIAN_POINT('',(-0.284003980215977,1.66116701026218,0.357247723389712));
#3473=CARTESIAN_POINT('',(-0.283882611883684,1.66159388198883,0.357183838548333));
#3474=CARTESIAN_POINT('',(-0.283713230365114,1.66218960578274,0.357094547005926));
#3475=CARTESIAN_POINT('',(-0.283510833593466,1.66290141920185,0.356987651155252));
#3476=CARTESIAN_POINT('',(-0.28324408800127,1.66383950752645,0.35684650942814));
#3477=CARTESIAN_POINT('',(-0.282915594871422,1.66499468665273,0.356672229162213));
#3478=CARTESIAN_POINT('',(-0.282400922663486,1.66680446100856,0.356398254106036));
#3479=CARTESIAN_POINT('',(-0.28177788271595,1.66899508511336,0.356064997922222));
#3480=CARTESIAN_POINT('',(-0.281062797376455,1.67150906245633,0.355680319680084));
#3481=CARTESIAN_POINT('',(-0.280380246380459,1.67390842628003,0.35531120210214));
#3482=CARTESIAN_POINT('',(-0.279838674477404,1.67581204586402,0.35501684228612));
#3483=CARTESIAN_POINT('',(-0.279421546124789,1.67727816761744,0.354789262820318));
#3484=CARTESIAN_POINT('',(-0.279117298292849,1.67834750071342,0.354622836164611));
#3485=CARTESIAN_POINT('',(-0.278869118430884,1.67921974507188,0.354486704850984));
#3486=CARTESIAN_POINT('',(-0.27870176764439,1.67980789784542,0.354394717840036));
#3487=CARTESIAN_POINT('',(-0.278602771388792,1.68015581532759,0.35434023785245));
#3488=CARTESIAN_POINT('',(-0.278541389585051,1.68037153756429,0.354306438715892));
#3489=CARTESIAN_POINT('',(-0.278433286748741,1.68075145451397,0.354246858081281));
#3490=CARTESIAN_POINT('',(-0.278306631454477,1.68119656763251,0.354176975884628));
#3491=CARTESIAN_POINT('',(-0.278079742601214,1.68199392816414,0.35405162325605));
#3492=CARTESIAN_POINT('',(-0.277766693307453,1.6830940557786,0.353878195089432));
#3493=CARTESIAN_POINT('',(-0.277400572671493,1.68438065008605,0.353674714376493));
#3494=CARTESIAN_POINT('',(-0.277046222783935,1.68562584707856,0.353477181415071));
#3495=CARTESIAN_POINT('',(-0.276702911430976,1.68683222583846,0.35328525566617));
#3496=CARTESIAN_POINT('',(-0.276371345157645,1.68799730890109,0.353099378577185));
#3497=CARTESIAN_POINT('',(-0.276103089946345,1.68893990758003,0.352948560482057));
#3498=CARTESIAN_POINT('',(-0.275922880780497,1.68957312174944,0.352847020286191));
#3499=CARTESIAN_POINT('',(-0.275817205257586,1.68994443946985,0.352787401292098));
#3500=CARTESIAN_POINT('',(-0.27575022903916,1.69017977674563,0.352749591085865));
#3501=CARTESIAN_POINT('',(-0.275639711725149,1.69056810471265,0.352687139354243));
#3502=CARTESIAN_POINT('',(-0.275509068094285,1.69102714892678,0.352613233166578));
#3503=CARTESIAN_POINT('',(-0.275276391701459,1.69184470235268,0.352481436787833));
#3504=CARTESIAN_POINT('',(-0.274956841144894,1.69296749274573,0.352300002196418));
#3505=CARTESIAN_POINT('',(-0.27458627393404,1.69426952420918,0.352089154760556));
#3506=CARTESIAN_POINT('',(-0.274112097656837,1.69593558521109,0.351818963049972));
#3507=CARTESIAN_POINT('',(-0.273555463617857,1.69789135394725,0.351501359242117));
#3508=CARTESIAN_POINT('',(-0.273148920733912,1.69931976644693,0.351269084472919));
#3509=CARTESIAN_POINT('',(-0.272955318817557,1.7,0.351158264239057));
#3510=CARTESIAN_POINT('',(-0.272955318817557,1.7,0.351158264239058));
#3511=CARTESIAN_POINT('',(-0.272955318817557,1.7,0.35));
#3512=CARTESIAN_POINT('',(-0.272955756723021,1.70000012463187,0.348462641688203));
#3513=CARTESIAN_POINT('',(-0.272955318817557,1.7,0.348462641688203));
#3514=CARTESIAN_POINT('',(-0.273292924891279,1.6988138036284,0.348406594817986));
#3515=CARTESIAN_POINT('',(-0.273854668944678,1.69684008769671,0.348312885691731));
#3516=CARTESIAN_POINT('',(-0.274714313973134,1.6938196250678,0.348169804178201));
#3517=CARTESIAN_POINT('',(-0.275414367765937,1.6913598530382,0.348053559462712));
#3518=CARTESIAN_POINT('',(-0.276169726849084,1.68870567217405,0.347928447617248));
#3519=CARTESIAN_POINT('',(-0.276845283894096,1.68633179551413,0.347816769360659));
#3520=CARTESIAN_POINT('',(-0.277413342478716,1.68433557397993,0.347722918422065));
#3521=CARTESIAN_POINT('',(-0.277779952116016,1.6830472231617,0.347662350487992));
#3522=CARTESIAN_POINT('',(-0.278080011487184,1.6819927149469,0.347612762944795));
#3523=CARTESIAN_POINT('',(-0.278308879388087,1.68118838078362,0.347574928821949));
#3524=CARTESIAN_POINT('',(-0.278501301785965,1.68051211645922,0.34754310643948));
#3525=CARTESIAN_POINT('',(-0.278639819681413,1.68002528978073,0.347520189170334));
#3526=CARTESIAN_POINT('',(-0.278715794443822,1.67975827126884,0.347507616859034));
#3527=CARTESIAN_POINT('',(-0.278783160163943,1.67952150815526,0.347496467026099));
#3528=CARTESIAN_POINT('',(-0.278811870891545,1.67942060106676,0.347491714551341));
#3529=CARTESIAN_POINT('',(-0.278863862687007,1.6792378696741,0.347483108557371));
#3530=CARTESIAN_POINT('',(-0.278949017637886,1.67893858047958,0.347469012640615));
#3531=CARTESIAN_POINT('',(-0.279075315969106,1.67849468206829,0.347448105380226));
#3532=CARTESIAN_POINT('',(-0.279227627151028,1.6779593479711,0.347422891458041));
#3533=CARTESIAN_POINT('',(-0.279434086462041,1.67723368519743,0.347388714262122));
#3534=CARTESIAN_POINT('',(-0.279697400818514,1.67630816432153,0.347345128277231));
#3535=CARTESIAN_POINT('',(-0.280130335201063,1.67478639051984,0.347273479350435));
#3536=CARTESIAN_POINT('',(-0.280693098737923,1.67280814590252,0.347180382742694));
#3537=CARTESIAN_POINT('',(-0.2814030205175,1.6703123731199,0.347063032615496));
#3538=CARTESIAN_POINT('',(-0.282147509511293,1.66769479729022,0.346940072742535));
#3539=CARTESIAN_POINT('',(-0.282796724278036,1.66541192130981,0.346832935929811));
#3540=CARTESIAN_POINT('',(-0.283333339744475,1.66352478765736,0.346744427327883));
#3541=CARTESIAN_POINT('',(-0.283675968878233,1.66231976352403,0.346687931452773));
#3542=CARTESIAN_POINT('',(-0.283954265757919,1.66134093786325,0.346642051769474));
#3543=CARTESIAN_POINT('',(-0.284165473552657,1.66059804785726,0.346607236066714));
#3544=CARTESIAN_POINT('',(-0.28434223095235,1.65997630618544,0.346578101851067));
#3545=CARTESIAN_POINT('',(-0.284468956425298,1.65953053646943,0.346557215401311));
#3546=CARTESIAN_POINT('',(-0.284538435986029,1.65928613137506,0.346545764283802));
#3547=CARTESIAN_POINT('',(-0.284599707230198,1.65907059752259,0.346535666197519));
#3548=CARTESIAN_POINT('',(-0.284626607878297,1.65897596816611,0.346531232727148));
#3549=CARTESIAN_POINT('',(-0.284674612588848,1.65880709965373,0.346523321029956));
#3550=CARTESIAN_POINT('',(-0.28475332929233,1.65853019081402,0.346510347536533));
#3551=CARTESIAN_POINT('',(-0.284869591266427,1.65812119726849,0.34649118587715));
#3552=CARTESIAN_POINT('',(-0.285009263010556,1.65762983693617,0.346468165965822));
#3553=CARTESIAN_POINT('',(-0.285197810262388,1.65696651477809,0.346437091225317));
#3554=CARTESIAN_POINT('',(-0.285436870035298,1.65612544811163,0.346397693453521));
#3555=CARTESIAN_POINT('',(-0.285826968747355,1.6547529055306,0.346333412254295));
#3556=CARTESIAN_POINT('',(-0.286328658342808,1.65298756345593,0.346250765386375));
#3557=CARTESIAN_POINT('',(-0.286953237101041,1.65078948528991,0.346147930947567));
#3558=CARTESIAN_POINT('',(-0.287600337236794,1.64851179396225,0.346041463181812));
#3559=CARTESIAN_POINT('',(-0.288493150591331,1.6453687011367,0.345894688185608));
#3560=CARTESIAN_POINT('',(-0.289665397650485,1.64124077232729,0.34570223439599));
#3561=CARTESIAN_POINT('',(-0.290912491733836,1.63684741938201,0.345497911194828));
#3562=CARTESIAN_POINT('',(-0.29195498352167,1.63317348207457,0.345327383811074));
#3563=CARTESIAN_POINT('',(-0.29275923616191,1.63033839609557,0.345195964243343));
#3564=CARTESIAN_POINT('',(-0.293585839866843,1.62742369537639,0.345061030964804));
#3565=CARTESIAN_POINT('',(-0.294293294455778,1.62492837212834,0.344945662227237));
#3566=CARTESIAN_POINT('',(-0.29487037529908,1.62289240303749,0.344851621918025));
#3567=CARTESIAN_POINT('',(-0.295235759844978,1.62160309247094,0.344792106952196));
#3568=CARTESIAN_POINT('',(-0.295530694368671,1.62056223922577,0.344744083341399));
#3569=CARTESIAN_POINT('',(-0.295753711971296,1.61977511825306,0.344707777900371));
#3570=CARTESIAN_POINT('',(-0.295939363150271,1.61911982093311,0.344677561896805));
#3571=CARTESIAN_POINT('',(-0.296072586551406,1.61864954610536,0.344655882456092));
#3572=CARTESIAN_POINT('',(-0.296144735041459,1.61839485599218,0.344644142582403));
#3573=CARTESIAN_POINT('',(-0.296210631800563,1.61816222848062,0.344633420675853));
#3574=CARTESIAN_POINT('',(-0.296231897491723,1.61808715508054,0.344629960729315));
#3575=CARTESIAN_POINT('',(-0.296275915017106,1.61793176131158,0.344622799012158));
#3576=CARTESIAN_POINT('',(-0.296345881727854,1.61768475441193,0.344611415659005));
#3577=CARTESIAN_POINT('',(-0.296450198488181,1.61731646667463,0.344594444470873));
#3578=CARTESIAN_POINT('',(-0.296574661006872,1.6168770317074,0.344574197362026));
#3579=CARTESIAN_POINT('',(-0.296742388611817,1.61628481186845,0.34454691430896));
#3580=CARTESIAN_POINT('',(-0.296954121924533,1.61553715576097,0.344512477873163));
#3581=CARTESIAN_POINT('',(-0.297297840690702,1.61432331187669,0.344456587106807));
#3582=CARTESIAN_POINT('',(-0.297736517234849,1.61277386858318,0.344385281225934));
#3583=CARTESIAN_POINT('',(-0.298277437229334,1.61086284779845,0.344297407664358));
#3584=CARTESIAN_POINT('',(-0.298832831969174,1.60890020928582,0.344207244666712));
#3585=CARTESIAN_POINT('',(-0.299592646567232,1.60621450834679,0.344083992089588));
#3586=CARTESIAN_POINT('',(-0.30057854071746,1.60272829979382,0.3439242707142));
#3587=CARTESIAN_POINT('',(-0.301819289720193,1.59833831025212,0.343723668898152));
#3588=CARTESIAN_POINT('',(-0.303550332890706,1.59220960075724,0.343444438591943));
#3589=CARTESIAN_POINT('',(-0.305396139130623,1.58566779649311,0.343147799439047));
#3590=CARTESIAN_POINT('',(-0.307355983303268,1.57871287579924,0.342834233487165));
#3591=CARTESIAN_POINT('',(-0.308882672289788,1.57329012065411,0.342590720486435));
#3592=CARTESIAN_POINT('',(-0.310465939385941,1.56766079406237,0.342338995814284));
#3593=CARTESIAN_POINT('',(-0.312105533838598,1.56182488849526,0.342079189479952));
#3594=CARTESIAN_POINT('',(-0.313518574470326,1.5567894779249,0.341856060360197));
#3595=CARTESIAN_POINT('',(-0.314676884928135,1.55265785136419,0.34167365101183));
#3596=CARTESIAN_POINT('',(-0.315559516723173,1.54950748138536,0.341534908408798));
#3597=CARTESIAN_POINT('',(-0.316306591526097,1.5468391296772,0.341417691212328));
#3598=CARTESIAN_POINT('',(-0.316911158395732,1.54467862309145,0.341322967427376));
#3599=CARTESIAN_POINT('',(-0.317368032537842,1.54304532664844,0.341251451667797));
#3600=CARTESIAN_POINT('',(-0.317828345781007,1.54139912871038,0.341179465914762));
#3601=CARTESIAN_POINT('',(-0.318214814519384,1.5400164982188,0.341119085961894));
#3602=CARTESIAN_POINT('',(-0.318525681481862,1.53890402079054,0.341070552683602));
#3603=CARTESIAN_POINT('',(-0.318720740800859,1.53820584097009,0.34104011424235));
#3604=CARTESIAN_POINT('',(-0.318877094194481,1.53764612032853,0.341015724576138));
#3605=CARTESIAN_POINT('',(-0.318994907671797,1.53722432491437,0.340997351256799));
#3606=CARTESIAN_POINT('',(-0.319092199760342,1.53687596651786,0.34098218190397));
#3607=CARTESIAN_POINT('',(-0.319162485862539,1.53662428472992,0.340971225285341));
#3608=CARTESIAN_POINT('',(-0.319199415639167,1.53649204162027,0.340965468905524));
#3609=CARTESIAN_POINT('',(-0.319236310996114,1.53635991751123,0.340959718348039));
#3610=CARTESIAN_POINT('',(-0.319238111244429,1.53635347030487,0.340959437793599));
#3611=CARTESIAN_POINT('',(-0.319252839421635,1.53630072711486,0.340957142275568));
#3612=CARTESIAN_POINT('',(-0.319273081336892,1.53622823736483,0.34095398741512));
#3613=CARTESIAN_POINT('',(-0.319305497481941,1.53611214734163,0.340948935119012));
#3614=CARTESIAN_POINT('',(-0.3193439391639,1.53597447369247,0.340942943798254));
#3615=CARTESIAN_POINT('',(-0.319396735107699,1.53578538612775,0.340934715486159));
#3616=CARTESIAN_POINT('',(-0.319464628058419,1.53554221670855,0.340924134776815));
#3617=CARTESIAN_POINT('',(-0.319577716529886,1.5351371439049,0.340906512218236));
#3618=CARTESIAN_POINT('',(-0.319727247872211,1.53460147825141,0.340883214809925));
#3619=CARTESIAN_POINT('',(-0.319919812111586,1.53391154686308,0.340853222755708));
#3620=CARTESIAN_POINT('',(-0.320125480504472,1.53317453971841,0.340821203220841));
#3621=CARTESIAN_POINT('',(-0.320417173462461,1.53212907530867,0.340775813752179));
#3622=CARTESIAN_POINT('',(-0.320814521735556,1.53070452565762,0.340714035519935));
#3623=CARTESIAN_POINT('',(-0.321343645536895,1.52880671054207,0.340631886634656));
#3624=CARTESIAN_POINT('',(-0.322118783719026,1.52602514765609,0.340511745114596));
#3625=CARTESIAN_POINT('',(-0.3232180753027,1.52207729491985,0.340341830012446));
#3626=CARTESIAN_POINT('',(-0.324490539370192,1.5175015565768,0.340146074540629));
#3627=CARTESIAN_POINT('',(-0.32561193252719,1.51346422136486,0.339974303598132));
#3628=CARTESIAN_POINT('',(-0.326504550171577,1.51024784023752,0.339837986361998));
#3629=CARTESIAN_POINT('',(-0.327448588424666,1.50684308828125,0.339694279709645));
#3630=CARTESIAN_POINT('',(-0.328278013949277,1.50384877348648,0.339568452676482));
#3631=CARTESIAN_POINT('',(-0.328967076705672,1.50135919964999,0.339464208130864));
#3632=CARTESIAN_POINT('',(-0.329408410542797,1.49976379921349,0.339397566406304));
#3633=CARTESIAN_POINT('',(-0.329767733192074,1.49846431387158,0.339343387342382));
#3634=CARTESIAN_POINT('',(-0.330040693877375,1.4974768717207,0.339302270436017));
#3635=CARTESIAN_POINT('',(-0.330269881165424,1.49664754120524,0.339267781252495));
#3636=CARTESIAN_POINT('',(-0.330433515918831,1.49605528305124,0.339243175651457));
#3637=CARTESIAN_POINT('',(-0.33052458189256,1.4957256445241,0.339229487110328));
#3638=CARTESIAN_POINT('',(-0.3306010679633,1.49544875850409,0.339217993414481));
#3639=CARTESIAN_POINT('',(-0.330647215805976,1.49528168793458,0.339211060414701));
#3640=CARTESIAN_POINT('',(-0.330719212841011,1.49502102328605,0.339200245890788));
#3641=CARTESIAN_POINT('',(-0.330840047565599,1.49458350264612,0.339182101910229));
#3642=CARTESIAN_POINT('',(-0.331014552716476,1.49395154652123,0.339155915911563));
#3643=CARTESIAN_POINT('',(-0.331221758178808,1.49320099820977,0.339124850437419));
#3644=CARTESIAN_POINT('',(-0.331496950845151,1.49220396045993,0.339083627861067));
#3645=CARTESIAN_POINT('',(-0.331838063022184,1.49096767475251,0.339032598061371));
#3646=CARTESIAN_POINT('',(-0.33237806158283,1.48900969250979,0.338951955946862));
#3647=CARTESIAN_POINT('',(-0.333042068190914,1.48660044630454,0.338853054927357));
#3648=CARTESIAN_POINT('',(-0.333821375780882,1.48377033701321,0.338737382240595));
#3649=CARTESIAN_POINT('',(-0.334583204522565,1.48100126468343,0.338624694185003));
#3650=CARTESIAN_POINT('',(-0.335575723248492,1.47739053422275,0.338478388143844));
#3651=CARTESIAN_POINT('',(-0.33677285818969,1.47302969605992,0.338302839224621));
#3652=CARTESIAN_POINT('',(-0.338140087905189,1.46804080191027,0.338103717230282));
#3653=CARTESIAN_POINT('',(-0.339221894490165,1.46408686500368,0.337947239945536));
#3654=CARTESIAN_POINT('',(-0.340052974177332,1.46104571361942,0.337827638205694));
#3655=CARTESIAN_POINT('',(-0.340558056303049,1.45919602045772,0.337755201307351));
#3656=CARTESIAN_POINT('',(-0.340953662118005,1.45774641078196,0.337698611219853));
#3657=CARTESIAN_POINT('',(-0.341245811079493,1.45667548593875,0.337656892587475));
#3658=CARTESIAN_POINT('',(-0.341486595180482,1.45579251038233,0.337622569053753));
#3659=CARTESIAN_POINT('',(-0.341651536181183,1.45518749032622,0.337599087081191));
#3660=CARTESIAN_POINT('',(-0.341747972670766,1.45483369966737,0.337585367233096));
#3661=CARTESIAN_POINT('',(-0.341812377548681,1.45459740274402,0.337576207887877));
#3662=CARTESIAN_POINT('',(-0.341905780768072,1.45425467639037,0.337562931099874));
#3663=CARTESIAN_POINT('',(-0.34202018021676,1.45383485462443,0.337546679244115));
#3664=CARTESIAN_POINT('',(-0.342225045850273,1.4530829153676,0.337517597777557));
#3665=CARTESIAN_POINT('',(-0.342515107514959,1.45201789676656,0.33747648872949));
#3666=CARTESIAN_POINT('',(-0.342864014313089,1.45073622135259,0.337427144799684));
#3667=CARTESIAN_POINT('',(-0.343328557423116,1.44902896360584,0.337361588529378));
#3668=CARTESIAN_POINT('',(-0.343908802954185,1.44689497346013,0.337279969888202));
#3669=CARTESIAN_POINT('',(-0.344835923613685,1.44348201041027,0.337150129977504));
#3670=CARTESIAN_POINT('',(-0.345992580588557,1.43921789692392,0.336989222620938));
#3671=CARTESIAN_POINT('',(-0.347376882124035,1.43410448393968,0.336798396422957));
#3672=CARTESIAN_POINT('',(-0.348757462588052,1.42899454457562,0.33660985833496));
#3673=CARTESIAN_POINT('',(-0.35059320770298,1.42218593843591,0.336361561791484));
#3674=CARTESIAN_POINT('',(-0.352878344003262,1.41368388406705,0.336057047343526));
#3675=CARTESIAN_POINT('',(-0.35560486544422,1.40349532173881,0.335701211442658));
#3676=CARTESIAN_POINT('',(-0.357863613541472,1.3950164685135,0.335412840260522));
#3677=CARTESIAN_POINT('',(-0.359662440286448,1.38824026214463,0.335187137424921));
#3678=CARTESIAN_POINT('',(-0.360783215336978,1.38400818320642,0.335048180718571));
#3679=CARTESIAN_POINT('',(-0.361677837410477,1.38062389477263,0.3349382779071));
#3680=CARTESIAN_POINT('',(-0.362347492391155,1.378087532142,0.334856522003778));
#3681=CARTESIAN_POINT('',(-0.362905482567828,1.37597148141961,0.334788828826399));
#3682=CARTESIAN_POINT('',(-0.363293990084896,1.37449678310233,0.334741920885154));
#3683=CARTESIAN_POINT('',(-0.363518391315357,1.37364459168581,0.334714893441184));
#3684=CARTESIAN_POINT('',(-0.363679497943312,1.37303258798477,0.334695519360539));
#3685=CARTESIAN_POINT('',(-0.363867782999682,1.37231710324144,0.334672913867723));
#3686=CARTESIAN_POINT('',(-0.364109034541954,1.37140001341181,0.33464399837789));
#3687=CARTESIAN_POINT('',(-0.364535016599509,1.3697798650207,0.334593065495714));
#3688=CARTESIAN_POINT('',(-0.365139364165553,1.36747892284776,0.334521165826849));
#3689=CARTESIAN_POINT('',(-0.365862579452836,1.36472156848603,0.334435696693231));
#3690=CARTESIAN_POINT('',(-0.366822522861446,1.36105649227094,0.334323018115638));
#3691=CARTESIAN_POINT('',(-0.36801507881671,1.35649358697313,0.334184474566072));
#3692=CARTESIAN_POINT('',(-0.369907121340154,1.34923349446129,0.333967745973525));
#3693=CARTESIAN_POINT('',(-0.372242243214879,1.34023386102349,0.333706054820706));
#3694=CARTESIAN_POINT('',(-0.374996506013007,1.32955524998506,0.33340668962643));
#3695=CARTESIAN_POINT('',(-0.37770297820157,1.31899754334698,0.333121887761834));
#3696=CARTESIAN_POINT('',(-0.381248026364029,1.30508182832035,0.332761429053321));
#3697=CARTESIAN_POINT('',(-0.385560441220364,1.28798948615194,0.332346723935383));
#3698=CARTESIAN_POINT('',(-0.38971543560164,1.27130025340419,0.331979046603591));
#3699=CARTESIAN_POINT('',(-0.39294583821255,1.25819074793596,0.331712600057471));
#3700=CARTESIAN_POINT('',(-0.395322085671152,1.24847959312638,0.331526475455523));
#3701=CARTESIAN_POINT('',(-0.397652066768019,1.23888931309332,0.331353918910563));
#3702=CARTESIAN_POINT('',(-0.399555318665492,1.23099848519143,0.331221312252624));
#3703=CARTESIAN_POINT('',(-0.401055209535578,1.22474571787307,0.331121856521164));
#3704=CARTESIAN_POINT('',(-0.402168357758636,1.22008801005997,0.331050586839252));
#3705=CARTESIAN_POINT('',(-0.403087747315928,1.21622663283556,0.330993858783705));
#3706=CARTESIAN_POINT('',(-0.403723978273377,1.21354702793823,0.330955714696278));
#3707=CARTESIAN_POINT('',(-0.404089869571657,1.21200379585634,0.330934108041364));
#3708=CARTESIAN_POINT('',(-0.404353044542742,1.21089280040086,0.330918715862631));
#3709=CARTESIAN_POINT('',(-0.404655800856096,1.20961344852346,0.330901195018924));
#3710=CARTESIAN_POINT('',(-0.405045178717916,1.20796629338719,0.330878918000984));
#3711=CARTESIAN_POINT('',(-0.405732045413428,1.20505625766677,0.330840266585946));
#3712=CARTESIAN_POINT('',(-0.406706952690773,1.20091290454372,0.330787290498239));
#3713=CARTESIAN_POINT('',(-0.407873532114061,1.19593402224764,0.330726924147652));
#3714=CARTESIAN_POINT('',(-0.409422051541017,1.18929666547465,0.330650880898912));
#3715=CARTESIAN_POINT('',(-0.411345723057583,1.1809973855285,0.330564150332819));
#3716=CARTESIAN_POINT('',(-0.414397036152762,1.16771498794279,0.330443390421176));
#3717=CARTESIAN_POINT('',(-0.418160586284253,1.15110434580117,0.330326606430343));
#3718=CARTESIAN_POINT('',(-0.422592530424313,1.1311597827885,0.330242371130474));
#3719=CARTESIAN_POINT('',(-0.426937087701403,1.11120238711506,0.330215185880643));
#3720=CARTESIAN_POINT('',(-0.431190341636059,1.09123529906725,0.330246061281848));
#3721=CARTESIAN_POINT('',(-0.434657894584679,1.0745778962428,0.330321038216928));
#3722=CARTESIAN_POINT('',(-0.43737973519329,1.06126342044053,0.330410787454959));
#3723=CARTESIAN_POINT('',(-0.439405976349494,1.05122619643096,0.330493562108117));
#3724=CARTESIAN_POINT('',(-0.441370354807118,1.04137000327511,0.330589898737883));
#3725=CARTESIAN_POINT('',(-0.443956561965022,1.0282242764789,0.330738747011612));
#3726=CARTESIAN_POINT('',(-0.44647476696377,1.01516304898807,0.330917272072953));
#3727=CARTESIAN_POINT('',(-0.448928401651832,1.0021677010254,0.331125483485336));
#3728=CARTESIAN_POINT('',(-0.450735982690491,0.99245529727344,0.331296448834141));
#3729=CARTESIAN_POINT('',(-0.452213959931647,0.984396163548197,0.331451071347523));
#3730=CARTESIAN_POINT('',(-0.453236023333906,0.978759547236139,0.331565953276685));
#3731=CARTESIAN_POINT('',(-0.453812971928383,0.975559596423285,0.331633066116372));
#3732=CARTESIAN_POINT('',(-0.454251977113074,0.973115111068341,0.331685335276725));
#3733=CARTESIAN_POINT('',(-0.454656979770053,0.970851402151623,0.331734612633619));
#3734=CARTESIAN_POINT('',(-0.455207876450358,0.967761030934868,0.331803001503374));
#3735=CARTESIAN_POINT('',(-0.455890981996446,0.963907078024727,0.331890462429483));
#3736=CARTESIAN_POINT('',(-0.456709885504068,0.959251517912596,0.33199957072576));
#3737=CARTESIAN_POINT('',(-0.457797606324371,0.953019074037576,0.332150288545372));
#3738=CARTESIAN_POINT('',(-0.45915048772363,0.945174179003373,0.332348746374109));
#3739=CARTESIAN_POINT('',(-0.460761663024752,0.93567566102958,0.332603184289514));
#3740=CARTESIAN_POINT('',(-0.462359615405854,0.926091812485281,0.332874156583376));
#3741=CARTESIAN_POINT('',(-0.463679281014742,0.918034377867889,0.33311392359936));
#3742=CARTESIAN_POINT('',(-0.464727322784109,0.911545625355574,0.333314224431737));
#3743=CARTESIAN_POINT('',(-0.465378950942361,0.907472802834439,0.333442953378285));
#3744=CARTESIAN_POINT('',(-0.4658983277409,0.904202950085512,0.333548112967457));
#3745=CARTESIAN_POINT('',(-0.466286407203664,0.901747792204064,0.333627972160444));
#3746=CARTESIAN_POINT('',(-0.466610183996875,0.899689236047074,0.333695693688156));
#3747=CARTESIAN_POINT('',(-0.466865811135154,0.898058002610097,0.333749798109438));
#3748=CARTESIAN_POINT('',(-0.467065042423064,0.896783303045451,0.333792323348332));
#3749=CARTESIAN_POINT('',(-0.467234278508295,0.895697898626491,0.333828721374335));
#3750=CARTESIAN_POINT('',(-0.467470000957374,0.894182802605018,0.333879757177831));
#3751=CARTESIAN_POINT('',(-0.467760483367877,0.892309119679629,0.333943334312083));
#3752=CARTESIAN_POINT('',(-0.468109608303424,0.890046734874116,0.334020822368217));
#3753=CARTESIAN_POINT('',(-0.46857324977861,0.887028030619979,0.334125188534288));
#3754=CARTESIAN_POINT('',(-0.469150465403948,0.883242978358065,0.334257869029798));
#3755=CARTESIAN_POINT('',(-0.470068389037566,0.877165134156409,0.334474812714493));
#3756=CARTESIAN_POINT('',(-0.471205204174758,0.869525571868921,0.334754800626015));
#3757=CARTESIAN_POINT('',(-0.472551471668284,0.860290913704529,0.335104958964912));
#3758=CARTESIAN_POINT('',(-0.473657689471083,0.852539254533824,0.335408641922209));
#3759=CARTESIAN_POINT('',(-0.474532791519022,0.846304264106599,0.335658754984615));
#3760=CARTESIAN_POINT('',(-0.475184063737277,0.84161118474903,0.335849931171158));
#3761=CARTESIAN_POINT('',(-0.475722479774677,0.837686247624311,0.336012243915231));
#3762=CARTESIAN_POINT('',(-0.476150564394821,0.834537884482083,0.336143896525796));
#3763=CARTESIAN_POINT('',(-0.476470292272273,0.832172376763649,0.336243539178172));
#3764=CARTESIAN_POINT('',(-0.476788654224472,0.829802748083575,0.336344080751646));
#3765=CARTESIAN_POINT('',(-0.477052852045129,0.82782426364797,0.336428630694249));
#3766=CARTESIAN_POINT('',(-0.477263434515908,0.82624000457308,0.336496695112552));
#3767=CARTESIAN_POINT('',(-0.47742125125627,0.825049022340089,0.336548045019438));
#3768=CARTESIAN_POINT('',(-0.477551748321536,0.824061176973453,0.336590785025471));
#3769=CARTESIAN_POINT('',(-0.47764436542992,0.823358396286971,0.336621273150849));
#3770=CARTESIAN_POINT('',(-0.477695023240994,0.822973582767776,0.336637987586414));
#3771=CARTESIAN_POINT('',(-0.477739254292156,0.822637279155228,0.336652609856643));
#3772=CARTESIAN_POINT('',(-0.477759535159685,0.822482966673694,0.336659324892007));
#3773=CARTESIAN_POINT('',(-0.477795057732348,0.822212602329976,0.336671094856273));
#3774=CARTESIAN_POINT('',(-0.477853581926588,0.821766791896627,0.336690523343538));
#3775=CARTESIAN_POINT('',(-0.477939981796526,0.821107659026389,0.336719301659795));
#3776=CARTESIAN_POINT('',(-0.478043982863643,0.82031255780234,0.336754106586396));
#3777=CARTESIAN_POINT('',(-0.478184537376206,0.819235721846968,0.336801363292672));
#3778=CARTESIAN_POINT('',(-0.478363067490437,0.817863509264696,0.336861809791899));
#3779=CARTESIAN_POINT('',(-0.478581979721842,0.816173368267627,0.336936634399777));
#3780=CARTESIAN_POINT('',(-0.478805433347435,0.814440171725182,0.337013746921249));
#3781=CARTESIAN_POINT('',(-0.47910934004774,0.812071678755545,0.337119645173998));
#3782=CARTESIAN_POINT('',(-0.479500200435171,0.8090031943319,0.337257839012617));
#3783=CARTESIAN_POINT('',(-0.479986114984257,0.805148380865128,0.337433137694394));
#3784=CARTESIAN_POINT('',(-0.480655542265148,0.79977843451138,0.337679698199665));
#3785=CARTESIAN_POINT('',(-0.481530838014323,0.792634311832761,0.338012350997927));
#3786=CARTESIAN_POINT('',(-0.482636272550545,0.78337053768016,0.338451965157573));
#3787=CARTESIAN_POINT('',(-0.48359740263588,0.775074656972533,0.338853135309073));
#3788=CARTESIAN_POINT('',(-0.484386287102377,0.768092641899905,0.339195623821131));
#3789=CARTESIAN_POINT('',(-0.484987006085657,0.762682302600017,0.339463494268439));
#3790=CARTESIAN_POINT('',(-0.485493837006182,0.758032675399309,0.339695832858553));
#3791=CARTESIAN_POINT('',(-0.485852198287561,0.754696257709669,0.339863716189628));
#3792=CARTESIAN_POINT('',(-0.48605675183348,0.752777517757009,0.339960591914531));
#3793=CARTESIAN_POINT('',(-0.486213327138592,0.751301165158975,0.340035311833365));
#3794=CARTESIAN_POINT('',(-0.486359565945946,0.749915252420602,0.340105588036792));
#3795=CARTESIAN_POINT('',(-0.486555019415737,0.748053896629528,0.340200101132769));
#3796=CARTESIAN_POINT('',(-0.486889230902286,0.7448470533317,0.340363296053468));
#3797=CARTESIAN_POINT('',(-0.487533223980677,0.73857461684759,0.340683828752675));
#3798=CARTESIAN_POINT('',(-0.48838259262795,0.730048657413676,0.341122845313949));
#3799=CARTESIAN_POINT('',(-0.489297474737753,0.720503459657779,0.341618224286862));
#3800=CARTESIAN_POINT('',(-0.490114924567866,0.711647039733662,0.342080530956974));
#3801=CARTESIAN_POINT('',(-0.49072066916841,0.704840254016053,0.342437158140291));
#3802=CARTESIAN_POINT('',(-0.491163150612412,0.699739160386064,0.342704706950423));
#3803=CARTESIAN_POINT('',(-0.49147470278755,0.696085513544186,0.342896366451742));
#3804=CARTESIAN_POINT('',(-0.491718009389559,0.693184306035445,0.343048480857358));
#3805=CARTESIAN_POINT('',(-0.491903208349499,0.690949451707413,0.343165556049018));
#3806=CARTESIAN_POINT('',(-0.492037468462511,0.689316361461252,0.343251041746636));
#3807=CARTESIAN_POINT('',(-0.492167168870591,0.687726356428516,0.343334192517137));
#3808=CARTESIAN_POINT('',(-0.492271527409245,0.686437157511617,0.34340153428918));
#3809=CARTESIAN_POINT('',(-0.492352800140677,0.68542750909263,0.343454219837988));
#3810=CARTESIAN_POINT('',(-0.492402719191507,0.684805044287867,0.343486677221934));
#3811=CARTESIAN_POINT('',(-0.492442040006982,0.684313386764114,0.343512298662833));
#3812=CARTESIAN_POINT('',(-0.492471463965407,0.683944786236639,0.343531499191065));
#3813=CARTESIAN_POINT('',(-0.492495116709888,0.683647971261465,0.343546954095131));
#3814=CARTESIAN_POINT('',(-0.49251534979695,0.683393678052132,0.343560190037961));
#3815=CARTESIAN_POINT('',(-0.492526511608583,0.683253327013251,0.343567494165791));
#3816=CARTESIAN_POINT('',(-0.492552670695233,0.68292395879012,0.34358463070898));
#3817=CARTESIAN_POINT('',(-0.492582215514222,0.682551317283324,0.343604013636565));
#3818=CARTESIAN_POINT('',(-0.492620809517815,0.682063555238497,0.343629376477634));
#3819=CARTESIAN_POINT('',(-0.492666124894567,0.681489116808541,0.343659232089713));
#3820=CARTESIAN_POINT('',(-0.492726515858135,0.680721360038587,0.343699116572844));
#3821=CARTESIAN_POINT('',(-0.492801352908016,0.679765737542682,0.343748724748256));
#3822=CARTESIAN_POINT('',(-0.49291995842063,0.678242305068006,0.343827730902175));
#3823=CARTESIAN_POINT('',(-0.493065989578063,0.676349886335066,0.343925722364413));
#3824=CARTESIAN_POINT('',(-0.493237748210015,0.674097528350031,0.344042099248681));
#3825=CARTESIAN_POINT('',(-0.493406064745091,0.671863837262029,0.344157246796313));
#3826=CARTESIAN_POINT('',(-0.493625962174716,0.668910430526325,0.344309126758924));
#3827=CARTESIAN_POINT('',(-0.493892463518969,0.665265285377614,0.344495857404995));
#3828=CARTESIAN_POINT('',(-0.494199237525977,0.660965697219385,0.344714868699291));
#3829=CARTESIAN_POINT('',(-0.494591380191354,0.655332376921569,0.345000035134399));
#3830=CARTESIAN_POINT('',(-0.495050786186943,0.648477251479013,0.345343480963961));
#3831=CARTESIAN_POINT('',(-0.495555652745601,0.640549603271461,0.345734295335744));
#3832=CARTESIAN_POINT('',(-0.495939977532475,0.634192112138235,0.346041829159925));
#3833=CARTESIAN_POINT('',(-0.496226944572924,0.629255349837759,0.346276774890373));
#3834=CARTESIAN_POINT('',(-0.496398017319296,0.626232355416549,0.346418947406107));
#3835=CARTESIAN_POINT('',(-0.49653010620075,0.623850734492999,0.346529895147175));
#3836=CARTESIAN_POINT('',(-0.496626730700072,0.622084753170585,0.346611621826873));
#3837=CARTESIAN_POINT('',(-0.496705579612337,0.620623699042478,0.346678771012281));
#3838=CARTESIAN_POINT('',(-0.496759261943798,0.619618876078194,0.346724710217223));
#3839=CARTESIAN_POINT('',(-0.496790457560811,0.619031811280683,0.346751474062117));
#3840=CARTESIAN_POINT('',(-0.496811452457619,0.618635540328099,0.346769511035521));
#3841=CARTESIAN_POINT('',(-0.496840950301136,0.618076602699344,0.346794900191183));
#3842=CARTESIAN_POINT('',(-0.496877052434735,0.617389351832589,0.346826043994165));
#3843=CARTESIAN_POINT('',(-0.496941094361274,0.61616272529851,0.346881454653458));
#3844=CARTESIAN_POINT('',(-0.497030301409139,0.614431773407538,0.34695912262059));
#3845=CARTESIAN_POINT('',(-0.49713522008772,0.612360668028863,0.347051216094353));
#3846=CARTESIAN_POINT('',(-0.497271779798395,0.609617244476096,0.347172067677508));
#3847=CARTESIAN_POINT('',(-0.497436546766539,0.606217208417665,0.34731969154282));
#3848=CARTESIAN_POINT('',(-0.497687716266647,0.600841459800317,0.347548409271128));
#3849=CARTESIAN_POINT('',(-0.49797892753775,0.594241484417944,0.34782022490856));
#3850=CARTESIAN_POINT('',(-0.498293743243999,0.586513402770501,0.348123580489889));
#3851=CARTESIAN_POINT('',(-0.498575684239396,0.578977110031926,0.348403871691682));
#3852=CARTESIAN_POINT('',(-0.498784678368568,0.572856991418025,0.348618038180998));
#3853=CARTESIAN_POINT('',(-0.498937169139239,0.568056453769278,0.348777646623035));
#3854=CARTESIAN_POINT('',(-0.499044360184201,0.564505213758056,0.348891430102286));
#3855=CARTESIAN_POINT('',(-0.499128002101247,0.561582146339473,0.34898143134809));
#3856=CARTESIAN_POINT('',(-0.499183418113477,0.559564274118042,0.349041630596156));
#3857=CARTESIAN_POINT('',(-0.499214552281062,0.558405854225766,0.349075613401179));
#3858=CARTESIAN_POINT('',(-0.499236658145339,0.557572018477451,0.349099813005212));
#3859=CARTESIAN_POINT('',(-0.49926154399477,0.556618946893477,0.349127143387412));
#3860=CARTESIAN_POINT('',(-0.499293052371118,0.555391963581538,0.349161869491919));
#3861=CARTESIAN_POINT('',(-0.499347254665238,0.553229704854388,0.349221913071885));
#3862=CARTESIAN_POINT('',(-0.499420277333527,0.550164022322653,0.349303683956717));
#3863=CARTESIAN_POINT('',(-0.499501486488271,0.546501593398921,0.349395988726755));
#3864=CARTESIAN_POINT('',(-0.499576212458473,0.542861281047767,0.349482294780934));
#3865=CARTESIAN_POINT('',(-0.499644586876433,0.539241018060937,0.349562641416759));
#3866=CARTESIAN_POINT('',(-0.499706656414506,0.535643361953497,0.34963697102209));
#3867=CARTESIAN_POINT('',(-0.499753285318134,0.532657364512643,0.349693997305856));
#3868=CARTESIAN_POINT('',(-0.499787381913551,0.530290820373563,0.349736427347358));
#3869=CARTESIAN_POINT('',(-0.499811848841877,0.528488782686315,0.349767256380437));
#3870=CARTESIAN_POINT('',(-0.499833237560503,0.526815379917196,0.349794635354549));
#3871=CARTESIAN_POINT('',(-0.499860379013069,0.52455819727743,0.34983003025243));
#3872=CARTESIAN_POINT('',(-0.499890528461145,0.521781635143258,0.3498706052845));
#3873=CARTESIAN_POINT('',(-0.499921338740524,0.51847914273185,0.349913803557855));
#3874=CARTESIAN_POINT('',(-0.499942359767198,0.515798162895251,0.349945455568882));
#3875=CARTESIAN_POINT('',(-0.499957063621203,0.513605427720244,0.349967412579293));
#3876=CARTESIAN_POINT('',(-0.499964710053802,0.512322451961528,0.349977183838565));
#3877=CARTESIAN_POINT('',(-0.499969551626155,0.511432301754777,0.349982454211295));
#3878=CARTESIAN_POINT('',(-0.499971990037033,0.510961444097292,0.349984796526442));
#3879=CARTESIAN_POINT('',(-0.499974042104358,0.510553777959356,0.349986601566555));
#3880=CARTESIAN_POINT('',(-0.499976893627355,0.509962525176396,0.349988836886147));
#3881=CARTESIAN_POINT('',(-0.499983848589369,0.508406333587578,0.349993522594324));
#3882=CARTESIAN_POINT('',(-0.49999467027981,0.505451554189222,0.349998527220108));
#3883=CARTESIAN_POINT('',(-0.5,0.50196213422371,0.349999999768316));
#3884=CARTESIAN_POINT('',(-0.5,0.5,0.35));
#3885=CARTESIAN_POINT('',(0.489805488951686,0.5,0.));
#3886=CARTESIAN_POINT('',(0.489805488951686,0.902258075019599,0.));
#3887=CARTESIAN_POINT('',(0.378597757871239,1.3011290375098,0.17));
#3888=CARTESIAN_POINT('',(0.267390026790793,1.7,0.34));
#3889=CARTESIAN_POINT('',(0.482786992634457,0.5,0.));
#3890=CARTESIAN_POINT('',(0.482786992634457,0.902258445167594,0.));
#3891=CARTESIAN_POINT('',(0.373172773812736,1.3011292225838,0.17));
#3892=CARTESIAN_POINT('',(0.263558554991015,1.7,0.34));
#3893=CARTESIAN_POINT('',(0.475768496317229,0.5,0.));
#3894=CARTESIAN_POINT('',(0.475768496317229,0.902259162794287,0.));
#3895=CARTESIAN_POINT('',(0.367747789754233,1.30112958139714,0.17));
#3896=CARTESIAN_POINT('',(0.259727083191237,1.7,0.34));
#3897=CARTESIAN_POINT('',(0.458333333333333,0.5,0.));
#3898=CARTESIAN_POINT('',(0.458333333333333,0.902261468846786,0.));
#3899=CARTESIAN_POINT('',(0.35427118779138,1.30113073442339,0.17));
#3900=CARTESIAN_POINT('',(0.250209042249426,1.7,0.34));
#3901=CARTESIAN_POINT('',(0.447916666666667,0.5,0.));
#3902=CARTESIAN_POINT('',(0.447916666666667,0.902263310252238,0.));
#3903=CARTESIAN_POINT('',(0.346219569887031,1.30113165512612,0.17));
#3904=CARTESIAN_POINT('',(0.244522473107394,1.7,0.34));
#3905=CARTESIAN_POINT('',(0.427083333333334,0.5,0.));
#3906=CARTESIAN_POINT('',(0.427083333333334,0.902267254021721,0.));
#3907=CARTESIAN_POINT('',(0.330116334078332,1.30113362701086,0.17));
#3908=CARTESIAN_POINT('',(0.233149334823329,1.7,0.34));
#3909=CARTESIAN_POINT('',(0.416666666666667,0.5,0.));
#3910=CARTESIAN_POINT('',(0.416666666666667,0.902269358379142,0.));
#3911=CARTESIAN_POINT('',(0.322064716173981,1.30113467918957,0.17));
#3912=CARTESIAN_POINT('',(0.227462765681297,1.7,0.34));
#3913=CARTESIAN_POINT('',(0.395833333333334,0.5,0.));
#3914=CARTESIAN_POINT('',(0.395833333333333,0.902273372286028,0.));
#3915=CARTESIAN_POINT('',(0.305961480365283,1.30113668614301,0.17));
#3916=CARTESIAN_POINT('',(0.216089627397232,1.7,0.34));
#3917=CARTESIAN_POINT('',(0.385416666666667,0.5,0.));
#3918=CARTESIAN_POINT('',(0.385416666666667,0.902275283695181,0.));
#3919=CARTESIAN_POINT('',(0.297909862460933,1.30113764184759,0.17));
#3920=CARTESIAN_POINT('',(0.2104030582552,1.7,0.34));
#3921=CARTESIAN_POINT('',(0.364583333333334,0.5,0.));
#3922=CARTESIAN_POINT('',(0.364583333333333,0.902278627798204,0.));
#3923=CARTESIAN_POINT('',(0.281806626652234,1.3011393138991,0.17));
#3924=CARTESIAN_POINT('',(0.199029919971134,1.7,0.34));
#3925=CARTESIAN_POINT('',(0.354166666666667,0.5,0.));
#3926=CARTESIAN_POINT('',(0.354166666666667,0.902280062208858,0.));
#3927=CARTESIAN_POINT('',(0.273755008747884,1.30114003110443,0.17));
#3928=CARTESIAN_POINT('',(0.193343350829102,1.7,0.34));
#3929=CARTESIAN_POINT('',(0.333333333333334,0.5,0.));
#3930=CARTESIAN_POINT('',(0.333333333333334,0.902282308269301,0.));
#3931=CARTESIAN_POINT('',(0.257651772939186,1.30114115413465,0.17));
#3932=CARTESIAN_POINT('',(0.181970212545038,1.7,0.34));
#3933=CARTESIAN_POINT('',(0.322916666666667,0.5,0.));
#3934=CARTESIAN_POINT('',(0.322916666666667,0.902283121489541,0.));
#3935=CARTESIAN_POINT('',(0.249600155034836,1.30114156074477,0.17));
#3936=CARTESIAN_POINT('',(0.176283643403005,1.7,0.34));
#3937=CARTESIAN_POINT('',(0.302083333333334,0.5,0.));
#3938=CARTESIAN_POINT('',(0.302083333333334,0.90228409159156,0.));
#3939=CARTESIAN_POINT('',(0.233496919226136,1.30114204579578,0.17));
#3940=CARTESIAN_POINT('',(0.16491050511894,1.7,0.34));
#3941=CARTESIAN_POINT('',(0.291666666666667,0.5,0.));
#3942=CARTESIAN_POINT('',(0.291666666666667,0.902284249897312,0.));
#3943=CARTESIAN_POINT('',(0.225445301321787,1.30114212494866,0.17));
#3944=CARTESIAN_POINT('',(0.159223935976908,1.7,0.34));
#3945=CARTESIAN_POINT('',(0.270833333333334,0.5,0.));
#3946=CARTESIAN_POINT('',(0.270833333333334,0.902283960294436,0.));
#3947=CARTESIAN_POINT('',(0.209342065513088,1.30114198014722,0.17));
#3948=CARTESIAN_POINT('',(0.147850797692843,1.7,0.34));
#3949=CARTESIAN_POINT('',(0.260416666666667,0.5,0.));
#3950=CARTESIAN_POINT('',(0.260416666666667,0.902283514543376,0.));
#3951=CARTESIAN_POINT('',(0.201290447608739,1.30114175727169,0.17));
#3952=CARTESIAN_POINT('',(0.14216422855081,1.7,0.34));
#3953=CARTESIAN_POINT('',(0.229166666666666,0.5,0.));
#3954=CARTESIAN_POINT('',(0.229166666666666,0.90228142720178,0.));
#3955=CARTESIAN_POINT('',(0.17713559389569,1.30114071360089,0.17));
#3956=CARTESIAN_POINT('',(0.125104521124713,1.7,0.34));
#3957=CARTESIAN_POINT('',(0.208333333333334,0.5,0.));
#3958=CARTESIAN_POINT('',(0.208333333333333,0.902279041726437,0.));
#3959=CARTESIAN_POINT('',(0.16103235808699,1.30113952086322,0.17));
#3960=CARTESIAN_POINT('',(0.113731382840648,1.7,0.34));
#3961=CARTESIAN_POINT('',(0.166666666666667,0.5,0.));
#3962=CARTESIAN_POINT('',(0.166666666666667,0.902273513834282,0.));
#3963=CARTESIAN_POINT('',(0.128825886469592,1.30113675691714,0.17));
#3964=CARTESIAN_POINT('',(0.0909851062725185,1.7,0.34));
#3965=CARTESIAN_POINT('',(0.145833333333333,0.5,0.));
#3966=CARTESIAN_POINT('',(0.145833333333333,0.902270397922964,0.));
#3967=CARTESIAN_POINT('',(0.112722650660893,1.30113519896148,0.17));
#3968=CARTESIAN_POINT('',(0.0796119679884536,1.7,0.34));
#3969=CARTESIAN_POINT('',(0.114583333333333,0.5,0.));
#3970=CARTESIAN_POINT('',(0.114583333333333,0.902266160754245,0.));
#3971=CARTESIAN_POINT('',(0.0885677969478448,1.30113308037712,0.17));
#3972=CARTESIAN_POINT('',(0.0625522605623563,1.7,0.34));
#3973=CARTESIAN_POINT('',(0.104166666666667,0.5,0.));
#3974=CARTESIAN_POINT('',(0.104166666666666,0.902264821919625,0.));
#3975=CARTESIAN_POINT('',(0.0805161790434952,1.30113241095981,0.17));
#3976=CARTESIAN_POINT('',(0.0568656914203239,1.7,0.34));
#3977=CARTESIAN_POINT('',(0.0833333333333333,0.5,0.));
#3978=CARTESIAN_POINT('',(0.0833333333333332,0.902262421949635,0.));
#3979=CARTESIAN_POINT('',(0.0644129432347961,1.30113121097482,0.17));
#3980=CARTESIAN_POINT('',(0.045492553136259,1.7,0.34));
#3981=CARTESIAN_POINT('',(0.0729166666666666,0.5,0.));
#3982=CARTESIAN_POINT('',(0.0729166666666665,0.902261361695813,0.));
#3983=CARTESIAN_POINT('',(0.0563613253304466,1.30113068084791,0.17));
#3984=CARTESIAN_POINT('',(0.0398059839942266,1.7,0.34));
#3985=CARTESIAN_POINT('',(0.0520833333333333,0.5,0.));
#3986=CARTESIAN_POINT('',(0.0520833333333332,0.902259622271833,0.));
#3987=CARTESIAN_POINT('',(0.0402580895217475,1.30112981113592,0.17));
#3988=CARTESIAN_POINT('',(0.0284328457101618,1.7,0.34));
#3989=CARTESIAN_POINT('',(0.0416666666666667,0.5,0.));
#3990=CARTESIAN_POINT('',(0.0416666666666665,0.902258943388422,0.));
#3991=CARTESIAN_POINT('',(0.032206471617398,1.30112947169421,0.17));
#3992=CARTESIAN_POINT('',(0.0227462765681293,1.7,0.34));
#3993=CARTESIAN_POINT('',(0.0208333333333333,0.5,0.));
#3994=CARTESIAN_POINT('',(0.0208333333333332,0.902258030816724,0.));
#3995=CARTESIAN_POINT('',(0.0161032358086989,1.30112901540836,0.17));
#3996=CARTESIAN_POINT('',(0.0113731382840645,1.7,0.34));
#3997=CARTESIAN_POINT('',(0.0104166666666666,0.5,0.));
#3998=CARTESIAN_POINT('',(0.0104166666666666,0.902257797271999,0.));
#3999=CARTESIAN_POINT('',(0.0080516179043493,1.301128898636,0.17));
#4000=CARTESIAN_POINT('',(0.00568656914203204,1.7,0.34));
#4001=CARTESIAN_POINT('',(-0.0104166666666667,0.5,0.));
#4002=CARTESIAN_POINT('',(-0.0104166666666668,0.902257797271999,0.));
#4003=CARTESIAN_POINT('',(-0.00805161790434979,1.301128898636,0.17));
#4004=CARTESIAN_POINT('',(-0.00568656914203281,1.7,0.34));
#4005=CARTESIAN_POINT('',(-0.0208333333333333,0.5,0.));
#4006=CARTESIAN_POINT('',(-0.0208333333333335,0.902258030816724,0.));
#4007=CARTESIAN_POINT('',(-0.0161032358086994,1.30112901540836,0.17));
#4008=CARTESIAN_POINT('',(-0.0113731382840652,1.7,0.34));
#4009=CARTESIAN_POINT('',(-0.0416666666666667,0.5,0.));
#4010=CARTESIAN_POINT('',(-0.0416666666666667,0.902258943388422,0.));
#4011=CARTESIAN_POINT('',(-0.0322064716173985,1.30112947169421,0.17));
#4012=CARTESIAN_POINT('',(-0.0227462765681301,1.7,0.34));
#4013=CARTESIAN_POINT('',(-0.0520833333333334,0.5,0.));
#4014=CARTESIAN_POINT('',(-0.0520833333333335,0.902259622271833,0.));
#4015=CARTESIAN_POINT('',(-0.040258089521748,1.30112981113592,0.17));
#4016=CARTESIAN_POINT('',(-0.0284328457101626,1.7,0.34));
#4017=CARTESIAN_POINT('',(-0.0729166666666667,0.5,0.));
#4018=CARTESIAN_POINT('',(-0.0729166666666668,0.902261361695813,0.));
#4019=CARTESIAN_POINT('',(-0.0563613253304471,1.30113068084791,0.17));
#4020=CARTESIAN_POINT('',(-0.0398059839942274,1.7,0.34));
#4021=CARTESIAN_POINT('',(-0.0833333333333334,0.5,0.));
#4022=CARTESIAN_POINT('',(-0.0833333333333334,0.902262421949635,0.));
#4023=CARTESIAN_POINT('',(-0.0644129432347966,1.30113121097482,0.17));
#4024=CARTESIAN_POINT('',(-0.0454925531362598,1.7,0.34));
#4025=CARTESIAN_POINT('',(-0.104166666666667,0.5,0.));
#4026=CARTESIAN_POINT('',(-0.104166666666667,0.902264821919625,0.));
#4027=CARTESIAN_POINT('',(-0.0805161790434957,1.30113241095981,0.17));
#4028=CARTESIAN_POINT('',(-0.0568656914203247,1.7,0.34));
#4029=CARTESIAN_POINT('',(-0.114583333333333,0.5,0.));
#4030=CARTESIAN_POINT('',(-0.114583333333333,0.902266160754245,0.));
#4031=CARTESIAN_POINT('',(-0.0885677969478453,1.30113308037712,0.17));
#4032=CARTESIAN_POINT('',(-0.0625522605623571,1.7,0.34));
#4033=CARTESIAN_POINT('',(-0.145833333333333,0.5,0.));
#4034=CARTESIAN_POINT('',(-0.145833333333333,0.902270397922965,0.));
#4035=CARTESIAN_POINT('',(-0.112722650660894,1.30113519896148,0.17));
#4036=CARTESIAN_POINT('',(-0.0796119679884544,1.7,0.34));
#4037=CARTESIAN_POINT('',(-0.166666666666667,0.5,0.));
#4038=CARTESIAN_POINT('',(-0.166666666666667,0.902273513834282,0.));
#4039=CARTESIAN_POINT('',(-0.128825886469593,1.30113675691714,0.17));
#4040=CARTESIAN_POINT('',(-0.0909851062725193,1.7,0.34));
#4041=CARTESIAN_POINT('',(-0.208333333333334,0.5,0.));
#4042=CARTESIAN_POINT('',(-0.208333333333334,0.902279041726437,0.));
#4043=CARTESIAN_POINT('',(-0.161032358086991,1.30113952086322,0.17));
#4044=CARTESIAN_POINT('',(-0.113731382840649,1.7,0.34));
#4045=CARTESIAN_POINT('',(-0.229166666666666,0.5,0.));
#4046=CARTESIAN_POINT('',(-0.229166666666667,0.90228142720178,0.));
#4047=CARTESIAN_POINT('',(-0.177135593895691,1.30114071360089,0.17));
#4048=CARTESIAN_POINT('',(-0.125104521124714,1.7,0.34));
#4049=CARTESIAN_POINT('',(-0.260416666666667,0.5,0.));
#4050=CARTESIAN_POINT('',(-0.260416666666667,0.902283514543376,0.));
#4051=CARTESIAN_POINT('',(-0.201290447608739,1.30114175727169,0.17));
#4052=CARTESIAN_POINT('',(-0.142164228550811,1.7,0.34));
#4053=CARTESIAN_POINT('',(-0.270833333333334,0.5,0.));
#4054=CARTESIAN_POINT('',(-0.270833333333334,0.902283960294436,0.));
#4055=CARTESIAN_POINT('',(-0.209342065513089,1.30114198014722,0.17));
#4056=CARTESIAN_POINT('',(-0.147850797692844,1.7,0.34));
#4057=CARTESIAN_POINT('',(-0.291666666666667,0.5,0.));
#4058=CARTESIAN_POINT('',(-0.291666666666667,0.902284249897312,0.));
#4059=CARTESIAN_POINT('',(-0.225445301321788,1.30114212494866,0.17));
#4060=CARTESIAN_POINT('',(-0.159223935976909,1.7,0.34));
#4061=CARTESIAN_POINT('',(-0.302083333333334,0.5,0.));
#4062=CARTESIAN_POINT('',(-0.302083333333334,0.90228409159156,0.));
#4063=CARTESIAN_POINT('',(-0.233496919226137,1.30114204579578,0.17));
#4064=CARTESIAN_POINT('',(-0.164910505118941,1.7,0.34));
#4065=CARTESIAN_POINT('',(-0.322916666666667,0.5,0.));
#4066=CARTESIAN_POINT('',(-0.322916666666667,0.902283121489542,0.));
#4067=CARTESIAN_POINT('',(-0.249600155034836,1.30114156074477,0.17));
#4068=CARTESIAN_POINT('',(-0.176283643403006,1.7,0.34));
#4069=CARTESIAN_POINT('',(-0.333333333333334,0.5,0.));
#4070=CARTESIAN_POINT('',(-0.333333333333334,0.902282308269301,0.));
#4071=CARTESIAN_POINT('',(-0.257651772939186,1.30114115413465,0.17));
#4072=CARTESIAN_POINT('',(-0.181970212545038,1.7,0.34));
#4073=CARTESIAN_POINT('',(-0.354166666666667,0.5,0.));
#4074=CARTESIAN_POINT('',(-0.354166666666667,0.902280062208859,0.));
#4075=CARTESIAN_POINT('',(-0.273755008747885,1.30114003110443,0.17));
#4076=CARTESIAN_POINT('',(-0.193343350829103,1.7,0.34));
#4077=CARTESIAN_POINT('',(-0.364583333333334,0.5,0.));
#4078=CARTESIAN_POINT('',(-0.364583333333334,0.902278627798205,0.));
#4079=CARTESIAN_POINT('',(-0.281806626652234,1.3011393138991,0.17));
#4080=CARTESIAN_POINT('',(-0.199029919971135,1.7,0.34));
#4081=CARTESIAN_POINT('',(-0.385416666666667,0.5,0.));
#4082=CARTESIAN_POINT('',(-0.385416666666667,0.902275283695181,0.));
#4083=CARTESIAN_POINT('',(-0.297909862460934,1.30113764184759,0.17));
#4084=CARTESIAN_POINT('',(-0.210403058255201,1.7,0.34));
#4085=CARTESIAN_POINT('',(-0.395833333333334,0.5,0.));
#4086=CARTESIAN_POINT('',(-0.395833333333334,0.902273372286028,0.));
#4087=CARTESIAN_POINT('',(-0.305961480365283,1.30113668614301,0.17));
#4088=CARTESIAN_POINT('',(-0.216089627397233,1.7,0.34));
#4089=CARTESIAN_POINT('',(-0.416666666666667,0.5,0.));
#4090=CARTESIAN_POINT('',(-0.416666666666667,0.902269358379142,0.));
#4091=CARTESIAN_POINT('',(-0.322064716173982,1.30113467918957,0.17));
#4092=CARTESIAN_POINT('',(-0.227462765681298,1.7,0.34));
#4093=CARTESIAN_POINT('',(-0.427083333333334,0.5,0.));
#4094=CARTESIAN_POINT('',(-0.427083333333334,0.902267254021721,0.));
#4095=CARTESIAN_POINT('',(-0.330116334078332,1.30113362701086,0.17));
#4096=CARTESIAN_POINT('',(-0.23314933482333,1.7,0.34));
#4097=CARTESIAN_POINT('',(-0.447916666666667,0.5,0.));
#4098=CARTESIAN_POINT('',(-0.447916666666667,0.902263310252239,0.));
#4099=CARTESIAN_POINT('',(-0.346219569887031,1.30113165512612,0.17));
#4100=CARTESIAN_POINT('',(-0.244522473107395,1.7,0.34));
#4101=CARTESIAN_POINT('',(-0.458333333333333,0.5,0.));
#4102=CARTESIAN_POINT('',(-0.458333333333333,0.902261468846786,0.));
#4103=CARTESIAN_POINT('',(-0.354271187791381,1.30113073442339,0.17));
#4104=CARTESIAN_POINT('',(-0.250209042249427,1.7,0.34));
#4105=CARTESIAN_POINT('',(-0.475921585621382,0.5,0.));
#4106=CARTESIAN_POINT('',(-0.475921585621382,0.902259142546012,0.));
#4107=CARTESIAN_POINT('',(-0.367866120946132,1.30112957127301,0.17));
#4108=CARTESIAN_POINT('',(-0.259810656270883,1.7,0.34));
#4109=CARTESIAN_POINT('',(-0.483093171242763,0.5,0.));
#4110=CARTESIAN_POINT('',(-0.483093171242763,0.902258413961698,0.));
#4111=CARTESIAN_POINT('',(-0.373409436196535,1.30112920698085,0.17));
#4112=CARTESIAN_POINT('',(-0.263725701150306,1.7,0.34));
#4113=CARTESIAN_POINT('',(-0.490264756864144,0.5,0.));
#4114=CARTESIAN_POINT('',(-0.490264756864144,0.902258051295685,0.));
#4115=CARTESIAN_POINT('',(-0.378952751446937,1.30112902564784,0.17));
#4116=CARTESIAN_POINT('',(-0.267640746029729,1.7,0.34));
#4117=CARTESIAN_POINT('',(-0.15,0.5,0.));
#4118=CARTESIAN_POINT('',(-0.15,0.501852391877011,0.));
#4119=CARTESIAN_POINT('',(-0.150001829571098,0.504445344907019,5.38405368391598E-6));
#4120=CARTESIAN_POINT('',(-0.150008717686456,0.507526634919048,1.9223827430531E-5));
#4121=CARTESIAN_POINT('',(-0.150014432438502,0.509126070264793,2.88932375719643E-5));
#4122=CARTESIAN_POINT('',(-0.15001899793578,0.510124638013676,3.57703013284377E-5));
#4123=CARTESIAN_POINT('',(-0.15002237922744,0.510797452533365,4.06502183774468E-5));
#4124=CARTESIAN_POINT('',(-0.150026148706399,0.511444354569832,4.56571818092971E-5));
#4125=CARTESIAN_POINT('',(-0.150032014242195,0.51228650784196,5.26067516671327E-5));
#4126=CARTESIAN_POINT('',(-0.150045718084593,0.513974348116083,6.75598262990221E-5));
#4127=CARTESIAN_POINT('',(-0.150074001281938,0.516623220266751,9.47726991431094E-5));
#4128=CARTESIAN_POINT('',(-0.15012910248218,0.520408856000904,0.0001434204986417));
#4129=CARTESIAN_POINT('',(-0.150191310669167,0.524166445415723,0.00020160380484588));
#4130=CARTESIAN_POINT('',(-0.150261407242414,0.527925878054506,0.000269476833020177));
#4131=CARTESIAN_POINT('',(-0.15032615591822,0.531050531132347,0.000333930991995459));
#4132=CARTESIAN_POINT('',(-0.150381961980602,0.533553772912978,0.000390382790166982));
#4133=CARTESIAN_POINT('',(-0.150418138752638,0.535104071047995,0.000427313766558569));
#4134=CARTESIAN_POINT('',(-0.150448759865915,0.536373764208311,0.000458772271206725));
#4135=CARTESIAN_POINT('',(-0.150481422460865,0.53769634041522,0.000492424004235289));
#4136=CARTESIAN_POINT('',(-0.150540100330192,0.5399911811027,0.000553137519819918));
#4137=CARTESIAN_POINT('',(-0.150630207186322,0.543294022329965,0.000647123390451299));
#4138=CARTESIAN_POINT('',(-0.150786924002294,0.548597404250048,0.00081230532765475));
#4139=CARTESIAN_POINT('',(-0.151006589563869,0.555276541874696,0.00104718487828599));
#4140=CARTESIAN_POINT('',(-0.151257746022651,0.562021615709798,0.00132080171477286));
#4141=CARTESIAN_POINT('',(-0.151477107590031,0.56745075011555,0.00156308169555657));
#4142=CARTESIAN_POINT('',(-0.151622512763387,0.570872804786407,0.0017250867665339));
#4143=CARTESIAN_POINT('',(-0.151742185980857,0.573590741565905,0.00185929310555487));
#4144=CARTESIAN_POINT('',(-0.151862667330622,0.576266604153943,0.00199497554477492));
#4145=CARTESIAN_POINT('',(-0.152082343363791,0.580991354547549,0.00224391040891656));
#4146=CARTESIAN_POINT('',(-0.152417854671945,0.58778330842208,0.00262885397065089));
#4147=CARTESIAN_POINT('',(-0.152855839855901,0.596025653469102,0.00313999270246525));
#4148=CARTESIAN_POINT('',(-0.153328496543183,0.60435361899228,0.00370111044483707));
#4149=CARTESIAN_POINT('',(-0.153750927682777,0.611365846974462,0.00421127910652166));
#4150=CARTESIAN_POINT('',(-0.154105842737385,0.617019934302995,0.00464558371970716));
#4151=CARTESIAN_POINT('',(-0.154380241944699,0.621279589679368,0.00498426186792749));
#4152=CARTESIAN_POINT('',(-0.154616425273504,0.62485572421927,0.00527831113773649));
#4153=CARTESIAN_POINT('',(-0.154808218234643,0.627708775920934,0.00551864323824428));
#4154=CARTESIAN_POINT('',(-0.15495764189489,0.629905100407121,0.00570671832909919));
#4155=CARTESIAN_POINT('',(-0.155095681750626,0.631911754710321,0.00588120431624287));
#4156=CARTESIAN_POINT('',(-0.155286799330237,0.634661879424006,0.00612375779443879));
#4157=CARTESIAN_POINT('',(-0.155528678356912,0.63808859383415,0.00643266292537831));
#4158=CARTESIAN_POINT('',(-0.155826861118961,0.642230444345236,0.00681664901447349));
#4159=CARTESIAN_POINT('',(-0.156233788829296,0.647775834785243,0.00734507786754089));
#4160=CARTESIAN_POINT('',(-0.15676035752035,0.654758279956351,0.00803739589705829));
#4161=CARTESIAN_POINT('',(-0.157640196106597,0.666035130286479,0.00921382454871736));
#4162=CARTESIAN_POINT('',(-0.158808813633396,0.680329381541123,0.0108155575608048));
#4163=CARTESIAN_POINT('',(-0.160316905960737,0.69779901188255,0.0129545142070723));
#4164=CARTESIAN_POINT('',(-0.161926079218604,0.715585050631009,0.0153171787098715));
#4165=CARTESIAN_POINT('',(-0.163347159454604,0.730670619267693,0.017478104857047));
#4166=CARTESIAN_POINT('',(-0.164529332710502,0.742896585523092,0.019325183103089));
#4167=CARTESIAN_POINT('',(-0.165438106547101,0.752146711790586,0.0207707751910732));
#4168=CARTESIAN_POINT('',(-0.166212609028198,0.759915857440581,0.0220252183201687));
#4169=CARTESIAN_POINT('',(-0.166764762473334,0.765398915372793,0.0229319737702681));
#4170=CARTESIAN_POINT('',(-0.167081189838797,0.768526208440449,0.0234551824814511));
#4171=CARTESIAN_POINT('',(-0.167324277783034,0.77092100422597,0.0238590169934977));
#4172=CARTESIAN_POINT('',(-0.167551316590376,0.773151059728313,0.0242379024279517));
#4173=CARTESIAN_POINT('',(-0.16786123837436,0.776186854634578,0.0247573523778931));
#4174=CARTESIAN_POINT('',(-0.168404142319015,0.781482511647239,0.0256734020493011));
#4175=CARTESIAN_POINT('',(-0.169190427270819,0.789091253975563,0.0270176724449436));
#4176=CARTESIAN_POINT('',(-0.170147622631069,0.798262694529785,0.0286832387423015));
#4177=CARTESIAN_POINT('',(-0.171442236523429,0.810555148087281,0.0309757657426667));
#4178=CARTESIAN_POINT('',(-0.173093698352139,0.826042586080536,0.033977262276487));
#4179=CARTESIAN_POINT('',(-0.174782336394105,0.84166585082486,0.0371556312574212));
#4180=CARTESIAN_POINT('',(-0.176159284377227,0.854303404561405,0.0398174931696334));
#4181=CARTESIAN_POINT('',(-0.177540073576503,0.866912680398569,0.0425332893833792));
#4182=CARTESIAN_POINT('',(-0.179278170201479,0.882675465259968,0.046038919186597));
#4183=CARTESIAN_POINT('',(-0.181029053217663,0.898431818241761,0.0496875424045482));
#4184=CARTESIAN_POINT('',(-0.182258935073935,0.909448202843636,0.052312351322627));
#4185=CARTESIAN_POINT('',(-0.182964658521613,0.915756647969403,0.0538364215398756));
#4186=CARTESIAN_POINT('',(-0.183489944967255,0.920446158661702,0.0549795570403181));
#4187=CARTESIAN_POINT('',(-0.184033403335022,0.925292654137637,0.0561716487550076));
#4188=CARTESIAN_POINT('',(-0.184752122316935,0.931696411111578,0.0577610991695942));
#4189=CARTESIAN_POINT('',(-0.186013523429197,0.942921689347629,0.0605841475798757));
#4190=CARTESIAN_POINT('',(-0.187454759563035,0.955722745296627,0.0638869178319521));
#4191=CARTESIAN_POINT('',(-0.188895864027931,0.968511761304261,0.0672675106709556));
#4192=CARTESIAN_POINT('',(-0.189975782494913,0.978093455915267,0.0698402087748233));
#4193=CARTESIAN_POINT('',(-0.190875297054446,0.986075733113517,0.0720162905187674));
#4194=CARTESIAN_POINT('',(-0.191503370312529,0.991651398748164,0.0735532016883625));
#4195=CARTESIAN_POINT('',(-0.191863522265133,0.994849472393774,0.0744395963171315));
#4196=CARTESIAN_POINT('',(-0.19212940583425,0.997210897531196,0.0750964213207165));
#4197=CARTESIAN_POINT('',(-0.19241091878819,0.999711787549426,0.075794580812886));
#4198=CARTESIAN_POINT('',(-0.192780110019662,1.00299264755837,0.0767139178342382));
#4199=CARTESIAN_POINT('',(-0.193427320965034,1.00874685288407,0.078335097180588));
#4200=CARTESIAN_POINT('',(-0.194346277425011,1.01692520056453,0.0806642114229004));
#4201=CARTESIAN_POINT('',(-0.195442678695862,1.0266966888558,0.0834858871071533));
#4202=CARTESIAN_POINT('',(-0.19653188824283,1.03641906480965,0.0863313612723812));
#4203=CARTESIAN_POINT('',(-0.197614017877008,1.04609420874479,0.0892000695977704));
#4204=CARTESIAN_POINT('',(-0.198509736983805,1.05411679429774,0.091608931511993));
#4205=CARTESIAN_POINT('',(-0.199222715316449,1.06051158368716,0.0935466844997713));
#4206=CARTESIAN_POINT('',(-0.199755450895244,1.06529433926438,0.0950046761026446));
#4207=CARTESIAN_POINT('',(-0.20019835994072,1.06927458812444,0.0962252337159724));
#4208=CARTESIAN_POINT('',(-0.200506592572887,1.07204664732249,0.0970789942542477));
#4209=CARTESIAN_POINT('',(-0.200684037738045,1.07364310231286,0.0975717635420005));
#4210=CARTESIAN_POINT('',(-0.200812651382441,1.07480051863493,0.097929508509397));
#4211=CARTESIAN_POINT('',(-0.20095778930918,1.07610696150978,0.09833391695421));
#4212=CARTESIAN_POINT('',(-0.201145329015123,1.07779547973366,0.098857427064727));
#4213=CARTESIAN_POINT('',(-0.201475778537082,1.08077173135718,0.0997822692183775));
#4214=CARTESIAN_POINT('',(-0.20194514459675,1.08500220564822,0.101102844335308));
#4215=CARTESIAN_POINT('',(-0.202506912137745,1.09007049290342,0.102694355601598));
#4216=CARTESIAN_POINT('',(-0.203252938342095,1.09680800234763,0.104822429931128));
#4217=CARTESIAN_POINT('',(-0.204180290263871,1.10519622879322,0.107494811843161));
#4218=CARTESIAN_POINT('',(-0.205652684609271,1.11854385924477,0.111794719178401));
#4219=CARTESIAN_POINT('',(-0.207471733222318,1.13509139042549,0.117212117304488));
#4220=CARTESIAN_POINT('',(-0.209619626966236,1.15472914406219,0.123771901796312));
#4221=CARTESIAN_POINT('',(-0.211379959513826,1.17091139821044,0.12928025917521));
#4222=CARTESIAN_POINT('',(-0.21277025453996,1.1837477607645,0.13370790045276));
#4223=CARTESIAN_POINT('',(-0.213803940927853,1.19332030756525,0.137038092729263));
#4224=CARTESIAN_POINT('',(-0.214828561166097,1.20283825642975,0.140376792534733));
#4225=CARTESIAN_POINT('',(-0.215674789719906,1.21072406126898,0.143165201270721));
#4226=CARTESIAN_POINT('',(-0.216347264364592,1.21700597854371,0.145399420535232));
#4227=CARTESIAN_POINT('',(-0.216849158070805,1.22170212986112,0.147076020061982));
#4228=CARTESIAN_POINT('',(-0.217266043522445,1.2256093865379,0.148476224751216));
#4229=CARTESIAN_POINT('',(-0.217555778353236,1.22832833149058,0.149453269677626));
#4230=CARTESIAN_POINT('',(-0.217722741984846,1.22989617322325,0.150017455441047));
#4231=CARTESIAN_POINT('',(-0.217843066395537,1.23102650776291,0.150424556707266));
#4232=CARTESIAN_POINT('',(-0.217981422392528,1.23232683019348,0.150893325396089));
#4233=CARTESIAN_POINT('',(-0.218159267265302,1.23399914511944,0.151496814909245));
#4234=CARTESIAN_POINT('',(-0.218472745377153,1.23694897528267,0.152562856615424));
#4235=CARTESIAN_POINT('',(-0.218916994574705,1.24113548941119,0.154080240538557));
#4236=CARTESIAN_POINT('',(-0.21944753795596,1.24614476391749,0.15590271231791));
#4237=CARTESIAN_POINT('',(-0.22015044184468,1.25279393346816,0.158330838359388));
#4238=CARTESIAN_POINT('',(-0.221021240090105,1.26105423919371,0.161363900244182));
#4239=CARTESIAN_POINT('',(-0.222053727673334,1.27088324306479,0.164998441866564));
#4240=CARTESIAN_POINT('',(-0.223074028607724,1.28062939529991,0.168626837883423));
#4241=CARTESIAN_POINT('',(-0.223914287711947,1.28868182272208,0.171644286861733));
#4242=CARTESIAN_POINT('',(-0.22458068364798,1.29508273520434,0.174054175672486));
#4243=CARTESIAN_POINT('',(-0.225077457703856,1.29986147017463,0.175858872910464));
#4244=CARTESIAN_POINT('',(-0.225489448046121,1.30383032972498,0.177362261490551));
#4245=CARTESIAN_POINT('',(-0.225775817754987,1.30659189074632,0.178410646272909));
#4246=CARTESIAN_POINT('',(-0.225940330058459,1.30817915604669,0.179013898929983));
#4247=CARTESIAN_POINT('',(-0.226060089344511,1.30933500794144,0.179453498584068));
#4248=CARTESIAN_POINT('',(-0.226192859159333,1.31061685976959,0.179941385252655));
#4249=CARTESIAN_POINT('',(-0.226365094067172,1.3122803103748,0.180575015206048));
#4250=CARTESIAN_POINT('',(-0.226668110659518,1.31520832491403,0.18169159916537));
#4251=CARTESIAN_POINT('',(-0.227098351228094,1.31936995797419,0.183282242198981));
#4252=CARTESIAN_POINT('',(-0.227612679097349,1.32435180844313,0.185192040935618));
#4253=CARTESIAN_POINT('',(-0.228295026628743,1.33097036316785,0.187736681495519));
#4254=CARTESIAN_POINT('',(-0.229141908256223,1.33920230594049,0.19091522786352));
#4255=CARTESIAN_POINT('',(-0.230148354752561,1.34901353013978,0.194724446922081));
#4256=CARTESIAN_POINT('',(-0.231145021185061,1.35875798077106,0.198527774457702));
#4257=CARTESIAN_POINT('',(-0.231967421950597,1.36682262169826,0.201691472193899));
#4258=CARTESIAN_POINT('',(-0.232620468188456,1.37324100161343,0.204218562323328));
#4259=CARTESIAN_POINT('',(-0.233026574838417,1.37723841689304,0.205796214285307));
#4260=CARTESIAN_POINT('',(-0.233350278993908,1.38042835637806,0.20705739077406));
#4261=CARTESIAN_POINT('',(-0.23359235041964,1.38281566252402,0.208002329300049));
#4262=CARTESIAN_POINT('',(-0.233793883923138,1.3848047058928,0.208790533096473));
#4263=CARTESIAN_POINT('',(-0.23393407629755,1.38618912723892,0.209339605037279));
#4264=CARTESIAN_POINT('',(-0.234015071437097,1.38698920175869,0.209657057466297));
#4265=CARTESIAN_POINT('',(-0.234073072574513,1.38756224002407,0.209884486877253));
#4266=CARTESIAN_POINT('',(-0.234141384501979,1.3882372955061,0.2101524844764));
#4267=CARTESIAN_POINT('',(-0.234228790252574,1.38910126364322,0.210495591360514));
#4268=CARTESIAN_POINT('',(-0.234383256328822,1.39062864984597,0.211102434947365));
#4269=CARTESIAN_POINT('',(-0.234602541123353,1.39279859459281,0.211965366249409));
#4270=CARTESIAN_POINT('',(-0.234865258760177,1.3954008875707,0.213001475926432));
#4271=CARTESIAN_POINT('',(-0.235214353295337,1.39886216856146,0.214381238150956));
#4272=CARTESIAN_POINT('',(-0.235648777048409,1.40317581967117,0.216103818886702));
#4273=CARTESIAN_POINT('',(-0.236339612052749,1.41004884137659,0.218854757493053));
#4274=CARTESIAN_POINT('',(-0.237195306696651,1.41858663944745,0.222283568158008));
#4275=CARTESIAN_POINT('',(-0.238209736699937,1.42874628052843,0.22638120511079));
#4276=CARTESIAN_POINT('',(-0.239211952704869,1.43882027352184,0.230460873519784));
#4277=CARTESIAN_POINT('',(-0.2405322171127,1.45213807894082,0.235875114164811));
#4278=CARTESIAN_POINT('',(-0.242153020280592,1.46857129926307,0.242592976222539));
#4279=CARTESIAN_POINT('',(-0.243735956021434,1.48471926888183,0.249238021839849));
#4280=CARTESIAN_POINT('',(-0.244980582372287,1.49746657094538,0.254506905523324));
#4281=CARTESIAN_POINT('',(-0.245903457956021,1.5069415240563,0.258434174657043));
#4282=CARTESIAN_POINT('',(-0.246816016307835,1.51633098802778,0.262336264275357));
#4283=CARTESIAN_POINT('',(-0.247568117445216,1.52408426076598,0.265566365578415));
#4284=CARTESIAN_POINT('',(-0.24816493992122,1.53024423870405,0.268137146764688));
#4285=CARTESIAN_POINT('',(-0.248535936777266,1.53407620475872,0.269738162764811));
#4286=CARTESIAN_POINT('',(-0.248831603495087,1.53713158946133,0.271015759594305));
#4287=CARTESIAN_POINT('',(-0.249052638515982,1.53941643566398,0.27197166884989));
#4288=CARTESIAN_POINT('',(-0.249236767211219,1.54132032363237,0.272768617342828));
#4289=CARTESIAN_POINT('',(-0.249364590191563,1.54264227058007,0.273322183437866));
#4290=CARTESIAN_POINT('',(-0.249438834182072,1.54341017701672,0.273643808252095));
#4291=CARTESIAN_POINT('',(-0.249490893245007,1.54394865695557,0.273869367804956));
#4292=CARTESIAN_POINT('',(-0.249556632873291,1.54462867984572,0.274154256275304));
#4293=CARTESIAN_POINT('',(-0.249639463586056,1.54548553554873,0.274513282501616));
#4294=CARTESIAN_POINT('',(-0.249786524750702,1.54700693642812,0.275150890222346));
#4295=CARTESIAN_POINT('',(-0.249995109983193,1.54916512981356,0.276055763030187));
#4296=CARTESIAN_POINT('',(-0.250245367295568,1.5517549949681,0.277142229111262));
#4297=CARTESIAN_POINT('',(-0.250578143902436,1.55519952396949,0.278588025752591));
#4298=CARTESIAN_POINT('',(-0.250992810036402,1.55949300527209,0.280391612093727));
#4299=CARTESIAN_POINT('',(-0.251653319994992,1.56633493579531,0.283268704254807));
#4300=CARTESIAN_POINT('',(-0.252473468305348,1.57483629449867,0.286848911541139));
#4301=CARTESIAN_POINT('',(-0.253448790192923,1.5849560164222,0.291118380636557));
#4302=CARTESIAN_POINT('',(-0.254415231486667,1.59499391171698,0.295360302605988));
#4303=CARTESIAN_POINT('',(-0.255691962797774,1.60826866932395,0.300978443906445));
#4304=CARTESIAN_POINT('',(-0.257265655595477,1.62465759894716,0.307928488824311));
#4305=CARTESIAN_POINT('',(-0.259118804729304,1.64399719860531,0.316146806100472));
#4306=CARTESIAN_POINT('',(-0.261543421404167,1.66934731033023,0.326935552162056));
#4307=CARTESIAN_POINT('',(-0.263311070145633,1.68786949888274,0.334829941806338));
#4308=CARTESIAN_POINT('',(-0.264468602134064,1.69999974129751,0.339999889740177));
#4309=CARTESIAN_POINT('',(-0.264468626823283,1.7,0.339999277219033));
#4310=CARTESIAN_POINT('',(-3.88578058618805E-16,1.7,0.34));
#4311=CARTESIAN_POINT('',(0.264217907584347,1.7,0.34));
#4312=CARTESIAN_POINT('',(0.264217907584345,1.7,0.34));
#4313=CARTESIAN_POINT('',(0.264246406028783,1.698829191234,0.339500997554379));
#4314=CARTESIAN_POINT('',(0.264307221069851,1.69630880758785,0.338426801080209));
#4315=CARTESIAN_POINT('',(0.264406748373264,1.69199187477743,0.336586945220845));
#4316=CARTESIAN_POINT('',(0.264493603491779,1.68794761340092,0.334863386551102));
#4317=CARTESIAN_POINT('',(0.264554677207008,1.68488176701289,0.333556894699421));
#4318=CARTESIAN_POINT('',(0.264589368187887,1.6830631636946,0.332781942476449));
#4319=CARTESIAN_POINT('',(0.264615229868662,1.68166470817394,0.332186045266357));
#4320=CARTESIAN_POINT('',(0.26463652351533,1.68047452634519,0.331678914056643));
#4321=CARTESIAN_POINT('',(0.264653514354664,1.67949859746429,0.331263087832722));
#4322=CARTESIAN_POINT('',(0.264663791878388,1.67889765133533,0.331007040369917));
#4323=CARTESIAN_POINT('',(0.264672574418702,1.67837607755863,0.330784815342102));
#4324=CARTESIAN_POINT('',(0.26467909326289,1.67798542360851,0.330618372620324));
#4325=CARTESIAN_POINT('',(0.264690753517058,1.67727995150498,0.330317801744038));
#4326=CARTESIAN_POINT('',(0.264713279982372,1.67588654861696,0.3297241507878));
#4327=CARTESIAN_POINT('',(0.264744121529796,1.67389262171634,0.32887470065232));
#4328=CARTESIAN_POINT('',(0.264778728519883,1.67151153816951,0.32786040340166));
#4329=CARTESIAN_POINT('',(0.264811048240198,1.66913681683061,0.326848912563444));
#4330=CARTESIAN_POINT('',(0.264841061948597,1.6667725321646,0.325841970232965));
#4331=CARTESIAN_POINT('',(0.264868912393231,1.66440765209352,0.32483488634253));
#4332=CARTESIAN_POINT('',(0.264894230695493,1.66208222972777,0.323844719948924));
#4333=CARTESIAN_POINT('',(0.264918532974432,1.65964708397932,0.322807964849251));
#4334=CARTESIAN_POINT('',(0.264947513282698,1.65644550654298,0.321445093033183));
#4335=CARTESIAN_POINT('',(0.264990644348096,1.65083862244406,0.319058827594601));
#4336=CARTESIAN_POINT('',(0.265030262775391,1.64288143001348,0.315673914774784));
#4337=CARTESIAN_POINT('',(0.265041636734247,1.63497098550945,0.312311467193581));
#4338=CARTESIAN_POINT('',(0.265035291736786,1.62947325850503,0.309976128555012));
#4339=CARTESIAN_POINT('',(0.265027574745321,1.62632463967526,0.308639128822232));
#4340=CARTESIAN_POINT('',(0.265019976292542,1.62401045584099,0.307656689944411));
#4341=CARTESIAN_POINT('',(0.265009694148488,1.62153561902625,0.30660631922753));
#4342=CARTESIAN_POINT('',(0.264993295527635,1.61829713636003,0.305232221056844));
#4343=CARTESIAN_POINT('',(0.264957033522053,1.61261412156332,0.30282189995493));
#4344=CARTESIAN_POINT('',(0.264884198840849,1.6045407294198,0.299400790417865));
#4345=CARTESIAN_POINT('',(0.264764014452996,1.59489670324865,0.295319452878141));
#4346=CARTESIAN_POINT('',(0.264612042516006,1.5853043823583,0.291265812097488));
#4347=CARTESIAN_POINT('',(0.264429241597407,1.57576134221375,0.287239275892604));
#4348=CARTESIAN_POINT('',(0.264216642384812,1.56626956434796,0.283241096648107));
#4349=CARTESIAN_POINT('',(0.264015333135652,1.55839783785597,0.279931306348797));
#4350=CARTESIAN_POINT('',(0.263862447606627,1.55291645875368,0.277629888200359));
#4351=CARTESIAN_POINT('',(0.263771335094119,1.5497796322171,0.276313841307597));
#4352=CARTESIAN_POINT('',(0.263702241701295,1.54746072148539,0.275341430264845));
#4353=CARTESIAN_POINT('',(0.263627899984825,1.54502802225148,0.274321831921388));
#4354=CARTESIAN_POINT('',(0.263527480405116,1.54182375435306,0.272979580363328));
#4355=CARTESIAN_POINT('',(0.263344705008695,1.53619707854207,0.270624503056034));
#4356=CARTESIAN_POINT('',(0.26306542259107,1.52816647661497,0.267268904165475));
#4357=CARTESIAN_POINT('',(0.262700894174326,1.51852218065276,0.263248595970232));
#4358=CARTESIAN_POINT('',(0.262176255927872,1.50565996119915,0.257900374125999));
#4359=CARTESIAN_POINT('',(0.261448709049492,1.48957299456672,0.251237954197614));
#4360=CARTESIAN_POINT('',(0.260463335533522,1.47025503171798,0.243284491307983));
#4361=CARTESIAN_POINT('',(0.259368159527796,1.45092241956628,0.235376474715667));
#4362=CARTESIAN_POINT('',(0.258166080975538,1.43157765255458,0.227519340318775));
#4363=CARTESIAN_POINT('',(0.257077012470429,1.41543894899181,0.221014698705396));
#4364=CARTESIAN_POINT('',(0.256156184455383,1.40253465078227,0.215845953278808));
#4365=CARTESIAN_POINT('',(0.255437702567838,1.39281501311235,0.21196968315053));
#4366=CARTESIAN_POINT('',(0.254705809863446,1.38323609550289,0.208166541062092));
#4367=CARTESIAN_POINT('',(0.253692390244282,1.370380647616,0.203085868574757));
#4368=CARTESIAN_POINT('',(0.251833614084525,1.34783812664913,0.194240543392941));
#4369=CARTESIAN_POINT('',(0.249511728557461,1.32189946547372,0.18421824010944));
#4370=CARTESIAN_POINT('',(0.246999567317535,1.29580058305803,0.174310505116386));
#4371=CARTESIAN_POINT('',(0.245021647113656,1.276141949422,0.166940950551411));
#4372=CARTESIAN_POINT('',(0.243297399185707,1.25969569101177,0.1608577606537));
#4373=CARTESIAN_POINT('',(0.242050078126357,1.24813798163119,0.156628362649422));
#4374=CARTESIAN_POINT('',(0.241327794878495,1.24153746701587,0.15422625523722));
#4375=CARTESIAN_POINT('',(0.240776094576928,1.2365418031612,0.152415061629149));
#4376=CARTESIAN_POINT('',(0.240235961293967,1.23169425258497,0.150664180842955));
#4377=CARTESIAN_POINT('',(0.239503397265737,1.22517618498511,0.14831874319246));
#4378=CARTESIAN_POINT('',(0.238206939385369,1.21378767717161,0.144244414875737));
#4379=CARTESIAN_POINT('',(0.236305414362334,1.19748770963435,0.1384818369866));
#4380=CARTESIAN_POINT('',(0.233950654148335,1.17790461119496,0.131673684732858));
#4381=CARTESIAN_POINT('',(0.23071707974797,1.15175271928027,0.122741686402164));
#4382=CARTESIAN_POINT('',(0.227350559254899,1.125547590743,0.114040735961465));
#4383=CARTESIAN_POINT('',(0.224298832762402,1.10255666703451,0.106642604026845));
#4384=CARTESIAN_POINT('',(0.222528993496513,1.08941996731681,0.102484869198458));
#4385=CARTESIAN_POINT('',(0.221182105836228,1.07951633823581,0.0993861508231621));
#4386=CARTESIAN_POINT('',(0.219844650890244,1.06977271121979,0.0963728940111732));
#4387=CARTESIAN_POINT('',(0.218036929256943,1.0567222419453,0.092384624916185));
#4388=CARTESIAN_POINT('',(0.214834762765228,1.03390129299611,0.0855383890997586));
#4389=CARTESIAN_POINT('',(0.211087119033132,1.00780585227398,0.078009990157276));
#4390=CARTESIAN_POINT('',(0.20726224253998,0.981660574823361,0.0707871041332865));
#4391=CARTESIAN_POINT('',(0.204388698007888,0.962212290868228,0.0655768141276428));
#4392=CARTESIAN_POINT('',(0.201990466803448,0.94610678126318,0.0613986571325494));
#4393=CARTESIAN_POINT('',(0.200070559479107,0.93326836007319,0.0581515658867998));
#4394=CARTESIAN_POINT('',(0.19863897570862,0.923717968939921,0.0557775429265024));
#4395=CARTESIAN_POINT('',(0.197182188044201,0.914015684790539,0.0534087810516631));
#4396=CARTESIAN_POINT('',(0.195253307794606,0.901181819456474,0.0503335552804313));
#4397=CARTESIAN_POINT('',(0.192848386115984,0.885192861504438,0.0466110426601039));
#4398=CARTESIAN_POINT('',(0.1904610247216,0.869304723541042,0.0430589390971715));
#4399=CARTESIAN_POINT('',(0.188802684054871,0.858243635873902,0.0406635999785483));
#4400=CARTESIAN_POINT('',(0.187856263529779,0.851921582787047,0.039317032987751));
#4401=CARTESIAN_POINT('',(0.187155208477277,0.84723337561203,0.0383294534945679));
#4402=CARTESIAN_POINT('',(0.186429876167092,0.842376789214593,0.0373181135693279));
#4403=CARTESIAN_POINT('',(0.185477800672096,0.835992768300333,0.0360044717863051));
#4404=CARTESIAN_POINT('',(0.183821304737708,0.824858160753409,0.0337540028088749));
#4405=CARTESIAN_POINT('',(0.181964676644025,0.812301619982628,0.0313089286304065));
#4406=CARTESIAN_POINT('',(0.180145807465954,0.799895932501403,0.0289843173599219));
#4407=CARTESIAN_POINT('',(0.179025930908975,0.792207947268536,0.0275816130795687));
#4408=CARTESIAN_POINT('',(0.178140486932405,0.786095857873448,0.0264890113029651));
#4409=CARTESIAN_POINT('',(0.177481983522732,0.781532613681583,0.0256845384667695));
#4410=CARTESIAN_POINT('',(0.176937194908189,0.777741810931631,0.0250256256995195));
#4411=CARTESIAN_POINT('',(0.17655950112283,0.77510521798044,0.02457219471839));
#4412=CARTESIAN_POINT('',(0.176342500066231,0.773587822637676,0.0243126651535965));
#4413=CARTESIAN_POINT('',(0.17618541002374,0.772488185402365,0.024125237445633));
#4414=CARTESIAN_POINT('',(0.176008397033276,0.77124759347946,0.0239145814671764));
#4415=CARTESIAN_POINT('',(0.175780082071493,0.769645313435878,0.0236436130011523));
#4416=CARTESIAN_POINT('',(0.175378796716073,0.766823725180138,0.023169212858569));
#4417=CARTESIAN_POINT('',(0.174811809817938,0.762820905680946,0.0225042179650618));
#4418=CARTESIAN_POINT('',(0.174138099355722,0.758037795923249,0.0217222491198676));
#4419=CARTESIAN_POINT('',(0.173250145493983,0.751696074397029,0.0207022914380077));
#4420=CARTESIAN_POINT('',(0.172159329571415,0.743831961030249,0.0194688102078944));
#4421=CARTESIAN_POINT('',(0.170456460591953,0.731385561762114,0.0175824694093063));
#4422=CARTESIAN_POINT('',(0.168409879814555,0.716082192229779,0.0153850969602574));
#4423=CARTESIAN_POINT('',(0.166092911778906,0.698125990589942,0.0129958227899497));
#4424=CARTESIAN_POINT('',(0.163921977701429,0.680577738851669,0.0108445635332811));
#4425=CARTESIAN_POINT('',(0.162240065350113,0.666294387043002,0.0092421185308393));
#4426=CARTESIAN_POINT('',(0.160973876505613,0.655071788274077,0.0080693976101327));
#4427=CARTESIAN_POINT('',(0.160216184249003,0.648142990475522,0.0073809516258072));
#4428=CARTESIAN_POINT('',(0.159630512763955,0.642650498197254,0.0068562183766612));
#4429=CARTESIAN_POINT('',(0.159201751822554,0.638558104201581,0.00647567064567597));
#4430=CARTESIAN_POINT('',(0.158852688125719,0.635164489995473,0.00616875491584548));
#4431=CARTESIAN_POINT('',(0.158613834982221,0.632809105358875,0.00596018499769525));
#4432=CARTESIAN_POINT('',(0.158477271185525,0.631452359413962,0.00584135493051577));
#4433=CARTESIAN_POINT('',(0.158379438267605,0.630475849366949,0.00575641368697825));
#4434=CARTESIAN_POINT('',(0.158267246819469,0.629350127738283,0.00565923875798849));
#4435=CARTESIAN_POINT('',(0.158123963563166,0.627904091213097,0.00553545108585923));
#4436=CARTESIAN_POINT('',(0.15787346378192,0.625354990093439,0.00531982153549033));
#4437=CARTESIAN_POINT('',(0.157524648117686,0.621743357113366,0.00502179223623826));
#4438=CARTESIAN_POINT('',(0.157118017678604,0.61743129885376,0.0046777354295202));
#4439=CARTESIAN_POINT('',(0.156592816604235,0.611720330713234,0.00423766204359385));
#4440=CARTESIAN_POINT('',(0.155967926112506,0.604649452802397,0.00372175521202764));
#4441=CARTESIAN_POINT('',(0.155269424195039,0.596274314173093,0.0031560384500614));
#4442=CARTESIAN_POINT('',(0.154622869052131,0.588008692667882,0.00264221344889625));
#4443=CARTESIAN_POINT('',(0.154127872747209,0.581212255183808,0.0022560780843915));
#4444=CARTESIAN_POINT('',(0.153758404669336,0.575829579500985,0.00197165395165035));
#4445=CARTESIAN_POINT('',(0.153494704883137,0.571821024781238,0.00177044889362477));
#4446=CARTESIAN_POINT('',(0.153285938898921,0.568500172669951,0.00161254356820073));
#4447=CARTESIAN_POINT('',(0.153146066070881,0.566193959174406,0.00150740685458426));
#4448=CARTESIAN_POINT('',(0.153067248301992,0.564869591842328,0.00144835003520297));
#4449=CARTESIAN_POINT('',(0.153010608101615,0.563906091227112,0.00140599343015301));
#4450=CARTESIAN_POINT('',(0.152948589167531,0.562837046394488,0.00135972072181099));
#4451=CARTESIAN_POINT('',(0.152869308709977,0.561451044328737,0.00130072564317465));
#4452=CARTESIAN_POINT('',(0.152732743971223,0.559013499166424,0.00119948715248012));
#4453=CARTESIAN_POINT('',(0.15254734286139,0.555555705214282,0.00106312053645177));
#4454=CARTESIAN_POINT('',(0.152339341606179,0.551426966575665,0.000911720114631144));
#4455=CARTESIAN_POINT('',(0.152081772605676,0.545956023842997,0.000726241341614381));
#4456=CARTESIAN_POINT('',(0.151796831745279,0.539178166492148,0.000524576971723043));
#4457=CARTESIAN_POINT('',(0.15142052267655,0.528464634863214,0.000264602258140588));
#4458=CARTESIAN_POINT('',(0.151100314146991,0.515317907375842,5.38438339036613E-5));
#4459=CARTESIAN_POINT('',(0.151006174749879,0.505062320348152,0.));
#4460=CARTESIAN_POINT('',(0.151,0.5,0.));
#4461=CARTESIAN_POINT('',(-3.77475828372553E-16,1.7,0.35));
#4462=CARTESIAN_POINT('',(-0.272955324933176,1.7,0.351158264239058));
#4463=CARTESIAN_POINT('',(-0.272955324184615,1.7,0.351799687013269));
#4464=CARTESIAN_POINT('',(-0.272894748539346,1.7,0.352716902072149));
#4465=CARTESIAN_POINT('',(-0.272721821104155,1.7,0.353697359632445));
#4466=CARTESIAN_POINT('',(-0.272589504252654,1.7,0.354244605754938));
#4467=CARTESIAN_POINT('',(-0.2724853003747,1.7,0.35461390390403));
#4468=CARTESIAN_POINT('',(-0.272327921561883,1.7,0.355083728770619));
#4469=CARTESIAN_POINT('',(-0.272103198441761,1.7,0.355644173458614));
#4470=CARTESIAN_POINT('',(-0.271635064585842,1.7,0.356579799481708));
#4471=CARTESIAN_POINT('',(-0.270769698570712,1.7,0.357723338722603));
#4472=CARTESIAN_POINT('',(-0.26964115233722,1.7,0.358621766491816));
#4473=CARTESIAN_POINT('',(-0.268719089752019,1.7,0.359105653638087));
#4474=CARTESIAN_POINT('',(-0.268164803614026,1.7,0.359339136269632));
#4475=CARTESIAN_POINT('',(-0.267702620645755,1.7,0.359502178128532));
#4476=CARTESIAN_POINT('',(-0.267329084241012,1.7,0.35961329585054));
#4477=CARTESIAN_POINT('',(-0.266779585651842,1.7,0.359752943459501));
#4478=CARTESIAN_POINT('',(-0.265791762582498,1.7,0.359936025906527));
#4479=CARTESIAN_POINT('',(-0.264866212792471,1.7,0.360000011080614));
#4480=CARTESIAN_POINT('',(-0.264217907586391,1.7,0.360000010628187));
#4481=CARTESIAN_POINT('',(0.264217907583317,1.7,0.360000010628187));
#4482=CARTESIAN_POINT('',(0.26485934289178,1.7,0.360000011075839));
#4483=CARTESIAN_POINT('',(0.265775910731643,1.7,0.35993726925711));
#4484=CARTESIAN_POINT('',(0.26675482260362,1.7,0.359758034490657));
#4485=CARTESIAN_POINT('',(0.267300531091542,1.7,0.359621017624789));
#4486=CARTESIAN_POINT('',(0.267669527193644,1.7,0.359512784241201));
#4487=CARTESIAN_POINT('',(0.26813508058358,1.7,0.359350693810123));
#4488=CARTESIAN_POINT('',(0.268691146864033,1.7,0.359118954802254));
#4489=CARTESIAN_POINT('',(0.269617428443029,1.7,0.358637722138811));
#4490=CARTESIAN_POINT('',(0.27075335387201,1.7,0.357740048140743));
#4491=CARTESIAN_POINT('',(0.271619436672125,1.7,0.356603960590602));
#4492=CARTESIAN_POINT('',(0.272090177315189,1.7,0.355672606229812));
#4493=CARTESIAN_POINT('',(0.272316609906504,1.7,0.35511395867075));
#4494=CARTESIAN_POINT('',(0.272474924643455,1.7,0.354647556164774));
#4495=CARTESIAN_POINT('',(0.27258194915377,1.7,0.35427361968968));
#4496=CARTESIAN_POINT('',(0.272716840312248,1.7,0.353722504967977));
#4497=CARTESIAN_POINT('',(0.272893531960503,1.7,0.352732974067509));
#4498=CARTESIAN_POINT('',(0.272955324193772,1.7,0.351806646043627));
#4499=CARTESIAN_POINT('',(0.272955324931524,1.7,0.35115826396512));
#4500=CARTESIAN_POINT('',(0.272955324932256,1.7,0.348841735909948));
#4501=CARTESIAN_POINT('',(0.272955324193857,1.7,0.348200313125264));
#4502=CARTESIAN_POINT('',(0.272894748562399,1.7,0.347283098051948));
#4503=CARTESIAN_POINT('',(0.27272182114085,1.7,0.346302640477693));
#4504=CARTESIAN_POINT('',(0.272589504296398,1.7,0.345755394347296));
#4505=CARTESIAN_POINT('',(0.272485300423465,1.7,0.345386096194383));
#4506=CARTESIAN_POINT('',(0.272327921614968,1.7,0.344916271317608));
#4507=CARTESIAN_POINT('',(0.272103198499776,1.7,0.344355826619014));
#4508=CARTESIAN_POINT('',(0.271635064650167,1.7,0.343420200577763));
#4509=CARTESIAN_POINT('',(0.270769698638129,1.7,0.342276661316619));
#4510=CARTESIAN_POINT('',(0.269641152397304,1.7,0.341378233530601));
#4511=CARTESIAN_POINT('',(0.268719089802084,1.7,0.340894346375435));
#4512=CARTESIAN_POINT('',(0.26816480365748,1.7,0.340660863739705));
#4513=CARTESIAN_POINT('',(0.26770262068211,1.7,0.340497821877576));
#4514=CARTESIAN_POINT('',(0.267329084275145,1.7,0.340386704154536));
#4515=CARTESIAN_POINT('',(0.266779585680559,1.7,0.340247056543742));
#4516=CARTESIAN_POINT('',(0.265791762601049,1.7,0.340063974094485));
#4517=CARTESIAN_POINT('',(0.264866212799337,1.7,0.339999988919481));
#4518=CARTESIAN_POINT('',(0.264217907584345,1.7,0.339999989371813));
#4519=CARTESIAN_POINT('',(-0.264468626823283,1.7,0.339998554438066));
#4520=CARTESIAN_POINT('',(-0.265085025369084,1.7,0.339998561254878));
#4521=CARTESIAN_POINT('',(-0.265962876326279,1.7,0.340059163056013));
#4522=CARTESIAN_POINT('',(-0.267064938872244,1.7,0.340271093001375));
#4523=CARTESIAN_POINT('',(-0.267807106431132,1.7,0.340475715448291));
#4524=CARTESIAN_POINT('',(-0.268665601247855,1.7,0.34080556801922));
#4525=CARTESIAN_POINT('',(-0.269657484991365,1.7,0.341328801226189));
#4526=CARTESIAN_POINT('',(-0.27075406328444,1.7,0.342176247749302));
#4527=CARTESIAN_POINT('',(-0.271616438805283,1.7,0.343277990658383));
#4528=CARTESIAN_POINT('',(-0.272144486478902,1.7,0.344271320610965));
#4529=CARTESIAN_POINT('',(-0.272478477626786,1.7,0.345134990651299));
#4530=CARTESIAN_POINT('',(-0.272682823908966,1.7,0.345872707431001));
#4531=CARTESIAN_POINT('',(-0.272895626905537,1.7,0.346972329524476));
#4532=CARTESIAN_POINT('',(-0.272956275289231,1.7,0.34784768838605));
#4533=CARTESIAN_POINT('',(-0.272956265584657,1.7,0.348462641689322));
#4534=CARTESIAN_POINT('',(0.5,0.5,0.349));
#4535=CARTESIAN_POINT('',(0.5,0.501551412900005,0.348997904323813));
#4536=CARTESIAN_POINT('',(0.499998354042708,0.502859051712652,0.348994619361332));
#4537=CARTESIAN_POINT('',(0.499995428735987,0.504455642490308,0.348985146432697));
#4538=CARTESIAN_POINT('',(0.499994437536032,0.504905426862618,0.348981147951149));
#4539=CARTESIAN_POINT('',(0.499991928178848,0.505900539127903,0.348972161186565));
#4540=CARTESIAN_POINT('',(0.499990435475536,0.506424084041438,0.348967137579777));
#4541=CARTESIAN_POINT('',(0.499985073263665,0.508072623907187,0.34895071998259));
#4542=CARTESIAN_POINT('',(0.499980175290463,0.509297923240543,0.348938179630297));
#4543=CARTESIAN_POINT('',(0.499968260999741,0.511730724965591,0.348909217738882));
#4544=CARTESIAN_POINT('',(0.499961162221965,0.512967327033311,0.348892910669526));
#4545=CARTESIAN_POINT('',(0.499936722612678,0.516667621233527,0.348838183499471));
#4546=CARTESIAN_POINT('',(0.499916384641657,0.519106569780018,0.348793754515398));
#4547=CARTESIAN_POINT('',(0.49986843579727,0.523913325865218,0.348688210984503));
#4548=CARTESIAN_POINT('',(0.499840470190801,0.526318785172258,0.3486275891048));
#4549=CARTESIAN_POINT('',(0.499679694744986,0.538416975089458,0.348287454970076));
#4550=CARTESIAN_POINT('',(0.499484407820868,0.548261376439106,0.347896348331055));
#4551=CARTESIAN_POINT('',(0.498954423924131,0.568181403319152,0.346906515888094));
#4552=CARTESIAN_POINT('',(0.498619487827446,0.578276269411888,0.346308121729982));
#4553=CARTESIAN_POINT('',(0.497801151079092,0.598758644717843,0.344938593969028));
#4554=CARTESIAN_POINT('',(0.497318036682609,0.609141984937982,0.344167058532215));
#4555=CARTESIAN_POINT('',(0.495627672059942,0.640834224451614,0.341652871240109));
#4556=CARTESIAN_POINT('',(0.494179741517971,0.662654262421257,0.339709989618974));
#4557=CARTESIAN_POINT('',(0.490575231178546,0.707585133193742,0.335569382256565));
#4558=CARTESIAN_POINT('',(0.488418113002378,0.730700466245219,0.333372479166208));
#4559=CARTESIAN_POINT('',(0.483347796962543,0.778112417875607,0.328980677726202));
#4560=CARTESIAN_POINT('',(0.480433212365464,0.802418321626967,0.326787860231563));
#4561=CARTESIAN_POINT('',(0.475482512053375,0.839626511572554,0.323661036666289));
#4562=CARTESIAN_POINT('',(0.47373561550501,0.852156846911431,0.322646118614989));
#4563=CARTESIAN_POINT('',(0.470055021765719,0.877413078586994,0.320685607478649));
#4564=CARTESIAN_POINT('',(0.468121090749532,0.890141166136659,0.319740348348183));
#4565=CARTESIAN_POINT('',(0.462043178193447,0.92859508518631,0.317038295564753));
#4566=CARTESIAN_POINT('',(0.457622248281375,0.954590861475019,0.315416623115638));
#4567=CARTESIAN_POINT('',(0.448089034972793,1.00712579228659,0.31265181836215));
#4568=CARTESIAN_POINT('',(0.442976194062666,1.03366806201628,0.311509573648347));
#4569=CARTESIAN_POINT('',(0.426711997131057,1.11381604752701,0.308908955454225));
#4570=CARTESIAN_POINT('',(0.414658271103803,1.16781112058385,0.308246920012183));
#4571=CARTESIAN_POINT('',(0.395257271527551,1.24902132742887,0.30914242590761));
#4572=CARTESIAN_POINT('',(0.388570490470252,1.27613197398685,0.309754229033797));
#4573=CARTESIAN_POINT('',(0.374860814122694,1.33029965788862,0.311609232960687));
#4574=CARTESIAN_POINT('',(0.367837013564526,1.35736122566049,0.312853698768356));
#4575=CARTESIAN_POINT('',(0.346392303730369,1.4383887429878,0.317568578625256));
#4576=CARTESIAN_POINT('',(0.331595713987573,1.49220766852785,0.322024669049743));
#4577=CARTESIAN_POINT('',(0.309201557307879,1.57223349642921,0.330748102241629));
#4578=CARTESIAN_POINT('',(0.301700376467812,1.59880326684437,0.334000393261828));
#4579=CARTESIAN_POINT('',(0.290450592180233,1.63848496419428,0.33942217675982));
#4580=CARTESIAN_POINT('',(0.286702770224516,1.65167703076996,0.341317346116966));
#4581=CARTESIAN_POINT('',(0.281090785010801,1.67141163463527,0.344296149229584));
#4582=CARTESIAN_POINT('',(0.279221735933288,1.67798095343398,0.345311773546411));
#4583=CARTESIAN_POINT('',(0.275487938218818,1.69110177204776,0.347389195507109));
#4584=CARTESIAN_POINT('',(0.273623912703042,1.69765081186261,0.348458576382991));
#4585=CARTESIAN_POINT('',(0.271760012120988,1.7041998121912,0.349526401322726));
#4586=CARTESIAN_POINT('',(0.5,0.5,0.));
#4587=CARTESIAN_POINT('',(0.500000000000512,0.501971357670751,1.86132767263169E-13));
#4588=CARTESIAN_POINT('',(0.499997463860637,0.503632002648796,3.91152567656517E-6));
#4589=CARTESIAN_POINT('',(0.499992960978393,0.505658992568233,1.08550723864422E-5));
#4590=CARTESIAN_POINT('',(0.499991435603023,0.50622991696472,1.32071311516457E-5));
#4591=CARTESIAN_POINT('',(0.499987575067627,0.507492833416292,1.91595656353216E-5));
#4592=CARTESIAN_POINT('',(0.499985279116912,0.508157160925019,2.26994717085939E-5));
#4593=CARTESIAN_POINT('',(0.499977034359228,0.510248553516302,3.54104301256905E-5));
#4594=CARTESIAN_POINT('',(0.499969506871401,0.511802402275624,4.701457477334E-5));
#4595=CARTESIAN_POINT('',(0.499951212359238,0.514885973975931,7.52123070915775E-5));
#4596=CARTESIAN_POINT('',(0.499940318599733,0.516452623382599,9.20012656943455E-5));
#4597=CARTESIAN_POINT('',(0.4999028459296,0.521138103243634,0.000149743454695797));
#4598=CARTESIAN_POINT('',(0.499871699817578,0.524223200199794,0.000197726476800171));
#4599=CARTESIAN_POINT('',(0.499798407667466,0.530296695721805,0.000310601556058325));
#4600=CARTESIAN_POINT('',(0.499755718265353,0.53333271157287,0.000376330724199389));
#4601=CARTESIAN_POINT('',(0.499510771792503,0.548583683135803,0.000753351119598458));
#4602=CARTESIAN_POINT('',(0.499214483308738,0.560933835274037,0.00120905848092814));
#4603=CARTESIAN_POINT('',(0.498419509734363,0.585761286281678,0.00242957269824714));
#4604=CARTESIAN_POINT('',(0.497920467170198,0.598262859642866,0.00319492441711412));
#4605=CARTESIAN_POINT('',(0.496716111059554,0.623429686951895,0.00503867797720868));
#4606=CARTESIAN_POINT('',(0.496011215239605,0.636089904654451,0.00611643759844582));
#4607=CARTESIAN_POINT('',(0.493577631846192,0.674388073017243,0.00983067509360624));
#4608=CARTESIAN_POINT('',(0.491530064018781,0.700301161881253,0.0129479281884983));
#4609=CARTESIAN_POINT('',(0.486599205962451,0.752548343223673,0.0204270228653504));
#4610=CARTESIAN_POINT('',(0.483715852491075,0.778887654626005,0.0247888417602358));
#4611=CARTESIAN_POINT('',(0.477165828423166,0.831738771425693,0.0346675274797895));
#4612=CARTESIAN_POINT('',(0.473498015629659,0.858261444270691,0.0401861054306456));
#4613=CARTESIAN_POINT('',(0.467472701516617,0.89800778269591,0.0492316459754819));
#4614=CARTESIAN_POINT('',(0.465376642804801,0.911254117198506,0.0523753645289211));
#4615=CARTESIAN_POINT('',(0.46102812697146,0.937682407457902,0.0588917691397348));
#4616=CARTESIAN_POINT('',(0.458775362848939,0.950866927966287,0.0622649230227047));
#4617=CARTESIAN_POINT('',(0.4518003189134,0.99031638831367,0.0727018875583899));
#4618=CARTESIAN_POINT('',(0.44686140185221,1.01647621943032,0.0800829750255325));
#4619=CARTESIAN_POINT('',(0.436506084303614,1.06845927064935,0.0955475743923619));
#4620=CARTESIAN_POINT('',(0.431089027445538,1.09428654856021,0.103632151848819));
#4621=CARTESIAN_POINT('',(0.414269440388293,1.17119793248846,0.128729314255693));
#4622=CARTESIAN_POINT('',(0.40233458207075,1.22157970661582,0.146532591546307));
#4623=CARTESIAN_POINT('',(0.38374858500091,1.29617685452453,0.174278160169048));
#4624=CARTESIAN_POINT('',(0.377436871471704,1.32088355946346,0.183703487716313));
#4625=CARTESIAN_POINT('',(0.364644170310851,1.36999261223389,0.20281440409681));
#4626=CARTESIAN_POINT('',(0.35816200950116,1.39439965491846,0.212501749318224));
#4627=CARTESIAN_POINT('',(0.33851779538025,1.46729007557798,0.241869875449232));
#4628=CARTESIAN_POINT('',(0.325155128675661,1.51545912866344,0.261861287265049));
#4629=CARTESIAN_POINT('',(0.304945482384992,1.58735335053699,0.292107944955123));
#4630=CARTESIAN_POINT('',(0.298178005286898,1.61126817949635,0.302238331250541));
#4631=CARTESIAN_POINT('',(0.287999942439906,1.64712316902528,0.317475557158424));
#4632=CARTESIAN_POINT('',(0.28460459086839,1.65906553691219,0.322558863720129));
#4633=CARTESIAN_POINT('',(0.279509834504863,1.67697277939697,0.330186601178757));
#4634=CARTESIAN_POINT('',(0.277811282734991,1.68294083616909,0.332729655441541));
#4635=CARTESIAN_POINT('',(0.274413981071701,1.69487620113209,0.337816134680453));
#4636=CARTESIAN_POINT('',(0.272715183957914,1.7008434544391,0.340359483195565));
#4637=CARTESIAN_POINT('',(0.271016729781008,1.70681120346308,0.342902953537415));
#4638=CARTESIAN_POINT('',(0.151,0.5,0.));
#4639=CARTESIAN_POINT('',(0.151002095671502,0.501718119874654,0.));
#4640=CARTESIAN_POINT('',(0.151006286486152,0.503165772498696,3.02206606652591E-6));
#4641=CARTESIAN_POINT('',(0.151017368807747,0.504933001732684,8.38932203666214E-6));
#4642=CARTESIAN_POINT('',(0.151021912566788,0.505430800964204,1.02076405613549E-5));
#4643=CARTESIAN_POINT('',(0.151032279637502,0.506532035327888,1.48100007304586E-5));
#4644=CARTESIAN_POINT('',(0.15103812426576,0.507111354521389,1.75473167850923E-5));
#4645=CARTESIAN_POINT('',(0.151057490855707,0.50893528976072,2.73780982466802E-5));
#4646=CARTESIAN_POINT('',(0.151072724476757,0.510290643724646,3.63549002050278E-5));
#4647=CARTESIAN_POINT('',(0.151108235843413,0.51298087872158,5.81777656589833E-5));
#4648=CARTESIAN_POINT('',(0.151128444461607,0.514347960387656,7.11749629892411E-5));
#4649=CARTESIAN_POINT('',(0.151196600090678,0.518437481007265,0.000115895388920004));
#4650=CARTESIAN_POINT('',(0.151252199482182,0.521131373457834,0.000153079910368388));
#4651=CARTESIAN_POINT('',(0.151384062536039,0.526437290401044,0.000240635733517851));
#4652=CARTESIAN_POINT('',(0.151460028376204,0.529090896751521,0.000291655683897253));
#4653=CARTESIAN_POINT('',(0.151888321477276,0.542428152874961,0.000584594743224673));
#4654=CARTESIAN_POINT('',(0.152386368717489,0.553251919537829,0.000939422157702873));
#4655=CARTESIAN_POINT('',(0.15366542451334,0.57507845719261,0.00189544685430448));
#4656=CARTESIAN_POINT('',(0.154446231669405,0.586102451948384,0.00249707163965285));
#4657=CARTESIAN_POINT('',(0.156259853330554,0.608381450274675,0.00395606510164116));
#4658=CARTESIAN_POINT('',(0.157292914540256,0.619631960264479,0.0048129232221211));
#4659=CARTESIAN_POINT('',(0.160718751089625,0.653822453062379,0.00778778672287877));
#4660=CARTESIAN_POINT('',(0.163438673576155,0.677165677246793,0.0103095944612333));
#4661=CARTESIAN_POINT('',(0.169497044133501,0.724777241588339,0.0164763370618191));
#4662=CARTESIAN_POINT('',(0.172834892845646,0.749050589130008,0.0201217672569507));
#4663=CARTESIAN_POINT('',(0.179886553987536,0.798379609910019,0.0285472530007726));
#4664=CARTESIAN_POINT('',(0.183598962813611,0.823445345375991,0.0333292826093313));
#4665=CARTESIAN_POINT('',(0.189287695635669,0.861496676073174,0.0413296171424622));
#4666=CARTESIAN_POINT('',(0.191203783486771,0.874259021253396,0.0441346924456556));
#4667=CARTESIAN_POINT('',(0.195056695461498,0.899883190547181,0.0500052772491762));
#4668=CARTESIAN_POINT('',(0.196993309126847,0.912747345668739,0.0530711817424976));
#4669=CARTESIAN_POINT('',(0.202801288605694,0.95147369679506,0.0626467119810578));
#4670=CARTESIAN_POINT('',(0.206669729824911,0.977469771995216,0.0695348813840828));
#4671=CARTESIAN_POINT('',(0.214252516807946,1.02969498652539,0.0842258985045436));
#4672=CARTESIAN_POINT('',(0.217966264469847,1.05592755123174,0.0920296792040949));
#4673=CARTESIAN_POINT('',(0.228709440802478,1.13476960100437,0.116633019561913));
#4674=CARTESIAN_POINT('',(0.235357880747116,1.1873924576339,0.134583582369183));
#4675=CARTESIAN_POINT('',(0.244040167277172,1.26614573614138,0.163154735942863));
#4676=CARTESIAN_POINT('',(0.246720754889522,1.29237041395546,0.172953510113379));
#4677=CARTESIAN_POINT('',(0.251602050961385,1.34468319149574,0.19296803154293));
#4678=CARTESIAN_POINT('',(0.253801987053564,1.37077586648893,0.203185267245001));
#4679=CARTESIAN_POINT('',(0.259589080216179,1.4488414720776,0.23430583026291));
#4680=CARTESIAN_POINT('',(0.262360504084841,1.50061402073091,0.255681789399424));
#4681=CARTESIAN_POINT('',(0.264573260847977,1.57769776426137,0.288029297865224));
#4682=CARTESIAN_POINT('',(0.264983845123065,1.6033075993287,0.298863964724624));
#4683=CARTESIAN_POINT('',(0.265057987060289,1.64160609301996,0.315128885851815));
#4684=CARTESIAN_POINT('',(0.264994175911993,1.65434651759839,0.320550003936739));
#4685=CARTESIAN_POINT('',(0.264758609757707,1.67342080504072,0.328673350802336));
#4686=CARTESIAN_POINT('',(0.264656765934997,1.67977287435347,0.331379760478455));
#4687=CARTESIAN_POINT('',(0.264405211812724,1.69246539969021,0.33678862966063));
#4688=CARTESIAN_POINT('',(0.264247519692552,1.69880444489289,0.339490451249472));
#4689=CARTESIAN_POINT('',(0.264091799729657,1.70514329769871,0.342192089470521));
#4690=CARTESIAN_POINT('',(0.5,0.5,0.349));
#4691=CARTESIAN_POINT('',(0.5,0.5,0.116333333333333));
#4692=CARTESIAN_POINT('',(0.383666666666667,0.5,0.));
#4693=CARTESIAN_POINT('',(0.151,0.5,0.));
#4694=CARTESIAN_POINT('',(0.151,0.5,0.7));
#4695=CARTESIAN_POINT('',(0.151002095671353,0.501718119898286,0.7));
#4696=CARTESIAN_POINT('',(0.151006286486334,0.503165772467338,0.699996977934029));
#4697=CARTESIAN_POINT('',(0.15101736880765,0.50493300174837,0.699991610677916));
#4698=CARTESIAN_POINT('',(0.151021912566723,0.505430800989644,0.699989792359333));
#4699=CARTESIAN_POINT('',(0.151032279637553,0.506532035302605,0.699985189999376));
#4700=CARTESIAN_POINT('',(0.151038124265805,0.507111354491849,0.699982452683374));
#4701=CARTESIAN_POINT('',(0.151057490855578,0.508935289819827,0.699972621901435));
#4702=CARTESIAN_POINT('',(0.151072724476519,0.510290643776352,0.699963645099376));
#4703=CARTESIAN_POINT('',(0.151108235843593,0.512980878669794,0.699941822234761));
#4704=CARTESIAN_POINT('',(0.151128444460947,0.514347960421597,0.69992882503664));
#4705=CARTESIAN_POINT('',(0.151196600091833,0.518437480939288,0.699884104611824));
#4706=CARTESIAN_POINT('',(0.151252199481671,0.521131373504365,0.699846920088864));
#4707=CARTESIAN_POINT('',(0.151384062536273,0.526437290354515,0.69975936426725));
#4708=CARTESIAN_POINT('',(0.151460028375558,0.529090896773485,0.699708344315621));
#4709=CARTESIAN_POINT('',(0.151888321478491,0.542428152787098,0.699415405258705));
#4710=CARTESIAN_POINT('',(0.152386368715954,0.553251919609245,0.699060577839169));
#4711=CARTESIAN_POINT('',(0.153665424511432,0.5750784571211,0.698104553148828));
#4712=CARTESIAN_POINT('',(0.154446231665093,0.586102451904863,0.697502928363195));
#4713=CARTESIAN_POINT('',(0.15625985332438,0.608381450317517,0.696043934895556));
#4714=CARTESIAN_POINT('',(0.157292914532642,0.619631960285867,0.695187076776012));
#4715=CARTESIAN_POINT('',(0.160718751073632,0.65382245301694,0.692212213281088));
#4716=CARTESIAN_POINT('',(0.163438673543963,0.67716567724499,0.689690405538975));
#4717=CARTESIAN_POINT('',(0.16949704413555,0.724777241586499,0.683523662938445));
#4718=CARTESIAN_POINT('',(0.172834892835491,0.749050589114603,0.679878232745678));
#4719=CARTESIAN_POINT('',(0.179886553994499,0.79837960992499,0.671452746996674));
#4720=CARTESIAN_POINT('',(0.183598962832598,0.823445345398179,0.666670717386005));
#4721=CARTESIAN_POINT('',(0.189287695626172,0.861496676062115,0.658670382859863));
#4722=CARTESIAN_POINT('',(0.191203783496261,0.874259021252479,0.655865307554555));
#4723=CARTESIAN_POINT('',(0.195056695452,0.899883190548141,0.649994722750604));
#4724=CARTESIAN_POINT('',(0.196993309127589,0.912747345661582,0.646928818259273));
#4725=CARTESIAN_POINT('',(0.202801288604198,0.951473696809435,0.637353288015388));
#4726=CARTESIAN_POINT('',(0.206669729834592,0.977469772007852,0.630465118612363));
#4727=CARTESIAN_POINT('',(0.21425251679826,1.02969498651279,0.615774101499));
#4728=CARTESIAN_POINT('',(0.217966264455708,1.05592755124045,0.607970320793187));
#4729=CARTESIAN_POINT('',(0.228709440830768,1.13476960098699,0.583366980443509));
#4730=CARTESIAN_POINT('',(0.235357880808171,1.1873924576342,0.565416417630709));
#4731=CARTESIAN_POINT('',(0.24404016724664,1.26614573614125,0.536845264057185));
#4732=CARTESIAN_POINT('',(0.246720754893247,1.29237041394436,0.527046489890869));
#4733=CARTESIAN_POINT('',(0.25160205095766,1.34468319150687,0.507031968452814));
#4734=CARTESIAN_POINT('',(0.253801987024526,1.37077586649114,0.496814732754117));
#4735=CARTESIAN_POINT('',(0.259589080274247,1.44884147207319,0.465694169738847));
#4736=CARTESIAN_POINT('',(0.262360504071441,1.50061402076666,0.444318210585575));
#4737=CARTESIAN_POINT('',(0.264573260854676,1.5776977642435,0.411970702142275));
#4738=CARTESIAN_POINT('',(0.264983845110407,1.60330759932208,0.401136035278191));
#4739=CARTESIAN_POINT('',(0.265057987066616,1.64160609302328,0.384871114146776));
#4740=CARTESIAN_POINT('',(0.264994175916832,1.65434651759548,0.379449996064501));
#4741=CARTESIAN_POINT('',(0.264758609755287,1.67342080504217,0.371326649197044));
#4742=CARTESIAN_POINT('',(0.264656765934811,1.67977287435474,0.368620239521006));
#4743=CARTESIAN_POINT('',(0.26440521181291,1.69246539968894,0.363211370339909));
#4744=CARTESIAN_POINT('',(0.264247519690057,1.69880444489378,0.360509548750149));
#4745=CARTESIAN_POINT('',(0.264091799729696,1.70514329769873,0.357807910529474));
#4746=CARTESIAN_POINT('',(0.5,0.500000000000009,0.7));
#4747=CARTESIAN_POINT('',(0.499999999999907,0.501971357698321,0.699999999999814));
#4748=CARTESIAN_POINT('',(0.49999746385993,0.503632002613233,0.6999960884746));
#4749=CARTESIAN_POINT('',(0.499992960976917,0.505658992587252,0.699989144927472));
#4750=CARTESIAN_POINT('',(0.499991435601044,0.506229916994929,0.699986792868611));
#4751=CARTESIAN_POINT('',(0.499987575064997,0.507492833388519,0.699980840434593));
#4752=CARTESIAN_POINT('',(0.499985279113816,0.508157160892469,0.69997730052854));
#4753=CARTESIAN_POINT('',(0.499977034353968,0.510248553585798,0.699964589569355));
#4754=CARTESIAN_POINT('',(0.499969506864517,0.511802402336212,0.699952985424744));
#4755=CARTESIAN_POINT('',(0.499951212349003,0.514885973919623,0.699924787693357));
#4756=CARTESIAN_POINT('',(0.499940318587582,0.51645262342458,0.699907998733809));
#4757=CARTESIAN_POINT('',(0.499902845907816,0.521138103168346,0.699850256546204));
#4758=CARTESIAN_POINT('',(0.49987169979033,0.524223200256824,0.699802273522663));
#4759=CARTESIAN_POINT('',(0.499798407627003,0.530296695673478,0.699689398444335));
#4760=CARTESIAN_POINT('',(0.499755718216675,0.533332711602587,0.69962366927549));
#4761=CARTESIAN_POINT('',(0.499510771700085,0.548583683045452,0.699246648881022));
#4762=CARTESIAN_POINT('',(0.499214483155793,0.560933835366384,0.698790941515603));
#4763=CARTESIAN_POINT('',(0.49841950954717,0.585761286211693,0.697570427304242));
#4764=CARTESIAN_POINT('',(0.497920466957951,0.598262859612934,0.69680507558702));
#4765=CARTESIAN_POINT('',(0.496716110848053,0.623429687026172,0.694961322015759));
#4766=CARTESIAN_POINT('',(0.496011215083069,0.636089904716714,0.693883562397798));
#4767=CARTESIAN_POINT('',(0.493577631938715,0.674388073048199,0.690169324900408));
#4768=CARTESIAN_POINT('',(0.491530064455332,0.700301162027987,0.687052071801081));
#4769=CARTESIAN_POINT('',(0.486599206879955,0.752548343456721,0.679572977095944));
#4770=CARTESIAN_POINT('',(0.483715853573583,0.778887654903137,0.675211158199204));
#4771=CARTESIAN_POINT('',(0.477165828381409,0.831738771431761,0.665332472512419));
#4772=CARTESIAN_POINT('',(0.47349801562593,0.858261444287121,0.659813894549985));
#4773=CARTESIAN_POINT('',(0.467472701518478,0.898007782687734,0.650768354034195));
#4774=CARTESIAN_POINT('',(0.465376642781714,0.911254117185884,0.647624635472189));
#4775=CARTESIAN_POINT('',(0.461028126994534,0.937682407470569,0.641108230859148));
#4776=CARTESIAN_POINT('',(0.458775362845209,0.950866927955897,0.637735076978775));
#4777=CARTESIAN_POINT('',(0.451800318920844,0.990316388334512,0.627298112438632));
#4778=CARTESIAN_POINT('',(0.446861401849225,1.01647621943633,0.619917024957702));
#4779=CARTESIAN_POINT('',(0.436506084306595,1.06845927064339,0.604452425624392));
#4780=CARTESIAN_POINT('',(0.431089027397879,1.09428654854237,0.596367848142602));
#4781=CARTESIAN_POINT('',(0.414269440483602,1.17119793252417,0.571270685761438));
#4782=CARTESIAN_POINT('',(0.402334582076694,1.22157970657418,0.553467408419421));
#4783=CARTESIAN_POINT('',(0.383748584997937,1.29617685454537,0.525721839848079));
#4784=CARTESIAN_POINT('',(0.377436871560289,1.32088355949923,0.516296512239747));
#4785=CARTESIAN_POINT('',(0.364644170222252,1.36999261219814,0.497185595947122));
#4786=CARTESIAN_POINT('',(0.358162009481793,1.39439965491551,0.487498250681765));
#4787=CARTESIAN_POINT('',(0.338517795418975,1.4672900755839,0.458130124550784));
#4788=CARTESIAN_POINT('',(0.325155128699473,1.51545912874687,0.438138712742374));
#4789=CARTESIAN_POINT('',(0.304945482373086,1.58735335049528,0.407892055041161));
#4790=CARTESIAN_POINT('',(0.298178005269023,1.61126817948446,0.397761668760618));
#4791=CARTESIAN_POINT('',(0.287999942448845,1.64712316903123,0.382524442835996));
#4792=CARTESIAN_POINT('',(0.284604590870622,1.6590655369122,0.377441136278377));
#4793=CARTESIAN_POINT('',(0.279509834503748,1.67697277939697,0.36981339882199));
#4794=CARTESIAN_POINT('',(0.277811282726614,1.68294083616611,0.36727034455734));
#4795=CARTESIAN_POINT('',(0.274413981080079,1.69487620113507,0.362183865320666));
#4796=CARTESIAN_POINT('',(0.272715184222972,1.70084345450765,0.359640516777687));
#4797=CARTESIAN_POINT('',(0.271016729769423,1.70681120345536,0.357097046465877));
#4798=CARTESIAN_POINT('',(0.5,0.5,0.351));
#4799=CARTESIAN_POINT('',(0.5,0.501551412921897,0.351002095676553));
#4800=CARTESIAN_POINT('',(0.499998354042758,0.502859051684632,0.351005380639463));
#4801=CARTESIAN_POINT('',(0.499995428735953,0.504455642505562,0.351014853568727));
#4802=CARTESIAN_POINT('',(0.499994437535966,0.50490542688682,0.351018852050651));
#4803=CARTESIAN_POINT('',(0.499991928178894,0.505900539106129,0.351027838816213));
#4804=CARTESIAN_POINT('',(0.499990435475609,0.506424084016038,0.35103286242334));
#4805=CARTESIAN_POINT('',(0.499985073263468,0.508072623962475,0.351049280022552));
#4806=CARTESIAN_POINT('',(0.499980175290205,0.509297923288873,0.351061820375926));
#4807=CARTESIAN_POINT('',(0.499968260999918,0.511730724921782,0.3510907822719));
#4808=CARTESIAN_POINT('',(0.499961162221697,0.512967327067285,0.351107089340191));
#4809=CARTESIAN_POINT('',(0.499936722612985,0.516667621175083,0.35116181652686));
#4810=CARTESIAN_POINT('',(0.499916384641096,0.519106569826582,0.351206245510567));
#4811=CARTESIAN_POINT('',(0.49986843579745,0.52391332582914,0.351311789056724));
#4812=CARTESIAN_POINT('',(0.499840470190247,0.526318785198212,0.351372410943013));
#4813=CARTESIAN_POINT('',(0.49967969474532,0.538416975024222,0.351712545123339));
#4814=CARTESIAN_POINT('',(0.499484407817811,0.548261376523211,0.352103651821394));
#4815=CARTESIAN_POINT('',(0.498954423922519,0.568181403281094,0.353093484294137));
#4816=CARTESIAN_POINT('',(0.498619487824011,0.578276269409662,0.353691878468108));
#4817=CARTESIAN_POINT('',(0.49780115106851,0.598758644807959,0.355061406240229));
#4818=CARTESIAN_POINT('',(0.497318036670114,0.609141985015058,0.355832941598809));
#4819=CARTESIAN_POINT('',(0.495627672043892,0.640834224479508,0.358347128664192));
#4820=CARTESIAN_POINT('',(0.494179741496358,0.662654262484319,0.360290009903972));
#4821=CARTESIAN_POINT('',(0.49057523116252,0.707585133221116,0.364430616772028));
#4822=CARTESIAN_POINT('',(0.488418112997907,0.730700466233588,0.366627519678883));
#4823=CARTESIAN_POINT('',(0.483347796964322,0.77811241788215,0.371019322326545));
#4824=CARTESIAN_POINT('',(0.480433212362681,0.802418321647887,0.373212139755776));
#4825=CARTESIAN_POINT('',(0.475482512054763,0.839626511562128,0.376338963340035));
#4826=CARTESIAN_POINT('',(0.473735615505666,0.85215684690693,0.377353881403625));
#4827=CARTESIAN_POINT('',(0.470055021765057,0.877413078591536,0.379314392502739));
#4828=CARTESIAN_POINT('',(0.468121090750676,0.890141166129428,0.380259651665587));
#4829=CARTESIAN_POINT('',(0.46204317819115,0.928595085200832,0.382961704407697));
#4830=CARTESIAN_POINT('',(0.45762224827811,0.954590861493017,0.384583376892547));
#4831=CARTESIAN_POINT('',(0.448089034976051,1.00712579226863,0.387348181629652));
#4832=CARTESIAN_POINT('',(0.442976194059611,1.03366806203135,0.388490426393343));
#4833=CARTESIAN_POINT('',(0.426711997137159,1.11381604749692,0.391091044462378));
#4834=CARTESIAN_POINT('',(0.414658271105211,1.16781112057794,0.391753079928246));
#4835=CARTESIAN_POINT('',(0.395257271526843,1.24902132743184,0.390857574122165));
#4836=CARTESIAN_POINT('',(0.388570490471791,1.27613197398076,0.390245770927488));
#4837=CARTESIAN_POINT('',(0.374860814121149,1.33029965789474,0.38839076707803));
#4838=CARTESIAN_POINT('',(0.367837013562166,1.35736122566942,0.387146301271101));
#4839=CARTESIAN_POINT('',(0.346392303735085,1.43838874296995,0.382431421295825));
#4840=CARTESIAN_POINT('',(0.331595713977306,1.49220766856452,0.377975330895156));
#4841=CARTESIAN_POINT('',(0.309201557313011,1.57223349641088,0.369251897785918));
#4842=CARTESIAN_POINT('',(0.301700376467851,1.59880326684419,0.365999606654775));
#4843=CARTESIAN_POINT('',(0.290450592180212,1.63848496419437,0.360577823281873));
#4844=CARTESIAN_POINT('',(0.286702770225295,1.65167703076722,0.358682653865907));
#4845=CARTESIAN_POINT('',(0.281090785010411,1.67141163463665,0.355703850778978));
#4846=CARTESIAN_POINT('',(0.279221735932014,1.67798095343846,0.354688226483737));
#4847=CARTESIAN_POINT('',(0.275487938220091,1.69110177204328,0.352610804462735));
#4848=CARTESIAN_POINT('',(0.273623912714478,1.69765081181575,0.351541423298282));
#4849=CARTESIAN_POINT('',(0.271760012120945,1.7041998121915,0.350473598693153));
#4850=CARTESIAN_POINT('',(0.151,0.5,0.7));
#4851=CARTESIAN_POINT('',(0.383666666666667,0.500000000000006,0.7));
#4852=CARTESIAN_POINT('',(0.5,0.500000000000006,0.583666666666667));
#4853=CARTESIAN_POINT('',(0.5,0.5,0.351));
#4854=CARTESIAN_POINT('',(0.5,-0.7,0.35));
#4855=CARTESIAN_POINT('',(0.5,-0.499999999999795,0.350000000033307));
#4856=CARTESIAN_POINT('',(0.5,-0.300000000000271,0.349875000009968));
#4857=CARTESIAN_POINT('',(0.5,1.3658518760451E-13,0.349593749995016));
#4858=CARTESIAN_POINT('',(0.5,0.0999999999998641,0.349484374995822));
#4859=CARTESIAN_POINT('',(0.5,0.250000000000068,0.34930859375209));
#4860=CARTESIAN_POINT('',(0.5,0.299999999998545,0.349248046875235));
#4861=CARTESIAN_POINT('',(0.5,0.362500000000364,0.349171142578066));
#4862=CARTESIAN_POINT('',(0.5,0.374999999999635,0.349155700684257));
#4863=CARTESIAN_POINT('',(0.5,0.393750000000182,0.349132469176914));
#4864=CARTESIAN_POINT('',(0.5,0.400006690063853,0.34912471389784));
#4865=CARTESIAN_POINT('',(0.5,0.412463119672338,0.349109184265002));
#4866=CARTESIAN_POINT('',(0.5,0.418667754925533,0.349101409912451));
#4867=CARTESIAN_POINT('',(0.5,0.427939347593941,0.349089736938306));
#4868=CARTESIAN_POINT('',(0.5,0.431015854808097,0.349085844039984));
#4869=CARTESIAN_POINT('',(0.5,0.437201569239874,0.349078054904871));
#4870=CARTESIAN_POINT('',(0.5,0.440313503877508,0.349074158668481));
#4871=CARTESIAN_POINT('',(0.5,0.449706531581961,0.349062465667799));
#4872=CARTESIAN_POINT('',(0.5,0.456038655654818,0.349054664611937));
#4873=CARTESIAN_POINT('',(0.5,0.465564282130569,0.349042957305848));
#4874=CARTESIAN_POINT('',(0.5,0.468747542221432,0.349039053917125));
#4875=CARTESIAN_POINT('',(0.5,0.475132697824469,0.349031245708271));
#4876=CARTESIAN_POINT('',(0.5,0.478331012971533,0.34902734088887));
#4877=CARTESIAN_POINT('',(0.5,0.484794515315485,0.349019530296433));
#4878=CARTESIAN_POINT('',(0.5,0.48809373050931,0.349015624523121));
#4879=CARTESIAN_POINT('',(0.5,0.492805704317091,0.349009765505812));
#4880=CARTESIAN_POINT('',(0.5,0.494345715368822,0.349007812440492));
#4881=CARTESIAN_POINT('',(0.5,0.496609763193805,0.349004882797551));
#4882=CARTESIAN_POINT('',(0.5,0.497359304046363,0.349003906242577));
#4883=CARTESIAN_POINT('',(0.5,0.498745940033515,0.349001953124972));
#4884=CARTESIAN_POINT('',(0.5,0.499395065982985,0.349000976562555));
#4885=CARTESIAN_POINT('',(0.5,0.5,0.349));
#4886=CARTESIAN_POINT('',(0.5,-0.7,0.));
#4887=CARTESIAN_POINT('',(0.500000000016653,-0.499999999999795,0.));
#4888=CARTESIAN_POINT('',(0.5,-0.300000000000271,0.));
#4889=CARTESIAN_POINT('',(0.5,1.36640698755741E-13,0.));
#4890=CARTESIAN_POINT('',(0.499999999997224,0.100000000008191,0.));
#4891=CARTESIAN_POINT('',(0.500000000001388,0.249999999995904,0.));
#4892=CARTESIAN_POINT('',(0.5,0.299999999997157,0.));
#4893=CARTESIAN_POINT('',(0.5,0.362500000000711,0.));
#4894=CARTESIAN_POINT('',(0.5,0.374999999999288,0.));
#4895=CARTESIAN_POINT('',(0.5,0.393750000000355,0.));
#4896=CARTESIAN_POINT('',(0.5,0.400006690063853,0.));
#4897=CARTESIAN_POINT('',(0.5,0.412463119672338,0.));
#4898=CARTESIAN_POINT('',(0.5,0.418667754925533,0.));
#4899=CARTESIAN_POINT('',(0.5,0.427939347593941,0.));
#4900=CARTESIAN_POINT('',(0.5,0.431015854808184,0.));
#4901=CARTESIAN_POINT('',(0.5,0.437201569239788,0.));
#4902=CARTESIAN_POINT('',(0.5,0.440313503877595,0.));
#4903=CARTESIAN_POINT('',(0.5,0.449706531581789,0.));
#4904=CARTESIAN_POINT('',(0.5,0.456038655654818,0.));
#4905=CARTESIAN_POINT('',(0.5,0.465564282130569,0.));
#4906=CARTESIAN_POINT('',(0.5,0.468747542221519,0.));
#4907=CARTESIAN_POINT('',(0.5,0.475132697824382,0.));
#4908=CARTESIAN_POINT('',(0.5,0.478331012971533,0.));
#4909=CARTESIAN_POINT('',(0.5,0.484794515315485,0.));
#4910=CARTESIAN_POINT('',(0.5,0.48809373050931,0.));
#4911=CARTESIAN_POINT('',(0.5,0.492805704317091,0.));
#4912=CARTESIAN_POINT('',(0.5,0.494345715368909,0.));
#4913=CARTESIAN_POINT('',(0.5,0.496609763193761,0.));
#4914=CARTESIAN_POINT('',(0.499999999999978,0.49735930404632,0.));
#4915=CARTESIAN_POINT('',(0.500000000000022,0.498745940033558,0.));
#4916=CARTESIAN_POINT('',(0.5,0.499395065982953,0.));
#4917=CARTESIAN_POINT('',(0.5,0.5,0.));
#4918=CARTESIAN_POINT('',(0.15,-0.7,0.));
#4919=CARTESIAN_POINT('',(0.149999999983347,-0.499999999999795,0.));
#4920=CARTESIAN_POINT('',(0.150124999990032,-0.300000000000271,-2.38117538793923E-17));
#4921=CARTESIAN_POINT('',(0.150406250004984,1.36640698755741E-13,1.19058769396961E-17));
#4922=CARTESIAN_POINT('',(0.150515625004178,0.100000000005415,7.94452845235383E-18));
#4923=CARTESIAN_POINT('',(0.15069140624791,0.249999999997292,-3.97226422617692E-18));
#4924=CARTESIAN_POINT('',(0.150751953124765,0.299999999997157,0.));
#4925=CARTESIAN_POINT('',(0.150828857421934,0.362500000000711,0.));
#4926=CARTESIAN_POINT('',(0.150844299315743,0.374999999999288,1.98742328889211E-18));
#4927=CARTESIAN_POINT('',(0.150867530823086,0.393750000000355,-9.93711644446055E-19));
#4928=CARTESIAN_POINT('',(0.15087528610216,0.400006690063853,-9.9031391861302E-19));
#4929=CARTESIAN_POINT('',(0.150890815734998,0.412463119672338,9.9031391861302E-19));
#4930=CARTESIAN_POINT('',(0.150898590087549,0.418667754925533,9.82882034299135E-19));
#4931=CARTESIAN_POINT('',(0.150910263061694,0.427939347593941,-4.91441017149567E-19));
#4932=CARTESIAN_POINT('',(0.150914155960016,0.431015854808271,-4.91827391527143E-19));
#4933=CARTESIAN_POINT('',(0.150921945095129,0.4372015692397,4.91827391527143E-19));
#4934=CARTESIAN_POINT('',(0.150925841331519,0.440313503877509,-9.95822025295057E-19));
#4935=CARTESIAN_POINT('',(0.150937534332202,0.449706531581962,1.99164405059012E-18));
#4936=CARTESIAN_POINT('',(0.150945335388063,0.456038655654818,2.01989494957759E-18));
#4937=CARTESIAN_POINT('',(0.150957042694152,0.465564282130569,-1.0099474747888E-18));
#4938=CARTESIAN_POINT('',(0.150960946082875,0.468747542221606,5.07753070838583E-19));
#4939=CARTESIAN_POINT('',(0.150968754291729,0.475132697824295,-5.07753070838583E-19));
#4940=CARTESIAN_POINT('',(0.150972659111129,0.478331012971533,5.14000521898291E-19));
#4941=CARTESIAN_POINT('',(0.150980469703568,0.484794515315485,-5.14000521898299E-19));
#4942=CARTESIAN_POINT('',(0.150984375476879,0.488093730509136,-4.9963382656876E-19));
#4943=CARTESIAN_POINT('',(0.150990234494188,0.492805704317178,2.49816913284372E-19));
#4944=CARTESIAN_POINT('',(0.150992187559508,0.494345715368822,2.40072189510379E-19));
#4945=CARTESIAN_POINT('',(0.15099511720245,0.496609763193805,-1.2003609475519E-19));
#4946=CARTESIAN_POINT('',(0.150996093757423,0.497359304046277,1.10276667397647E-19));
#4947=CARTESIAN_POINT('',(0.150998046875028,0.498745940033601,-1.10276667397654E-19));
#4948=CARTESIAN_POINT('',(0.150999023437445,0.49939506598292,0.));
#4949=CARTESIAN_POINT('',(0.151,0.5,0.));
#4950=CARTESIAN_POINT('',(0.5,-0.7,0.35));
#4951=CARTESIAN_POINT('',(0.5,-0.7,0.116666666666667));
#4952=CARTESIAN_POINT('',(0.383333333333333,-0.7,0.));
#4953=CARTESIAN_POINT('',(0.15,-0.7,0.));
#4954=CARTESIAN_POINT('',(-0.15,0.5,-5.55111512312578E-17));
#4955=CARTESIAN_POINT('',(-0.150000000000047,0.503650698460746,-5.55111512312578E-17));
#4956=CARTESIAN_POINT('',(-0.150004495756858,0.506892469451697,1.38088660369693E-5));
#4957=CARTESIAN_POINT('',(-0.150023536267334,0.511146265102445,4.26803854157161E-5));
#4958=CARTESIAN_POINT('',(-0.150031916958642,0.512462721548236,5.3699930704425E-5));
#4959=CARTESIAN_POINT('',(-0.150048093815658,0.514285816046029,7.10704021821251E-5));
#4960=CARTESIAN_POINT('',(-0.150054086113108,0.514868249771705,7.70029154075465E-5));
#4961=CARTESIAN_POINT('',(-0.150067351796739,0.515982700381157,8.89696282670176E-5));
#4962=CARTESIAN_POINT('',(-0.150074532999996,0.516534132300514,9.52052392618256E-5));
#4963=CARTESIAN_POINT('',(-0.150112618237995,0.519362961183768,0.000128855420841876));
#4964=CARTESIAN_POINT('',(-0.150150557027372,0.521754909765393,0.000162602696506788));
#4965=CARTESIAN_POINT('',(-0.150217226286176,0.525534829807054,0.000226251243482588));
#4966=CARTESIAN_POINT('',(-0.150241035612669,0.526830117821903,0.000249726316127505));
#4967=CARTESIAN_POINT('',(-0.150292212714697,0.529425732880688,0.000300292543598105));
#4968=CARTESIAN_POINT('',(-0.150319531203304,0.53073304959048,0.000327491081192167));
#4969=CARTESIAN_POINT('',(-0.150406536708172,0.534683439013416,0.000415043583486784));
#4970=CARTESIAN_POINT('',(-0.150471155191863,0.537363588082971,0.000481611333422997));
#4971=CARTESIAN_POINT('',(-0.150613839375937,0.542744321688106,0.000630169997175419));
#4972=CARTESIAN_POINT('',(-0.150691918317177,0.545446276865576,0.00071213295021178));
#4973=CARTESIAN_POINT('',(-0.150945816492772,0.553586937571718,0.000981497681678589));
#4974=CARTESIAN_POINT('',(-0.151141210752574,0.559064512591418,0.00119256578521962));
#4975=CARTESIAN_POINT('',(-0.15224296955885,0.586630323481485,0.00240753661859643));
#4976=CARTESIAN_POINT('',(-0.153524544982257,0.609230368140478,0.0038899258980039));
#4977=CARTESIAN_POINT('',(-0.156721914917116,0.655382213795542,0.0079425171662419));
#4978=CARTESIAN_POINT('',(-0.158637905956285,0.67893061848487,0.0105118658081463));
#4979=CARTESIAN_POINT('',(-0.162935617277853,0.726910266673125,0.0167812557323553));
#4980=CARTESIAN_POINT('',(-0.165317680652352,0.751328850744739,0.0204800129136031));
#4981=CARTESIAN_POINT('',(-0.170391472269018,0.800908814569593,0.029013490388772));
#4982=CARTESIAN_POINT('',(-0.173081778427057,0.826080430163965,0.033850326748906));
#4983=CARTESIAN_POINT('',(-0.177247992590926,0.864280066965274,0.0419344171610349));
#4984=CARTESIAN_POINT('',(-0.178658495557404,0.877088491225595,0.0447673635606818));
#4985=CARTESIAN_POINT('',(-0.181513609470864,0.902801955209031,0.0506939758291187));
#4986=CARTESIAN_POINT('',(-0.182957756034996,0.915711313478318,0.0537885013600926));
#4987=CARTESIAN_POINT('',(-0.187321241298114,0.954579770922665,0.0634528798010978));
#4988=CARTESIAN_POINT('',(-0.190270712678163,0.980679360646781,0.0704042160825929));
#4989=CARTESIAN_POINT('',(-0.196172237825995,1.03315243828169,0.085237247155975));
#4990=CARTESIAN_POINT('',(-0.199122280601522,1.05953644922614,0.0931221786547652));
#4991=CARTESIAN_POINT('',(-0.20791583352403,1.13887191849871,0.117989313691597));
#4992=CARTESIAN_POINT('',(-0.213709322216546,1.19193746714542,0.136161101884268));
#4993=CARTESIAN_POINT('',(-0.222145278173153,1.27163081546567,0.165185839742735));
#4994=CARTESIAN_POINT('',(-0.224916280168947,1.29821429081958,0.175156034324101));
#4995=CARTESIAN_POINT('',(-0.230394197477912,1.35131849816711,0.19554827006301));
#4996=CARTESIAN_POINT('',(-0.23309995019234,1.37784589631294,0.205972416609882));
#4997=CARTESIAN_POINT('',(-0.238438908712992,1.43089435126387,0.227192003423735));
#4998=CARTESIAN_POINT('',(-0.241066642454398,1.45743596653102,0.237995896227692));
#4999=CARTESIAN_POINT('',(-0.246259890378673,1.51051710056063,0.259876845279348));
#5000=CARTESIAN_POINT('',(-0.248826700169352,1.53705218035169,0.270952054639937));
#5001=CARTESIAN_POINT('',(-0.256052561629281,1.61192102959559,0.302444026369859));
#5002=CARTESIAN_POINT('',(-0.260672803328704,1.66020699538902,0.323035328764922));
#5003=CARTESIAN_POINT('',(-0.265281953239741,1.70852509404887,0.343632712600011));
#5004=CARTESIAN_POINT('',(-0.5,0.5,-1.11022302462516E-16));
#5005=CARTESIAN_POINT('',(-0.499999999633825,0.504190130738943,8.48825556552747E-13));
#5006=CARTESIAN_POINT('',(-0.49998840680546,0.507909161486865,1.78815060590821E-5));
#5007=CARTESIAN_POINT('',(-0.499964187193929,0.512787554864591,5.52220787601955E-5));
#5008=CARTESIAN_POINT('',(-0.499954945023489,0.514296995225592,6.94695184729995E-5));
#5009=CARTESIAN_POINT('',(-0.499940379544106,0.516386985888349,9.19203675180502E-5));
#5010=CARTESIAN_POINT('',(-0.499935405513678,0.517054621687764,9.95867681814455E-5));
#5011=CARTESIAN_POINT('',(-0.499925373194696,0.518331989943408,0.000115048569010332));
#5012=CARTESIAN_POINT('',(-0.499920146029775,0.518963978646837,0.000123104265127064));
#5013=CARTESIAN_POINT('',(-0.499891940799099,0.522205773196774,0.000166569444683884));
#5014=CARTESIAN_POINT('',(-0.49986366249414,0.524945985317046,0.000210139997416393));
#5015=CARTESIAN_POINT('',(-0.499810359121126,0.529274292528408,0.000292243170354685));
#5016=CARTESIAN_POINT('',(-0.499790703834912,0.530757183807892,0.00032251469764705));
#5017=CARTESIAN_POINT('',(-0.499748377355271,0.53372801846012,0.000387693070538827));
#5018=CARTESIAN_POINT('',(-0.499725616205041,0.535223968853622,0.00042273851803088));
#5019=CARTESIAN_POINT('',(-0.499652368840364,0.539743224058534,0.000535501041266437));
#5020=CARTESIAN_POINT('',(-0.49959670386566,0.542807805435822,0.000621175079591782));
#5021=CARTESIAN_POINT('',(-0.499472559585374,0.548956860243416,0.000812182989408852));
#5022=CARTESIAN_POINT('',(-0.499404103504433,0.552042912679077,0.000917481303271846));
#5023=CARTESIAN_POINT('',(-0.499179287296655,0.561335130311348,0.00126317561859013));
#5024=CARTESIAN_POINT('',(-0.499003318149399,0.56757999814818,0.00153361907144689));
#5025=CARTESIAN_POINT('',(-0.497992121075561,0.598962482827712,0.00308654785587734));
#5026=CARTESIAN_POINT('',(-0.496762500269672,0.624548673055925,0.00497176232475614));
#5027=CARTESIAN_POINT('',(-0.493440402384489,0.67635271859407,0.0100448435567706));
#5028=CARTESIAN_POINT('',(-0.491348771031002,0.702566361675804,0.0132312503135806));
#5029=CARTESIAN_POINT('',(-0.486316613624084,0.755412311329138,0.0208698911488466));
#5030=CARTESIAN_POINT('',(-0.483377415533268,0.782030067137642,0.025319987222865));
#5031=CARTESIAN_POINT('',(-0.476703944324939,0.835438586518626,0.0353936221965696));
#5032=CARTESIAN_POINT('',(-0.472968350174416,0.862240375635539,0.0410191256546214));
#5033=CARTESIAN_POINT('',(-0.466830794150177,0.90241841174568,0.0502405023687671));
#5034=CARTESIAN_POINT('',(-0.464695813021832,0.915809008777179,0.0534450259505859));
#5035=CARTESIAN_POINT('',(-0.460266243280159,0.942528431747879,0.0600875309287402));
#5036=CARTESIAN_POINT('',(-0.457970990228383,0.955861948616276,0.0635265178378586));
#5037=CARTESIAN_POINT('',(-0.450862206133185,0.995769755005222,0.0741696658415759));
#5038=CARTESIAN_POINT('',(-0.445825676254642,1.02225052759011,0.0816998933442007));
#5039=CARTESIAN_POINT('',(-0.435257911835822,1.07490525764304,0.0974857500444315));
#5040=CARTESIAN_POINT('',(-0.429724386735635,1.10109050600732,0.105744882961348));
#5041=CARTESIAN_POINT('',(-0.412545013257649,1.17905602839749,0.131376951649733));
#5042=CARTESIAN_POINT('',(-0.40034302968303,1.23017687193819,0.149571714960881));
#5043=CARTESIAN_POINT('',(-0.381343913522175,1.30588973194697,0.17792009139046));
#5044=CARTESIAN_POINT('',(-0.374892611745732,1.3309691387495,0.187548733341385));
#5045=CARTESIAN_POINT('',(-0.361831424260196,1.38078580265774,0.207050731678823));
#5046=CARTESIAN_POINT('',(-0.355219926133236,1.40552993726864,0.216926499980638));
#5047=CARTESIAN_POINT('',(-0.3418683846451,1.45480254804293,0.236878667091508));
#5048=CARTESIAN_POINT('',(-0.335122566089465,1.47935161447296,0.246963702515984));
#5049=CARTESIAN_POINT('',(-0.321539970095087,1.52830007625461,0.267277375718328));
#5050=CARTESIAN_POINT('',(-0.314704385121572,1.55269496989058,0.277504218964923));
#5051=CARTESIAN_POINT('',(-0.29534284586694,1.62138631584589,0.306479255763355));
#5052=CARTESIAN_POINT('',(-0.282769297528036,1.66552875518985,0.32530422709446));
#5053=CARTESIAN_POINT('',(-0.270192867574586,1.70970769553892,0.344136862724255));
#5054=CARTESIAN_POINT('',(-0.5,0.5,0.35));
#5055=CARTESIAN_POINT('',(-0.5,0.503295259910582,0.349999999610903));
#5056=CARTESIAN_POINT('',(-0.49999248345924,0.506223477975097,0.349999641439691));
#5057=CARTESIAN_POINT('',(-0.499976740513652,0.510067666431831,0.349989259793058));
#5058=CARTESIAN_POINT('',(-0.499970729144029,0.511257708912661,0.349984184767785));
#5059=CARTESIAN_POINT('',(-0.499961248651798,0.512906123581928,0.349973220086473));
#5060=CARTESIAN_POINT('',(-0.49995801009039,0.513432821056662,0.349969008101559));
#5061=CARTESIAN_POINT('',(-0.499951476066767,0.514440741660786,0.349959333959944));
#5062=CARTESIAN_POINT('',(-0.499948070663893,0.514939521070935,0.349954024428423));
#5063=CARTESIAN_POINT('',(-0.499929689532532,0.517498550018545,0.349926040764148));
#5064=CARTESIAN_POINT('',(-0.499911243775886,0.519663347400114,0.349898236051917));
#5065=CARTESIAN_POINT('',(-0.499876413467807,0.523086321809784,0.349850691849279));
#5066=CARTESIAN_POINT('',(-0.499863561561798,0.52425961708858,0.349833937929556));
#5067=CARTESIAN_POINT('',(-0.49983586257323,0.526611493120812,0.349797962914087));
#5068=CARTESIAN_POINT('',(-0.499820956774563,0.527796400281099,0.349778823356756));
#5069=CARTESIAN_POINT('',(-0.499772947483129,0.531378025837929,0.34971815378987));
#5070=CARTESIAN_POINT('',(-0.499736411141023,0.533809488116621,0.349673568796345));
#5071=CARTESIAN_POINT('',(-0.499654769860956,0.538694291294148,0.349575622861724));
#5072=CARTESIAN_POINT('',(-0.499609680504686,0.541148863847398,0.349522240206981));
#5073=CARTESIAN_POINT('',(-0.499461305185864,0.54854950515288,0.349349559617585));
#5074=CARTESIAN_POINT('',(-0.499344808460808,0.553536211880104,0.349217872491014));
#5075=CARTESIAN_POINT('',(-0.49867223028342,0.578671683328285,0.348483398871437));
#5076=CARTESIAN_POINT('',(-0.497846484476202,0.599407403046303,0.347651424899622));
#5077=CARTESIAN_POINT('',(-0.495550378378935,0.642101443711231,0.345694087100817));
#5078=CARTESIAN_POINT('',(-0.494080303561858,0.664056622447655,0.344568325942902));
#5079=CARTESIAN_POINT('',(-0.490432485060716,0.709190119901547,0.342215618775358));
#5080=CARTESIAN_POINT('',(-0.488255256167271,0.732356664757534,0.340987996302489));
#5081=CARTESIAN_POINT('',(-0.483150763148898,0.779810873258288,0.338599633051173));
#5082=CARTESIAN_POINT('',(-0.480222053575987,0.804108079679966,0.337441025499481));
#5083=CARTESIAN_POINT('',(-0.475254229883155,0.841284034584361,0.33585407944004));
#5084=CARTESIAN_POINT('',(-0.473502474250169,0.853798927928572,0.335350309513089));
#5085=CARTESIAN_POINT('',(-0.469813411672628,0.879020169564037,0.334398456536547));
#5086=CARTESIAN_POINT('',(-0.467875588728111,0.891730615656746,0.333951108871078));
#5087=CARTESIAN_POINT('',(-0.461785817980089,0.930138396833868,0.332710439607783));
#5088=CARTESIAN_POINT('',(-0.457356814640522,0.956112572961528,0.332019709998544));
#5089=CARTESIAN_POINT('',(-0.447798390417747,1.00865937870562,0.330965120379228));
#5090=CARTESIAN_POINT('',(-0.442666927284979,1.03524211568144,0.330604309522061));
#5091=CARTESIAN_POINT('',(-0.426327746403791,1.1155929392729,0.330015006642936));
#5092=CARTESIAN_POINT('',(-0.414186902255369,1.16989273728427,0.330266358406235));
#5093=CARTESIAN_POINT('',(-0.394532106747944,1.25198935743176,0.331547555788048));
#5094=CARTESIAN_POINT('',(-0.3877402235668,1.27946635180167,0.332123989394077));
#5095=CARTESIAN_POINT('',(-0.373778074601103,1.33450176801883,0.333508956712215));
#5096=CARTESIAN_POINT('',(-0.366606514444206,1.36206675434539,0.33431933366642));
#5097=CARTESIAN_POINT('',(-0.351952419095262,1.4172975274441,0.336150359920003));
#5098=CARTESIAN_POINT('',(-0.344464304930518,1.4449838599752,0.33717928143337));
#5099=CARTESIAN_POINT('',(-0.329257813657235,1.50042948624538,0.33940077646422));
#5100=CARTESIAN_POINT('',(-0.321540685797991,1.52818438209085,0.340591443517512));
#5101=CARTESIAN_POINT('',(-0.299558711504966,1.60656542873808,0.344058301875759));
#5102=CARTESIAN_POINT('',(-0.285141105176721,1.65719593439524,0.346438519317706));
#5103=CARTESIAN_POINT('',(-0.27071993227228,1.70785597161426,0.348833969581547));
#5104=CARTESIAN_POINT('',(-0.5,0.5,0.35));
#5105=CARTESIAN_POINT('',(-0.5,0.5,0.116666666666667));
#5106=CARTESIAN_POINT('',(-0.383333333333333,0.5,2.85651132377514E-17));
#5107=CARTESIAN_POINT('',(-0.15,0.5,1.22219153989276E-18));
#5108=CARTESIAN_POINT('',(0.15,-0.7,0.7));
#5109=CARTESIAN_POINT('',(0.149999999983347,-0.499999999991586,0.7));
#5110=CARTESIAN_POINT('',(0.150125000001135,-0.300000000011187,0.7));
#5111=CARTESIAN_POINT('',(0.150406249999433,5.61557744749308E-12,0.7));
#5112=CARTESIAN_POINT('',(0.150515624998628,0.0999999999999745,0.7));
#5113=CARTESIAN_POINT('',(0.150691406250686,0.25000000000005,0.7));
#5114=CARTESIAN_POINT('',(0.150751953126153,0.300000000000006,0.7));
#5115=CARTESIAN_POINT('',(0.150828857421587,0.362500000000037,0.7));
#5116=CARTESIAN_POINT('',(0.150844299316437,0.37500000000072,0.7));
#5117=CARTESIAN_POINT('',(0.150867530822739,0.393749999999689,0.7));
#5118=CARTESIAN_POINT('',(0.150875286102334,0.40000669005973,0.7));
#5119=CARTESIAN_POINT('',(0.150890815734825,0.41246311967653,0.7));
#5120=CARTESIAN_POINT('',(0.150898590087722,0.418667754945009,0.7));
#5121=CARTESIAN_POINT('',(0.150910263061607,0.427939347584266,0.7));
#5122=CARTESIAN_POINT('',(0.150914155960016,0.431015854810057,0.7));
#5123=CARTESIAN_POINT('',(0.150921945095129,0.437201569238013,0.7));
#5124=CARTESIAN_POINT('',(0.150925841331259,0.440313503885886,0.7));
#5125=CARTESIAN_POINT('',(0.150937534332722,0.449706531565352,0.7));
#5126=CARTESIAN_POINT('',(0.150945335388063,0.456038655601438,0.7));
#5127=CARTESIAN_POINT('',(0.150957042694152,0.465564282157325,0.7));
#5128=CARTESIAN_POINT('',(0.150960946082962,0.46874754219872,0.7));
#5129=CARTESIAN_POINT('',(0.150968754291642,0.475132697847201,0.7));
#5130=CARTESIAN_POINT('',(0.150972659110956,0.478331013003834,0.7));
#5131=CARTESIAN_POINT('',(0.150980469703741,0.484794515283249,0.7));
#5132=CARTESIAN_POINT('',(0.150984375476618,0.488093730531034,0.7));
#5133=CARTESIAN_POINT('',(0.150990234494319,0.492805704306285,0.7));
#5134=CARTESIAN_POINT('',(0.150992187559552,0.494345715377489,0.7));
#5135=CARTESIAN_POINT('',(0.150995117202428,0.496609763189459,0.7));
#5136=CARTESIAN_POINT('',(0.150996093757467,0.497359304044867,0.7));
#5137=CARTESIAN_POINT('',(0.150998046874984,0.49874594003514,0.7));
#5138=CARTESIAN_POINT('',(0.150999023437519,0.49939506598182,0.7));
#5139=CARTESIAN_POINT('',(0.151,0.500000000000027,0.7));
#5140=CARTESIAN_POINT('',(0.5,-0.7,0.7));
#5141=CARTESIAN_POINT('',(0.500000000016653,-0.499999999991586,0.7));
#5142=CARTESIAN_POINT('',(0.5,-0.300000000011187,0.7));
#5143=CARTESIAN_POINT('',(0.5,5.61557744749308E-12,0.7));
#5144=CARTESIAN_POINT('',(0.5,0.0999999999999745,0.7));
#5145=CARTESIAN_POINT('',(0.5,0.250000000000049,0.7));
#5146=CARTESIAN_POINT('',(0.5,0.299999999998618,0.7));
#5147=CARTESIAN_POINT('',(0.5,0.362500000000384,0.7));
#5148=CARTESIAN_POINT('',(0.500000000000347,0.37500000000072,0.700000000000694));
#5149=CARTESIAN_POINT('',(0.499999999999827,0.393749999999689,0.699999999999653));
#5150=CARTESIAN_POINT('',(0.5,0.400006690060077,0.7));
#5151=CARTESIAN_POINT('',(0.5,0.412463119676183,0.7));
#5152=CARTESIAN_POINT('',(0.5,0.418667754945009,0.7));
#5153=CARTESIAN_POINT('',(0.5,0.427939347584266,0.7));
#5154=CARTESIAN_POINT('',(0.5,0.431015854810057,0.7));
#5155=CARTESIAN_POINT('',(0.5,0.437201569238013,0.7));
#5156=CARTESIAN_POINT('',(0.5,0.440313503885799,0.7));
#5157=CARTESIAN_POINT('',(0.5,0.449706531565525,0.7));
#5158=CARTESIAN_POINT('',(0.5,0.456038655601438,0.7));
#5159=CARTESIAN_POINT('',(0.5,0.465564282157325,0.7));
#5160=CARTESIAN_POINT('',(0.5,0.46874754219872,0.7));
#5161=CARTESIAN_POINT('',(0.5,0.475132697847201,0.7));
#5162=CARTESIAN_POINT('',(0.5,0.478331013003834,0.7));
#5163=CARTESIAN_POINT('',(0.5,0.484794515283249,0.7));
#5164=CARTESIAN_POINT('',(0.5,0.48809373053086,0.7));
#5165=CARTESIAN_POINT('',(0.5,0.492805704306372,0.7));
#5166=CARTESIAN_POINT('',(0.5,0.494345715377575,0.7));
#5167=CARTESIAN_POINT('',(0.5,0.496609763189416,0.7));
#5168=CARTESIAN_POINT('',(0.5,0.497359304044867,0.7));
#5169=CARTESIAN_POINT('',(0.5,0.49874594003514,0.7));
#5170=CARTESIAN_POINT('',(0.500000000000022,0.49939506598182,0.699999999999914));
#5171=CARTESIAN_POINT('',(0.5,0.500000000000027,0.7));
#5172=CARTESIAN_POINT('',(0.5,-0.7,0.35));
#5173=CARTESIAN_POINT('',(0.5,-0.499999999994713,0.349999999966694));
#5174=CARTESIAN_POINT('',(0.5,-0.300000000007024,0.350125000001135));
#5175=CARTESIAN_POINT('',(0.5,3.53386764295749E-12,0.350406249999433));
#5176=CARTESIAN_POINT('',(0.5,0.100000000005526,0.350515624998628));
#5177=CARTESIAN_POINT('',(0.5,0.249999999997274,0.350691406250687));
#5178=CARTESIAN_POINT('',(0.5,0.299999999998618,0.350751953126153));
#5179=CARTESIAN_POINT('',(0.5,0.362500000000384,0.350828857421587));
#5180=CARTESIAN_POINT('',(0.5,0.375000000001067,0.350844299316437));
#5181=CARTESIAN_POINT('',(0.5,0.393749999999516,0.350867530822739));
#5182=CARTESIAN_POINT('',(0.5,0.40000669005973,0.350875286102333));
#5183=CARTESIAN_POINT('',(0.5,0.41246311967653,0.350890815734825));
#5184=CARTESIAN_POINT('',(0.5,0.418667754945009,0.350898590087723));
#5185=CARTESIAN_POINT('',(0.5,0.427939347584266,0.350910263061607));
#5186=CARTESIAN_POINT('',(0.5,0.431015854809884,0.350914155960016));
#5187=CARTESIAN_POINT('',(0.5,0.437201569238186,0.35092194509513));
#5188=CARTESIAN_POINT('',(0.5,0.440313503885712,0.350925841331259));
#5189=CARTESIAN_POINT('',(0.5,0.449706531565699,0.350937534332722));
#5190=CARTESIAN_POINT('',(0.5,0.456038655601785,0.350945335388063));
#5191=CARTESIAN_POINT('',(0.5,0.465564282157151,0.350957042694152));
#5192=CARTESIAN_POINT('',(0.5,0.46874754219872,0.350960946082962));
#5193=CARTESIAN_POINT('',(0.5,0.475132697847201,0.350968754291642));
#5194=CARTESIAN_POINT('',(0.5,0.478331013004007,0.350972659110956));
#5195=CARTESIAN_POINT('',(0.5,0.484794515283075,0.350980469703741));
#5196=CARTESIAN_POINT('',(0.5,0.488093730531034,0.350984375476619));
#5197=CARTESIAN_POINT('',(0.5,0.492805704306285,0.350990234494318));
#5198=CARTESIAN_POINT('',(0.5,0.494345715377489,0.350992187559552));
#5199=CARTESIAN_POINT('',(0.5,0.496609763189459,0.350995117202428));
#5200=CARTESIAN_POINT('',(0.5,0.497359304044867,0.350996093757466));
#5201=CARTESIAN_POINT('',(0.5,0.49874594003514,0.350998046874984));
#5202=CARTESIAN_POINT('',(0.5,0.49939506598182,0.350999023437585));
#5203=CARTESIAN_POINT('',(0.5,0.500000000000027,0.351));
#5204=CARTESIAN_POINT('',(0.15,-0.7,0.7));
#5205=CARTESIAN_POINT('',(0.383333333333333,-0.7,0.7));
#5206=CARTESIAN_POINT('',(0.5,-0.7,0.583333333333333));
#5207=CARTESIAN_POINT('',(0.5,-0.7,0.35));
#5208=CARTESIAN_POINT('',(0.258767236037581,-1.55834904824535,0.35));
#5209=CARTESIAN_POINT('',(0.263447012769696,-1.55267028858906,0.349999999999827));
#5210=CARTESIAN_POINT('',(0.267780312924151,-1.54720482241463,0.349999999999657));
#5211=CARTESIAN_POINT('',(0.275959372405747,-1.536573372083,0.350000000000343));
#5212=CARTESIAN_POINT('',(0.279804337458865,-1.53140704227657,0.350000000000171));
#5213=CARTESIAN_POINT('',(0.287526187800494,-1.52074494538893,0.349999999999811));
#5214=CARTESIAN_POINT('',(0.291360601759867,-1.51527463778719,0.350000000000565));
#5215=CARTESIAN_POINT('',(0.298685306207488,-1.50453486823851,0.349999999999434));
#5216=CARTESIAN_POINT('',(0.302174903931167,-1.49926585020575,0.349999999999812));
#5217=CARTESIAN_POINT('',(0.312230002289882,-1.48369340504811,0.350000000000376));
#5218=CARTESIAN_POINT('',(0.318387180020552,-1.4736210871701,0.349999999999251));
#5219=CARTESIAN_POINT('',(0.329944035232792,-1.4538769140076,0.350000000000749));
#5220=CARTESIAN_POINT('',(0.335339955237355,-1.44420749390679,0.349999999998131));
#5221=CARTESIAN_POINT('',(0.345557079660595,-1.42515000619091,0.350000000001869));
#5222=CARTESIAN_POINT('',(0.350376782319446,-1.41576291723894,0.350000000000747));
#5223=CARTESIAN_POINT('',(0.35955823264869,-1.39719411339573,0.349999999999253));
#5224=CARTESIAN_POINT('',(0.363919278764278,-1.38801285749412,0.350000000000374));
#5225=CARTESIAN_POINT('',(0.372262876329736,-1.36980409609005,0.349999999999626));
#5226=CARTESIAN_POINT('',(0.376245061927537,-1.36077683059836,0.349999999999626));
#5227=CARTESIAN_POINT('',(0.387708976169906,-1.33387042657761,0.350000000000749));
#5228=CARTESIAN_POINT('',(0.394712425626609,-1.31616388050371,0.350000000001503));
#5229=CARTESIAN_POINT('',(0.40448202863908,-1.28980555789678,0.349999999999248));
#5230=CARTESIAN_POINT('',(0.407614653088928,-1.28105388031546,0.350000000000377));
#5231=CARTESIAN_POINT('',(0.413657276580601,-1.26360288377278,0.349999999999624));
#5232=CARTESIAN_POINT('',(0.416569482833199,-1.25489655766205,0.350000000000755));
#5233=CARTESIAN_POINT('',(0.424985954657011,-1.22888641055528,0.34999999999849));
#5234=CARTESIAN_POINT('',(0.430159786144406,-1.21173001412124,0.35000000000075));
#5235=CARTESIAN_POINT('',(0.439780920250909,-1.17767956798723,0.349999999999249));
#5236=CARTESIAN_POINT('',(0.44422741919852,-1.16078608927424,0.35));
#5237=CARTESIAN_POINT('',(0.452492571037587,-1.1271899447629,0.35));
#5238=CARTESIAN_POINT('',(0.456310794013375,-1.11048758620889,0.349999999997014));
#5239=CARTESIAN_POINT('',(0.466928561503572,-1.06058802274147,0.350000000005972));
#5240=CARTESIAN_POINT('',(0.472897239815106,-1.02759483148405,0.35));
#5241=CARTESIAN_POINT('',(0.482967555141791,-0.961864012142787,0.35));
#5242=CARTESIAN_POINT('',(0.487066078818558,-0.92912878346213,0.350000000002986));
#5243=CARTESIAN_POINT('',(0.49357600121189,-0.86371858161847,0.349999999997015));
#5244=CARTESIAN_POINT('',(0.4959861434015,-0.831044831467621,0.35));
#5245=CARTESIAN_POINT('',(0.498395706894293,-0.781960181824269,0.35));
#5246=CARTESIAN_POINT('',(0.498997262280488,-0.765586482655762,0.35));
#5247=CARTESIAN_POINT('',(0.499799692674168,-0.732795774607453,0.35));
#5248=CARTESIAN_POINT('',(0.5,-0.716366963507784,0.35));
#5249=CARTESIAN_POINT('',(0.5,-0.7,0.35));
#5250=CARTESIAN_POINT('',(0.258767236037581,-1.55834904824535,-1.11022302462516E-16));
#5251=CARTESIAN_POINT('',(0.263447012769953,-1.55267028858931,-8.64864243443612E-13));
#5252=CARTESIAN_POINT('',(0.267780312923964,-1.54720482241442,-5.15539613001123E-13));
#5253=CARTESIAN_POINT('',(0.275959372405934,-1.53657337208321,5.15095523791273E-13));
#5254=CARTESIAN_POINT('',(0.279804337458374,-1.53140704227634,1.70930616029463E-13));
#5255=CARTESIAN_POINT('',(0.287526187801039,-1.52074494538919,-1.89334513620666E-13));
#5256=CARTESIAN_POINT('',(0.291360601759281,-1.5152746377866,9.42516110546336E-13));
#5257=CARTESIAN_POINT('',(0.298685306208076,-1.50453486823909,-9.43293266663574E-13));
#5258=CARTESIAN_POINT('',(0.302174903930986,-1.49926585020557,-2.81986426395227E-13));
#5259=CARTESIAN_POINT('',(0.312230002290245,-1.48369340504847,5.63972852790441E-13));
#5260=CARTESIAN_POINT('',(0.318387180021787,-1.4736210871706,-1.12353881575942E-12));
#5261=CARTESIAN_POINT('',(0.329944035231557,-1.4538769140071,1.12353881575942E-12));
#5262=CARTESIAN_POINT('',(0.335339955237803,-1.44420749390663,-2.80368615968839E-12));
#5263=CARTESIAN_POINT('',(0.345557079660147,-1.42515000619107,2.80379718199092E-12));
#5264=CARTESIAN_POINT('',(0.350376782318902,-1.41576291723876,1.12066996000225E-12));
#5265=CARTESIAN_POINT('',(0.359558232649234,-1.3971941133959,-1.12133609381702E-12));
#5266=CARTESIAN_POINT('',(0.363919278763521,-1.38801285749395,5.60963810458681E-13));
#5267=CARTESIAN_POINT('',(0.372262876330493,-1.36980409609023,-5.60630743551281E-13));
#5268=CARTESIAN_POINT('',(0.376245061927508,-1.36077683059819,-3.74162213096457E-13));
#5269=CARTESIAN_POINT('',(0.387708976169964,-1.33387042657795,7.48824026554002E-13));
#5270=CARTESIAN_POINT('',(0.39471242562459,-1.31616388050324,2.25464191863244E-12));
#5271=CARTESIAN_POINT('',(0.404482028640089,-1.28980555789702,-1.12782055967731E-12));
#5272=CARTESIAN_POINT('',(0.407614653089277,-1.28105388031564,5.65302542895472E-13));
#5273=CARTESIAN_POINT('',(0.413657276580252,-1.2636028837726,-5.65080498290534E-13));
#5274=CARTESIAN_POINT('',(0.416569482832322,-1.25489655766201,1.13218933145081E-12));
#5275=CARTESIAN_POINT('',(0.424985954658763,-1.22888641055535,-2.26487826326272E-12));
#5276=CARTESIAN_POINT('',(0.430159786142438,-1.21173001412101,7.50573530059128E-13));
#5277=CARTESIAN_POINT('',(0.439780920252877,-1.17767956798746,-7.51239663873912E-13));
#5278=CARTESIAN_POINT('',(0.44422741919786,-1.16078608927417,-3.74110843629656E-13));
#5279=CARTESIAN_POINT('',(0.452492571038247,-1.12718994476297,3.74110843629652E-13));
#5280=CARTESIAN_POINT('',(0.456310794014169,-1.11048758620875,-4.85276928784105E-12));
#5281=CARTESIAN_POINT('',(0.466928561501984,-1.06058802274177,9.70453937495999E-12));
#5282=CARTESIAN_POINT('',(0.472897239814663,-1.02759483148398,3.33066907387547E-16));
#5283=CARTESIAN_POINT('',(0.482967555142234,-0.961864012142855,3.33066907387547E-16));
#5284=CARTESIAN_POINT('',(0.487066078819899,-0.929128783462337,3.73261083971426E-12));
#5285=CARTESIAN_POINT('',(0.493576001210549,-0.863718581618262,-3.73216675050441E-12));
#5286=CARTESIAN_POINT('',(0.495986143404504,-0.83104483146627,0.));
#5287=CARTESIAN_POINT('',(0.498395706892791,-0.781960181824945,0.));
#5288=CARTESIAN_POINT('',(0.498997262282956,-0.765586482655813,-3.75599720219599E-13));
#5289=CARTESIAN_POINT('',(0.499799692671699,-0.732795774607402,3.7604380942945E-13));
#5290=CARTESIAN_POINT('',(0.499999999998874,-0.716366963507823,1.50109338606811E-12));
#5291=CARTESIAN_POINT('',(0.5,-0.7,0.));
#5292=CARTESIAN_POINT('',(-0.0113347827526403,-1.33576221250378,-1.11022302462516E-16));
#5293=CARTESIAN_POINT('',(-0.00935277397558372,-1.33335710813186,-1.11022302462516E-16));
#5294=CARTESIAN_POINT('',(-0.00742250512940829,-1.33092616296149,-2.22044604925032E-16));
#5295=CARTESIAN_POINT('',(-0.00364885729673807,-1.32602103302755,-2.22044604925032E-16));
#5296=CARTESIAN_POINT('',(-0.00180555837259296,-1.32354677918756,5.55111512312578E-17));
#5297=CARTESIAN_POINT('',(0.00200119698627983,-1.31829052677961,5.55111512312578E-17));
#5298=CARTESIAN_POINT('',(0.00395599956597331,-1.31550421591256,-3.88578058618805E-16));
#5299=CARTESIAN_POINT('',(0.00778426538320227,-1.30989106210744,-3.88578058618805E-16));
#5300=CARTESIAN_POINT('',(0.00965768707302172,-1.30706419845975,0.));
#5301=CARTESIAN_POINT('',(0.0151687311787087,-1.2985291817929,0.));
#5302=CARTESIAN_POINT('',(0.0186977118059485,-1.2927668916551,0.));
#5303=CARTESIAN_POINT('',(0.0255139096944368,-1.28112183865466,0.));
#5304=CARTESIAN_POINT('',(0.0288008125670146,-1.27523891913395,5.55111512312578E-17));
#5305=CARTESIAN_POINT('',(0.035164786450788,-1.26336851910001,5.55111512312578E-17));
#5306=CARTESIAN_POINT('',(0.0382417081386749,-1.25738096418406,-3.33066907387547E-16));
#5307=CARTESIAN_POINT('',(0.0442088666367976,-1.24531282770632,-3.33066907387547E-16));
#5308=CARTESIAN_POINT('',(0.0470990231700229,-1.23923220613641,1.66533453693773E-16));
#5309=CARTESIAN_POINT('',(0.0527101621607474,-1.22698666214077,1.66533453693773E-16));
#5310=CARTESIAN_POINT('',(0.0554310975017816,-1.22082171622824,1.66533453693773E-16));
#5311=CARTESIAN_POINT('',(0.0633606489738625,-1.20221064577834,1.66533453693773E-16));
#5312=CARTESIAN_POINT('',(0.0683369377017631,-1.18964875055328,-3.33066907387547E-16));
#5313=CARTESIAN_POINT('',(0.0753958562048568,-1.17060383635715,-3.33066907387547E-16));
#5314=CARTESIAN_POINT('',(0.0776809783284548,-1.16422172105222,1.11022302462516E-16));
#5315=CARTESIAN_POINT('',(0.0821228936916718,-1.15139354306379,1.11022302462516E-16));
#5316=CARTESIAN_POINT('',(0.0842813663920091,-1.14494221237961,-1.66533453693773E-16));
#5317=CARTESIAN_POINT('',(0.0905614650758697,-1.12553428302218,-1.66533453693773E-16));
#5318=CARTESIAN_POINT('',(0.0944792018051188,-1.11255395972082,-3.33066907387547E-16));
#5319=CARTESIAN_POINT('',(0.10183551042075,-1.08651902585607,-3.33066907387547E-16));
#5320=CARTESIAN_POINT('',(0.105273863252634,-1.07346438132299,0.));
#5321=CARTESIAN_POINT('',(0.111713796069851,-1.04728737723139,0.));
#5322=CARTESIAN_POINT('',(0.114715248229983,-1.03416499784868,-3.33066907387547E-16));
#5323=CARTESIAN_POINT('',(0.123111943057201,-0.994703650948352,-3.33066907387547E-16));
#5324=CARTESIAN_POINT('',(0.1279022300844,-0.968270894189668,3.33066907387547E-16));
#5325=CARTESIAN_POINT('',(0.136035878937682,-0.915181056777943,3.33066907387547E-16));
#5326=CARTESIAN_POINT('',(0.139378143514898,-0.888523806012969,2.22044604925032E-16));
#5327=CARTESIAN_POINT('',(0.144705192127765,-0.834998847622781,2.22044604925032E-16));
#5328=CARTESIAN_POINT('',(0.146689513653568,-0.808131068301605,0.));
#5329=CARTESIAN_POINT('',(0.148675459604623,-0.767675831609995,0.));
#5330=CARTESIAN_POINT('',(0.14917197618653,-0.754165099805702,2.22044604925032E-16));
#5331=CARTESIAN_POINT('',(0.149834479813038,-0.727092392577675,2.22044604925032E-16));
#5332=CARTESIAN_POINT('',(0.15,-0.713520646898941,0.));
#5333=CARTESIAN_POINT('',(0.15,-0.7,0.));
#5334=CARTESIAN_POINT('',(0.5,-0.7,0.35));
#5335=CARTESIAN_POINT('',(0.5,-0.716828429635903,0.35));
#5336=CARTESIAN_POINT('',(0.499576217820854,-0.750606998310075,0.349999999999836));
#5337=CARTESIAN_POINT('',(0.497667615060991,-0.801100123429162,0.350000000000575));
#5338=CARTESIAN_POINT('',(0.494481678531731,-0.851529488581816,0.349999999997822));
#5339=CARTESIAN_POINT('',(0.488488160397762,-0.918753008146515,0.350000000001933));
#5340=CARTESIAN_POINT('',(0.477633186973517,-1.00292605750439,0.350000000000243));
#5341=CARTESIAN_POINT('',(0.461785071423523,-1.0878288550754,0.349999999997923));
#5342=CARTESIAN_POINT('',(0.445496603108363,-1.15668463802017,0.350000000000053));
#5343=CARTESIAN_POINT('',(0.433596051010592,-1.2002703823985,0.350000000000576));
#5344=CARTESIAN_POINT('',(0.422866933852012,-1.2355904553342,0.349999999999159));
#5345=CARTESIAN_POINT('',(0.411235734801324,-1.27130132143085,0.350000000000384));
#5346=CARTESIAN_POINT('',(0.395002342045333,-1.31630763064606,0.350000000001311));
#5347=CARTESIAN_POINT('',(0.375959417174711,-1.36216417567151,0.349999999999872));
#5348=CARTESIAN_POINT('',(0.358448088484564,-1.39974463116994,0.349999999999311));
#5349=CARTESIAN_POINT('',(0.343926235442811,-1.42853962799715,0.350000000001455));
#5350=CARTESIAN_POINT('',(0.327671033180059,-1.45816880964057,0.349999999999756));
#5351=CARTESIAN_POINT('',(0.309123896469734,-1.48899578789597,0.350000000000251));
#5352=CARTESIAN_POINT('',(0.290989867003199,-1.51618438450647,0.349999999999805));
#5353=CARTESIAN_POINT('',(0.273871417534836,-1.53948642304521,0.350000000000302));
#5354=CARTESIAN_POINT('',(0.264100326096217,-1.55187751372522,0.349999999999803));
#5355=CARTESIAN_POINT('',(0.258767236037581,-1.55834904824535,0.35));
#5356=CARTESIAN_POINT('',(0.258767236037581,-1.55834904824535,0.35));
#5357=CARTESIAN_POINT('',(0.258767236037581,-1.55834904824535,0.35));
#5358=CARTESIAN_POINT('',(0.258767236037581,-1.55834904824535,0.343146754998588));
#5359=CARTESIAN_POINT('',(0.258618477478504,-1.5582130592812,0.329694815212157));
#5360=CARTESIAN_POINT('',(0.257959823315797,-1.55761010332253,0.31026653054792));
#5361=CARTESIAN_POINT('',(0.256876202430903,-1.55661724450062,0.29157395462359));
#5362=CARTESIAN_POINT('',(0.255377959203629,-1.5552436218767,0.273603280882936));
#5363=CARTESIAN_POINT('',(0.253792359839026,-1.55378930155377,0.259217889451585));
#5364=CARTESIAN_POINT('',(0.252326615257908,-1.55244469491585,0.248056885902345));
#5365=CARTESIAN_POINT('',(0.25112989777521,-1.55134682771207,0.239858101029781));
#5366=CARTESIAN_POINT('',(0.250052471856779,-1.55035839926874,0.233167686082702));
#5367=CARTESIAN_POINT('',(0.249143035173247,-1.54952411680154,0.227899658640785));
#5368=CARTESIAN_POINT('',(0.248437359885897,-1.54887678231559,0.223990586375743));
#5369=CARTESIAN_POINT('',(0.247708231346953,-1.5482079678142,0.22012323520215));
#5370=CARTESIAN_POINT('',(0.247081216047761,-1.54763285637556,0.216935096252713));
#5371=CARTESIAN_POINT('',(0.246568003556916,-1.54716215441784,0.214405140770386));
#5372=CARTESIAN_POINT('',(0.246242489093942,-1.54686361538777,0.212832744097645));
#5373=CARTESIAN_POINT('',(0.245979082417453,-1.54662204536583,0.211579419685204));
#5374=CARTESIAN_POINT('',(0.245780417684129,-1.54643985429889,0.2106434885977));
#5375=CARTESIAN_POINT('',(0.245612632103941,-1.54628598553275,0.209860923532981));
#5376=CARTESIAN_POINT('',(0.245496591316267,-1.54617957155849,0.209323586307367));
#5377=CARTESIAN_POINT('',(0.245426925651972,-1.54611568603684,0.209002275199746));
#5378=CARTESIAN_POINT('',(0.245383539222881,-1.54607589957982,0.208802526780634));
#5379=CARTESIAN_POINT('',(0.245305843787123,-1.5460046513318,0.208445928417378));
#5380=CARTESIAN_POINT('',(0.245213953639388,-1.54592038673609,0.208025817602338));
#5381=CARTESIAN_POINT('',(0.245047048056077,-1.54576733301424,0.207266406532442));
#5382=CARTESIAN_POINT('',(0.244809953528896,-1.54554991872647,0.206198703620804));
#5383=CARTESIAN_POINT('',(0.244521716972439,-1.54528561223227,0.204917819415319));
#5384=CARTESIAN_POINT('',(0.244134546613656,-1.54493059156204,0.20322004850234));
#5385=CARTESIAN_POINT('',(0.243644304870302,-1.54448106850075,0.201112247567771));
#5386=CARTESIAN_POINT('',(0.242847077111598,-1.54375007563672,0.19777214754958));
#5387=CARTESIAN_POINT('',(0.241826569154824,-1.54281438159133,0.193656503260851));
#5388=CARTESIAN_POINT('',(0.240564575065715,-1.54165730004686,0.188811934602867));
#5389=CARTESIAN_POINT('',(0.239266088804997,-1.54046677419834,0.184060276660473));
#5390=CARTESIAN_POINT('',(0.237487323864478,-1.53883590417758,0.177847020414165));
#5391=CARTESIAN_POINT('',(0.235177135061021,-1.53671777373933,0.170306708432326));
#5392=CARTESIAN_POINT('',(0.232273213347591,-1.53405517391033,0.161610793194385));
#5393=CARTESIAN_POINT('',(0.22823500187499,-1.53035237189518,0.150473631052912));
#5394=CARTESIAN_POINT('',(0.222892596449348,-1.52545333030952,0.137386490680905));
#5395=CARTESIAN_POINT('',(0.217202074793788,-1.52023462166917,0.125351055333942));
#5396=CARTESIAN_POINT('',(0.212466764892364,-1.51589179093899,0.116318413502302));
#5397=CARTESIAN_POINT('',(0.208830168624287,-1.51255658272725,0.109833168338438));
#5398=CARTESIAN_POINT('',(0.205733961465074,-1.50971699131322,0.104662726858702));
#5399=CARTESIAN_POINT('',(0.203220646260559,-1.50741201056763,0.100662541458283));
#5400=CARTESIAN_POINT('',(0.201318246631794,-1.50566732486242,0.0977294544026357));
#5401=CARTESIAN_POINT('',(0.199399182025657,-1.50390738038864,0.0948623818646182));
#5402=CARTESIAN_POINT('',(0.19778672030967,-1.50242864117236,0.0925273468111531));
#5403=CARTESIAN_POINT('',(0.19648912840822,-1.50123867633023,0.090691262258703));
#5404=CARTESIAN_POINT('',(0.195675139200105,-1.50049220985512,0.0895570550586053));
#5405=CARTESIAN_POINT('',(0.195021941051543,-1.49989320109685,0.0886572908713806));
#5406=CARTESIAN_POINT('',(0.194531707938553,-1.49944364019178,0.0879871335813922));
#5407=CARTESIAN_POINT('',(0.194120679426946,-1.49906671476077,0.0874295549581698));
#5408=CARTESIAN_POINT('',(0.193836050436474,-1.49880570256309,0.0870456007238948));
#5409=CARTESIAN_POINT('',(0.193667878638208,-1.49865148496899,0.0868194247389199));
#5410=CARTESIAN_POINT('',(0.19355696131465,-1.49854977128677,0.0866704834699819));
#5411=CARTESIAN_POINT('',(0.193387639096396,-1.49839449900531,0.0864436205260479));
#5412=CARTESIAN_POINT('',(0.193182099424612,-1.49820601417339,0.0861689724992098));
#5413=CARTESIAN_POINT('',(0.192812619122084,-1.49786719121098,0.085676974113626));
#5414=CARTESIAN_POINT('',(0.19228887076244,-1.4973868985984,0.0849846568992776));
#5415=CARTESIAN_POINT('',(0.191656876015731,-1.49680733822367,0.0841572109465636));
#5416=CARTESIAN_POINT('',(0.190813153095073,-1.49603361278048,0.0830631465908914));
#5417=CARTESIAN_POINT('',(0.189754920290007,-1.49506316834738,0.0817105267842465));
#5418=CARTESIAN_POINT('',(0.188055037352602,-1.49350429447623,0.0795788378877967));
#5419=CARTESIAN_POINT('',(0.185917739616252,-1.4915442780568,0.076974130452932));
#5420=CARTESIAN_POINT('',(0.183334606441635,-1.48917540034009,0.073942503306857));
#5421=CARTESIAN_POINT('',(0.1807344924777,-1.48679095543006,0.0710029266450461));
#5422=CARTESIAN_POINT('',(0.177246917148268,-1.48359267974461,0.0672036854363204));
#5423=CARTESIAN_POINT('',(0.172852017048771,-1.47956239863347,0.0626752463793078));
#5424=CARTESIAN_POINT('',(0.167532422088647,-1.4746842578742,0.0575791749332758));
#5425=CARTESIAN_POINT('',(0.163070321405244,-1.47059253847939,0.0536020290916615));
#5426=CARTESIAN_POINT('',(0.159488382863808,-1.46730794332784,0.0505748915687729));
#5427=CARTESIAN_POINT('',(0.157245772444115,-1.46525149379614,0.0487459798688499));
#5428=CARTESIAN_POINT('',(0.155449668544551,-1.46360447650371,0.0473195774680925));
#5429=CARTESIAN_POINT('',(0.154102558326031,-1.4623691768376,0.0462685330009925));
#5430=CARTESIAN_POINT('',(0.152977299694081,-1.46133730689132,0.0454060525283923));
#5431=CARTESIAN_POINT('',(0.152193751192659,-1.46061878213912,0.0448133206552792));
#5432=CARTESIAN_POINT('',(0.151739237561662,-1.46020198502905,0.0444718203384797));
#5433=CARTESIAN_POINT('',(0.151417294377204,-1.45990675669864,0.0442309135495102));
#5434=CARTESIAN_POINT('',(0.151022860346917,-1.45954505109403,0.0439371537917909));
#5435=CARTESIAN_POINT('',(0.150522026392992,-1.4590857710993,0.0435661117963905));
#5436=CARTESIAN_POINT('',(0.149633386478093,-1.45827085442232,0.0429125506664611));
#5437=CARTESIAN_POINT('',(0.148368906250122,-1.45711125959132,0.0419964596192457));
#5438=CARTESIAN_POINT('',(0.146847248812502,-1.45571579666123,0.0409156776804802));
#5439=CARTESIAN_POINT('',(0.14481733067558,-1.45385420048282,0.0395023247454791));
#5440=CARTESIAN_POINT('',(0.142276387231346,-1.45152392201374,0.0377854131967208));
#5441=CARTESIAN_POINT('',(0.138206044933986,-1.44779102508232,0.0351425997986825));
#5442=CARTESIAN_POINT('',(0.133112165494717,-1.4431194884981,0.0320294436221779));
#5443=CARTESIAN_POINT('',(0.127001163239196,-1.43751539935711,0.0285832600211456));
#5444=CARTESIAN_POINT('',(0.120902507511888,-1.43192293408307,0.0254119333912003));
#5445=CARTESIAN_POINT('',(0.115839650285497,-1.4272805096954,0.0229863616923611));
#5446=CARTESIAN_POINT('',(0.111805631768203,-1.42358153312405,0.0211690439190215));
#5447=CARTESIAN_POINT('',(0.108790870352871,-1.42081715072001,0.0198664390708118));
#5448=CARTESIAN_POINT('',(0.106284018493646,-1.41851845512296,0.0188280841996526));
#5449=CARTESIAN_POINT('',(0.104541626035839,-1.41692070102695,0.0181287353418593));
#5450=CARTESIAN_POINT('',(0.10353648426985,-1.41599898158346,0.0177317987244077));
#5451=CARTESIAN_POINT('',(0.102814663209586,-1.41533706115758,0.0174496123524253));
#5452=CARTESIAN_POINT('',(0.101974341629957,-1.41456646129013,0.0171247755735458));
#5453=CARTESIAN_POINT('',(0.100895776850727,-1.41357736675465,0.0167129405530585));
#5454=CARTESIAN_POINT('',(0.098990160928418,-1.41182978714188,0.0159978912864847));
#5455=CARTESIAN_POINT('',(0.096281683220792,-1.40934583446797,0.0150175873993024));
#5456=CARTESIAN_POINT('',(0.0930343320348438,-1.40636759998261,0.0138975024765283));
#5457=CARTESIAN_POINT('',(0.0887171013216701,-1.40240812058047,0.0124798041016515));
#5458=CARTESIAN_POINT('',(0.083343650742956,-1.39748001885841,0.0108444305056011));
#5459=CARTESIAN_POINT('',(0.0769425542450386,-1.39160981960551,0.00908875497367969));
#5460=CARTESIAN_POINT('',(0.0705970914192675,-1.38579111208881,0.0075276302018265));
#5461=CARTESIAN_POINT('',(0.0653629329639264,-1.3809917956812,0.00637901444368135));
#5462=CARTESIAN_POINT('',(0.0612120577232098,-1.37718583959052,0.00554576398334778));
#5463=CARTESIAN_POINT('',(0.0586339675079299,-1.37482196480497,0.00505952100026768));
#5464=CARTESIAN_POINT('',(0.0565814122309897,-1.37293991985863,0.00469050357833708));
#5465=CARTESIAN_POINT('',(0.0550479369354876,-1.37153380576317,0.00442369355481923));
#5466=CARTESIAN_POINT('',(0.0537722064883327,-1.37036399821731,0.00420904405934956));
#5467=CARTESIAN_POINT('',(0.0528860922830404,-1.36955143664935,0.00406366093549311));
#5468=CARTESIAN_POINT('',(0.0523734082229561,-1.3690813013529,0.00398064449837672));
#5469=CARTESIAN_POINT('',(0.0520090362596769,-1.36874716643769,0.00392211544949396));
#5470=CARTESIAN_POINT('',(0.0515693575491489,-1.36834396880925,0.00385213854832576));
#5471=CARTESIAN_POINT('',(0.0510097259684452,-1.36783076304939,0.00376398223203006));
#5472=CARTESIAN_POINT('',(0.0500188122546717,-1.3669220351382,0.00361012451162065));
#5473=CARTESIAN_POINT('',(0.0486117093697292,-1.36563158808639,0.00339812928048286));
#5474=CARTESIAN_POINT('',(0.0469238718956308,-1.36408361989283,0.00315395883839985));
#5475=CARTESIAN_POINT('',(0.0446791112008348,-1.36202481806573,0.00284255086248967));
#5476=CARTESIAN_POINT('',(0.0418819895068727,-1.35945933246635,0.00247907096385931));
#5477=CARTESIAN_POINT('',(0.0374275413279653,-1.35537372209698,0.00195089545045606));
#5478=CARTESIAN_POINT('',(0.0319006422793554,-1.35030458429503,0.00138747562208758));
#5479=CARTESIAN_POINT('',(0.0253416409703591,-1.34428945179725,0.000856102325920354));
#5480=CARTESIAN_POINT('',(0.0188631167439899,-1.33834889382976,0.000459548521663142));
#5481=CARTESIAN_POINT('',(0.010341959319508,-1.33053614860416,9.77311736922196E-5));
#5482=CARTESIAN_POINT('',(0.00409326063109412,-1.32480733024911,5.55111512311969E-17));
#5483=CARTESIAN_POINT('',(2.62810606610486E-16,-1.32105371891734,5.55111512312578E-17));
#5484=CARTESIAN_POINT('',(-0.5,0.5,0.35));
#5485=CARTESIAN_POINT('',(-0.5,-0.7,0.35));
#5486=CARTESIAN_POINT('',(-0.5,0.5,0.116666666666667));
#5487=CARTESIAN_POINT('',(-0.5,-0.7,0.116666666666667));
#5488=CARTESIAN_POINT('',(-0.383333333333333,0.5,2.85651132377514E-17));
#5489=CARTESIAN_POINT('',(-0.383333333333333,-0.7,2.85651132377514E-17));
#5490=CARTESIAN_POINT('',(-0.15,0.5,1.22219153989276E-18));
#5491=CARTESIAN_POINT('',(-0.15,-0.7,1.22219153989276E-18));
#5492=CARTESIAN_POINT('',(-0.15,-0.7,1.10391493925797E-18));
#5493=CARTESIAN_POINT('',(-0.383333333333333,-0.7,3.46944695195361E-18));
#5494=CARTESIAN_POINT('',(-0.5,-0.7,0.116666666666667));
#5495=CARTESIAN_POINT('',(-0.5,-0.7,0.35));
#5496=CARTESIAN_POINT('',(-0.5,0.5,0.351));
#5497=CARTESIAN_POINT('',(-0.500000000000418,0.501551412854155,0.35100209553743));
#5498=CARTESIAN_POINT('',(-0.499998354043418,0.502859051735183,0.351005380399049));
#5499=CARTESIAN_POINT('',(-0.499995428737319,0.504455642426277,0.351014853191155));
#5500=CARTESIAN_POINT('',(-0.499994437537441,0.504905426828622,0.351018851636486));
#5501=CARTESIAN_POINT('',(-0.49999192818059,0.505900539080227,0.35102783831973));
#5502=CARTESIAN_POINT('',(-0.499990435477455,0.506424083990341,0.351032861885538));
#5503=CARTESIAN_POINT('',(-0.499985073265924,0.508072623906193,0.351049279342703));
#5504=CARTESIAN_POINT('',(-0.499980175292864,0.509297923277491,0.351061819598208));
#5505=CARTESIAN_POINT('',(-0.499968261003564,0.511730724871459,0.35109078130395));
#5506=CARTESIAN_POINT('',(-0.499961162226118,0.512967326967936,0.351107088277135));
#5507=CARTESIAN_POINT('',(-0.499936722617434,0.516667621271949,0.351161815163237));
#5508=CARTESIAN_POINT('',(-0.499916384648532,0.519106569674396,0.351206243982752));
#5509=CARTESIAN_POINT('',(-0.499868435804963,0.523913325885722,0.351311787180643));
#5510=CARTESIAN_POINT('',(-0.499840470199954,0.526318785152409,0.351372408920182));
#5511=CARTESIAN_POINT('',(-0.499679694762899,0.538416974895382,0.351712542354562));
#5512=CARTESIAN_POINT('',(-0.499484407845999,0.548261376312027,0.352103648606181));
#5513=CARTESIAN_POINT('',(-0.498954423968106,0.56818140321694,0.353093481046071));
#5514=CARTESIAN_POINT('',(-0.498619487884965,0.578276269256472,0.3536918753531));
#5515=CARTESIAN_POINT('',(-0.497801151160347,0.598758644558956,0.355061404044568));
#5516=CARTESIAN_POINT('',(-0.497318036776213,0.609141984764449,0.355832940129771));
#5517=CARTESIAN_POINT('',(-0.495627672174893,0.640834224346594,0.358347129941252));
#5518=CARTESIAN_POINT('',(-0.494179741637179,0.662654262278375,0.36029001353523));
#5519=CARTESIAN_POINT('',(-0.490575231234304,0.707585133326849,0.364430622874649));
#5520=CARTESIAN_POINT('',(-0.488418113013527,0.730700466376953,0.366627525850761));
#5521=CARTESIAN_POINT('',(-0.48334779694448,0.778112417934896,0.371019321835779));
#5522=CARTESIAN_POINT('',(-0.48043321236155,0.802418321660971,0.37321213976325));
#5523=CARTESIAN_POINT('',(-0.475482512041081,0.839626511662657,0.376338963315947));
#5524=CARTESIAN_POINT('',(-0.473735615494255,0.852156846987197,0.377353881377425));
#5525=CARTESIAN_POINT('',(-0.4700550217564,0.877413078648971,0.379314392500182));
#5526=CARTESIAN_POINT('',(-0.468121090739392,0.8901411662025,0.380259651620869));
#5527=CARTESIAN_POINT('',(-0.462043178182377,0.928595085252961,0.382961704452065));
#5528=CARTESIAN_POINT('',(-0.457622248266296,0.954590861560601,0.384583376860475));
#5529=CARTESIAN_POINT('',(-0.448089034966006,1.0071257923215,0.387348181630085));
#5530=CARTESIAN_POINT('',(-0.442976194049644,1.03366806208227,0.388490426369286));
#5531=CARTESIAN_POINT('',(-0.426711997124248,1.11381604755693,0.39109104446265));
#5532=CARTESIAN_POINT('',(-0.414658271094657,1.16781112062389,0.391753079989891));
#5533=CARTESIAN_POINT('',(-0.395257271517603,1.24902132746963,0.390857574069977));
#5534=CARTESIAN_POINT('',(-0.38857049046427,1.27613197401101,0.390245770844828));
#5535=CARTESIAN_POINT('',(-0.374860814111625,1.33029965793182,0.388390767135512));
#5536=CARTESIAN_POINT('',(-0.367837013555181,1.35736122569616,0.387146301257468));
#5537=CARTESIAN_POINT('',(-0.346392303727766,1.43838874299691,0.382431421291563));
#5538=CARTESIAN_POINT('',(-0.331595713989262,1.49220766852199,0.377975330993407));
#5539=CARTESIAN_POINT('',(-0.309201557301509,1.57223349645188,0.369251897728629));
#5540=CARTESIAN_POINT('',(-0.301700376468647,1.59880326684141,0.365999606665947));
#5541=CARTESIAN_POINT('',(-0.290450592177103,1.63848496420533,0.360577823272328));
#5542=CARTESIAN_POINT('',(-0.286702770224071,1.65167703077152,0.358682653863772));
#5543=CARTESIAN_POINT('',(-0.281090785009749,1.67141163463898,0.355703850778236));
#5544=CARTESIAN_POINT('',(-0.279221735931853,1.67798095343903,0.354688226498608));
#5545=CARTESIAN_POINT('',(-0.275487938219519,1.69110177204529,0.3526108044469));
#5546=CARTESIAN_POINT('',(-0.273623912689301,1.69765081191928,0.351541424020712));
#5547=CARTESIAN_POINT('',(-0.271760012121156,1.70419981219042,0.350473598657551));
#5548=CARTESIAN_POINT('',(-0.5,0.5000000000304,0.7));
#5549=CARTESIAN_POINT('',(-0.500000000138576,0.501971357642655,0.699999999999256));
#5550=CARTESIAN_POINT('',(-0.499997464101443,0.503632002708458,0.699996088473859));
#5551=CARTESIAN_POINT('',(-0.499992961355727,0.505658992519097,0.699989144927848));
#5552=CARTESIAN_POINT('',(-0.499991436016418,0.506229916954184,0.699986792868877));
#5553=CARTESIAN_POINT('',(-0.499987575563667,0.507492833389817,0.699980840434394));
#5554=CARTESIAN_POINT('',(-0.499985279654454,0.508157160894875,0.699977300528383));
#5555=CARTESIAN_POINT('',(-0.499977035034556,0.510248553552134,0.699964589569618));
#5556=CARTESIAN_POINT('',(-0.499969507644759,0.511802402362027,0.699952985424226));
#5557=CARTESIAN_POINT('',(-0.499951213320781,0.514885973901411,0.699924787693586));
#5558=CARTESIAN_POINT('',(-0.49994031965739,0.516452623348078,0.699907998734754));
#5559=CARTESIAN_POINT('',(-0.49990284727107,0.521138103351068,0.699850256543525));
#5560=CARTESIAN_POINT('',(-0.499871701328187,0.52422320013427,0.699802273523783));
#5561=CARTESIAN_POINT('',(-0.499798409507353,0.530296695835519,0.699689398442116));
#5562=CARTESIAN_POINT('',(-0.499755720248101,0.533332711647093,0.699623669274016));
#5563=CARTESIAN_POINT('',(-0.49951077448629,0.548583683049459,0.699246648881444));
#5564=CARTESIAN_POINT('',(-0.499214486372542,0.560933835340839,0.698790941516072));
#5565=CARTESIAN_POINT('',(-0.498419512854827,0.585761286459329,0.697570427292911));
#5566=CARTESIAN_POINT('',(-0.497920470151169,0.598262859791553,0.696805075572904));
#5567=CARTESIAN_POINT('',(-0.496716113099572,0.623429687046113,0.694961322015215));
#5568=CARTESIAN_POINT('',(-0.49601121664613,0.636089904678656,0.693883562401015));
#5569=CARTESIAN_POINT('',(-0.493577630843903,0.67438807279216,0.690169324919604));
#5570=CARTESIAN_POINT('',(-0.491530061088861,0.700301161199716,0.687052071896508));
#5571=CARTESIAN_POINT('',(-0.486599201040706,0.752548342254339,0.679572977260558));
#5572=CARTESIAN_POINT('',(-0.483715847757634,0.778887653511069,0.675211158426656));
#5573=CARTESIAN_POINT('',(-0.477165828784551,0.831738771550704,0.665332472499552));
#5574=CARTESIAN_POINT('',(-0.473498015617174,0.858261444299926,0.659813894549052));
#5575=CARTESIAN_POINT('',(-0.467472701504696,0.898007782801842,0.650768354007296));
#5576=CARTESIAN_POINT('',(-0.465376642782037,0.91125411727697,0.647624635454568));
#5577=CARTESIAN_POINT('',(-0.461028126969204,0.937682407532407,0.641108230839152));
#5578=CARTESIAN_POINT('',(-0.458775362846782,0.950866928046711,0.637735076967517));
#5579=CARTESIAN_POINT('',(-0.45180031887951,0.990316388370305,0.627298112403773));
#5580=CARTESIAN_POINT('',(-0.446861401841181,1.01647621951519,0.619917024911026));
#5581=CARTESIAN_POINT('',(-0.436506084289086,1.06845927069362,0.604452425632758));
#5582=CARTESIAN_POINT('',(-0.43108902739545,1.09428654861935,0.596367848154633));
#5583=CARTESIAN_POINT('',(-0.41426944045146,1.17119793254042,0.57127068568198));
#5584=CARTESIAN_POINT('',(-0.402334581998246,1.22157970658451,0.553467408387423));
#5585=CARTESIAN_POINT('',(-0.383748585021723,1.2961768546024,0.525721839840986));
#5586=CARTESIAN_POINT('',(-0.377436871544121,1.32088355953865,0.516296512243453));
#5587=CARTESIAN_POINT('',(-0.364644170220668,1.36999261222705,0.49718559591686));
#5588=CARTESIAN_POINT('',(-0.358162009473915,1.39439965495075,0.487498250685608));
#5589=CARTESIAN_POINT('',(-0.338517795412915,1.46729007559452,0.45813012451044));
#5590=CARTESIAN_POINT('',(-0.325155128649857,1.51545912866322,0.438138712787087));
#5591=CARTESIAN_POINT('',(-0.304945482392347,1.58735335055685,0.4078920550105));
#5592=CARTESIAN_POINT('',(-0.298178005329876,1.61126817953473,0.397761668735383));
#5593=CARTESIAN_POINT('',(-0.287999942415711,1.64712316901563,0.382524442844559));
#5594=CARTESIAN_POINT('',(-0.284604590879515,1.65906553692223,0.377441136272548));
#5595=CARTESIAN_POINT('',(-0.279509834498037,1.67697277939641,0.36981339882301));
#5596=CARTESIAN_POINT('',(-0.277811282703759,1.6829408361523,0.36727034456494));
#5597=CARTESIAN_POINT('',(-0.274413981102211,1.69487620115142,0.362183865311984));
#5598=CARTESIAN_POINT('',(-0.272715183632181,1.70084345434857,0.359640516845545));
#5599=CARTESIAN_POINT('',(-0.27101672979569,1.70681120347237,0.357097046458627));
#5600=CARTESIAN_POINT('',(-0.151,0.500000000124395,0.7));
#5601=CARTESIAN_POINT('',(-0.151002095671624,0.501718119947682,0.699999999999851));
#5602=CARTESIAN_POINT('',(-0.151006286486768,0.503165772647529,0.699996977933551));
#5603=CARTESIAN_POINT('',(-0.15101736880885,0.504933001785724,0.699991610677767));
#5604=CARTESIAN_POINT('',(-0.151021912568026,0.505430801050783,0.699989792359108));
#5605=CARTESIAN_POINT('',(-0.151032279638902,0.506532035399939,0.699985189998938));
#5606=CARTESIAN_POINT('',(-0.151038124267393,0.507111354589998,0.699982452682882));
#5607=CARTESIAN_POINT('',(-0.151057490857548,0.508935289885558,0.699972621901007));
#5608=CARTESIAN_POINT('',(-0.151072724478672,0.51029064389253,0.699963645098523));
#5609=CARTESIAN_POINT('',(-0.15110823584672,0.512980878746072,0.699941822234053));
#5610=CARTESIAN_POINT('',(-0.151128444465058,0.514347960445184,0.699928825036474));
#5611=CARTESIAN_POINT('',(-0.151196600094752,0.518437481183637,0.699884104608968));
#5612=CARTESIAN_POINT('',(-0.151252199488048,0.521131373478627,0.69984692008946));
#5613=CARTESIAN_POINT('',(-0.151384062542451,0.526437290567999,0.699759364263556));
#5614=CARTESIAN_POINT('',(-0.151460028384035,0.529090896879478,0.699708344313463));
#5615=CARTESIAN_POINT('',(-0.151888321492047,0.542428152831333,0.699415405257052));
#5616=CARTESIAN_POINT('',(-0.152386368739855,0.553251919601914,0.699060577840169));
#5617=CARTESIAN_POINT('',(-0.153665424550105,0.575078457315693,0.698104553139626));
#5618=CARTESIAN_POINT('',(-0.154446231739483,0.586102452039502,0.697502928355062));
#5619=CARTESIAN_POINT('',(-0.156259853380733,0.608381450373003,0.696043934891238));
#5620=CARTESIAN_POINT('',(-0.157292914617203,0.619631960349919,0.695187076771138));
#5621=CARTESIAN_POINT('',(-0.160718751201433,0.653822453182226,0.692212213265308));
#5622=CARTESIAN_POINT('',(-0.163438673672891,0.677165677256593,0.689690405538835));
#5623=CARTESIAN_POINT('',(-0.169497044198401,0.724777241769564,0.683523662913372));
#5624=CARTESIAN_POINT('',(-0.172834892851373,0.749050589229819,0.679878232727096));
#5625=CARTESIAN_POINT('',(-0.17988655398069,0.798379609972528,0.671452746987456));
#5626=CARTESIAN_POINT('',(-0.183598962825467,0.823445345407406,0.666670717385019));
#5627=CARTESIAN_POINT('',(-0.189287695616839,0.861496676169529,0.658670382836801));
#5628=CARTESIAN_POINT('',(-0.191203783479277,0.874259021331072,0.655865307536991));
#5629=CARTESIAN_POINT('',(-0.195056695450666,0.899883190612852,0.649994722735336));
#5630=CARTESIAN_POINT('',(-0.196993309100847,0.912747345738853,0.646928818240572));
#5631=CARTESIAN_POINT('',(-0.202801288628845,0.951473696860205,0.637353288002023));
#5632=CARTESIAN_POINT('',(-0.206669729816542,0.977469772098267,0.630465118587598));
#5633=CARTESIAN_POINT('',(-0.214252516795889,1.02969498654602,0.615774101488985));
#5634=CARTESIAN_POINT('',(-0.217966264431513,1.05592755129886,0.60797032077549));
#5635=CARTESIAN_POINT('',(-0.228709440848018,1.13476960103511,0.583366980427429));
#5636=CARTESIAN_POINT('',(-0.235357880879741,1.18739245770309,0.565416417606307));
#5637=CARTESIAN_POINT('',(-0.24404016719679,1.26614573616812,0.536845264047144));
#5638=CARTESIAN_POINT('',(-0.24672075491605,1.292370413989,0.527046489873991));
#5639=CARTESIAN_POINT('',(-0.251602050918216,1.34468319152995,0.507031968443782));
#5640=CARTESIAN_POINT('',(-0.253801986986474,1.37077586652101,0.496814732742339));
#5641=CARTESIAN_POINT('',(-0.25958908032947,1.44884147209415,0.465694169730233));
#5642=CARTESIAN_POINT('',(-0.262360504124547,1.50061402073105,0.444318210600576));
#5643=CARTESIAN_POINT('',(-0.264573260822704,1.57769776428105,0.41197070212649));
#5644=CARTESIAN_POINT('',(-0.264983845095269,1.60330759933081,0.401136035274487));
#5645=CARTESIAN_POINT('',(-0.265057987071574,1.64160609302847,0.38487111414457));
#5646=CARTESIAN_POINT('',(-0.264994175917895,1.65434651760116,0.37944999606208));
#5647=CARTESIAN_POINT('',(-0.264758609753579,1.6734208050438,0.371326649196351));
#5648=CARTESIAN_POINT('',(-0.264656765934869,1.67977287435299,0.368620239521751));
#5649=CARTESIAN_POINT('',(-0.264405211812247,1.69246539969327,0.36321137033807));
#5650=CARTESIAN_POINT('',(-0.264247519697382,1.69880444489139,0.360509548751165));
#5651=CARTESIAN_POINT('',(-0.264091799729785,1.70514329769829,0.357807910529657));
#5652=CARTESIAN_POINT('',(-0.5,0.5,0.351));
#5653=CARTESIAN_POINT('',(-0.5,0.500000000020267,0.583666666666667));
#5654=CARTESIAN_POINT('',(-0.383666666666667,0.500000000061732,0.7));
#5655=CARTESIAN_POINT('',(-0.151,0.500000000124395,0.7));
#5656=CARTESIAN_POINT('',(-0.0115992059797422,-1.33608255248104,0.7));
#5657=CARTESIAN_POINT('',(-0.00956852261652377,-1.33362651313091,0.7));
#5658=CARTESIAN_POINT('',(-0.0075923040975592,-1.33114318040342,0.7));
#5659=CARTESIAN_POINT('',(-0.00373086388335105,-1.32613108870858,0.7));
#5660=CARTESIAN_POINT('',(-0.00184573335554654,-1.32360225158616,0.7));
#5661=CARTESIAN_POINT('',(0.00200075335197407,-1.31829113933648,0.7));
#5662=CARTESIAN_POINT('',(0.00395517243572687,-1.31550539619191,0.7));
#5663=CARTESIAN_POINT('',(0.00778276557447798,-1.30989329365772,0.7));
#5664=CARTESIAN_POINT('',(0.00965589821324926,-1.3070669135609,0.7));
#5665=CARTESIAN_POINT('',(0.0151661896542629,-1.29853322844124,0.7));
#5666=CARTESIAN_POINT('',(0.0186948198251063,-1.29277166747627,0.7));
#5667=CARTESIAN_POINT('',(0.0255105247294863,-1.28112778645576,0.7));
#5668=CARTESIAN_POINT('',(0.0287972859126246,-1.27524530964415,0.7));
#5669=CARTESIAN_POINT('',(0.0351611272955265,-1.26337553170703,0.7));
#5670=CARTESIAN_POINT('',(0.0382380585413728,-1.25738815610868,0.7));
#5671=CARTESIAN_POINT('',(0.0442053479970134,-1.24532013278369,0.7));
#5672=CARTESIAN_POINT('',(0.0470956261162446,-1.23923944501765,0.7));
#5673=CARTESIAN_POINT('',(0.0527070918236428,-1.22699353725499,0.7));
#5674=CARTESIAN_POINT('',(0.0554282323972688,-1.22082829375835,0.7));
#5675=CARTESIAN_POINT('',(0.063358492681604,-1.20221600052835,0.7));
#5676=CARTESIAN_POINT('',(0.0683353767020254,-1.18965285085767,0.7));
#5677=CARTESIAN_POINT('',(0.0753952801003514,-1.17060544629831,0.7));
#5678=CARTESIAN_POINT('',(0.0776807462704983,-1.16422239919493,0.7));
#5679=CARTESIAN_POINT('',(0.0821233696908208,-1.15139216042252,0.7));
#5680=CARTESIAN_POINT('',(0.0842824972410634,-1.14493876570576,0.7));
#5681=CARTESIAN_POINT('',(0.0905612729679851,-1.12553478051334,0.7));
#5682=CARTESIAN_POINT('',(0.0944783496343174,-1.11255675745538,0.7));
#5683=CARTESIAN_POINT('',(0.101833650988801,-1.08652582475622,0.7));
#5684=CARTESIAN_POINT('',(0.105271657325593,-1.07347288097683,0.7));
#5685=CARTESIAN_POINT('',(0.111711119808463,-1.04729872231675,0.7));
#5686=CARTESIAN_POINT('',(0.114712448516395,-1.03417748750421,0.7));
#5687=CARTESIAN_POINT('',(0.12310900604448,-0.994718788715991,0.7));
#5688=CARTESIAN_POINT('',(0.127899508311687,-0.968286752899194,0.7));
#5689=CARTESIAN_POINT('',(0.136033814806078,-0.915196435433598,0.7));
#5690=CARTESIAN_POINT('',(0.139376524839825,-0.888537982673215,0.7));
#5691=CARTESIAN_POINT('',(0.144704411703078,-0.835008775624964,0.7));
#5692=CARTESIAN_POINT('',(0.146689127737963,-0.808137949251743,0.7));
#5693=CARTESIAN_POINT('',(0.148675437778487,-0.767676766368379,0.7));
#5694=CARTESIAN_POINT('',(0.149172037861387,-0.754163822722903,0.7));
#5695=CARTESIAN_POINT('',(0.149834600242903,-0.727086227747741,0.7));
#5696=CARTESIAN_POINT('',(0.1500000000015,-0.713516141711852,0.7));
#5697=CARTESIAN_POINT('',(0.15,-0.7,0.7));
#5698=CARTESIAN_POINT('',(0.258141323185109,-1.55910731999772,0.7));
#5699=CARTESIAN_POINT('',(0.262957222995361,-1.55328266035203,0.700000000000354));
#5700=CARTESIAN_POINT('',(0.26740509394575,-1.54768452731062,0.699999999999649));
#5701=CARTESIAN_POINT('',(0.275788370486384,-1.53680315963525,0.700000000000352));
#5702=CARTESIAN_POINT('',(0.279722844119252,-1.53151956580875,0.699999999999825));
#5703=CARTESIAN_POINT('',(0.287525287906534,-1.52074618793625,0.700000000000189));
#5704=CARTESIAN_POINT('',(0.291358980348148,-1.51527695299636,0.7));
#5705=CARTESIAN_POINT('',(0.298682475412538,-1.50453908099197,0.7));
#5706=CARTESIAN_POINT('',(0.302171586500705,-1.49927088699908,0.699999999999249));
#5707=CARTESIAN_POINT('',(0.312225472280643,-1.48370062245476,0.700000000001504));
#5708=CARTESIAN_POINT('',(0.318382165835425,-1.47362937392045,0.699999999999251));
#5709=CARTESIAN_POINT('',(0.329938406761954,-1.45388680932004,0.700000000000749));
#5710=CARTESIAN_POINT('',(0.335334201490273,-1.4442179249228,0.700000000001495));
#5711=CARTESIAN_POINT('',(0.345551296752722,-1.4251610935766,0.699999999998505));
#5712=CARTESIAN_POINT('',(0.350371097165873,-1.4157741240478,0.699999999998879));
#5713=CARTESIAN_POINT('',(0.359552888212261,-1.39720521276708,0.700000000001121));
#5714=CARTESIAN_POINT('',(0.363914177959796,-1.38802372948598,0.699999999999626));
#5715=CARTESIAN_POINT('',(0.372258360258437,-1.36981421131602,0.700000000000374));
#5716=CARTESIAN_POINT('',(0.376240887265302,-1.36078641619611,0.699999999998503));
#5717=CARTESIAN_POINT('',(0.38770592377018,-1.33387801550595,0.700000000002995));
#5718=CARTESIAN_POINT('',(0.39471024971681,-1.31616959709881,0.699999999998497));
#5719=CARTESIAN_POINT('',(0.404481239039803,-1.28980776520547,0.700000000000752));
#5720=CARTESIAN_POINT('',(0.407614338291195,-1.28105480027962,0.699999999999623));
#5721=CARTESIAN_POINT('',(0.413657923227198,-1.263601005434,0.700000000000377));
#5722=CARTESIAN_POINT('',(0.416571002668335,-1.25489192522677,0.699999999998868));
#5723=CARTESIAN_POINT('',(0.424985688611065,-1.22888710382403,0.700000000002264));
#5724=CARTESIAN_POINT('',(0.430158659001999,-1.21173371782653,0.699999999999249));
#5725=CARTESIAN_POINT('',(0.439778500950494,-1.17768841549959,0.700000000000751));
#5726=CARTESIAN_POINT('',(0.444224570654969,-1.16079706866207,0.69999999999626));
#5727=CARTESIAN_POINT('',(0.452489153659618,-1.12720443460475,0.700000000003741));
#5728=CARTESIAN_POINT('',(0.456307237916659,-1.11050345388862,0.700000000000747));
#5729=CARTESIAN_POINT('',(0.46692487919533,-1.06060701624305,0.699999999998507));
#5730=CARTESIAN_POINT('',(0.472893853596294,-1.02761457313651,0.700000000001491));
#5731=CARTESIAN_POINT('',(0.482965015896543,-0.961882945706628,0.699999999998509));
#5732=CARTESIAN_POINT('',(0.487064095890456,-0.92914615654388,0.699999999997014));
#5733=CARTESIAN_POINT('',(0.493575052316773,-0.863730665673179,0.700000000002986));
#5734=CARTESIAN_POINT('',(0.495985674899948,-0.831053185662834,0.7));
#5735=CARTESIAN_POINT('',(0.498395680546044,-0.781961313231486,0.7));
#5736=CARTESIAN_POINT('',(0.498997337025594,-0.765584934118854,0.699999999999248));
#5737=CARTESIAN_POINT('',(0.499799838495938,-0.73278830943277,0.700000000000752));
#5738=CARTESIAN_POINT('',(0.500000000003376,-0.71636151074148,0.700000000003001));
#5739=CARTESIAN_POINT('',(0.5,-0.7,0.7));
#5740=CARTESIAN_POINT('',(0.258141323185109,-1.55910731999772,0.35));
#5741=CARTESIAN_POINT('',(0.262957222995649,-1.55328266035222,0.350000000000354));
#5742=CARTESIAN_POINT('',(0.267405093946056,-1.54768452731092,0.35));
#5743=CARTESIAN_POINT('',(0.275788370486079,-1.53680315963494,0.35));
#5744=CARTESIAN_POINT('',(0.279722844119696,-1.53151956580908,0.35));
#5745=CARTESIAN_POINT('',(0.287525287906052,-1.5207461879359,0.35));
#5746=CARTESIAN_POINT('',(0.29135898034832,-1.51527695299647,0.35));
#5747=CARTESIAN_POINT('',(0.298682475412364,-1.50453908099185,0.35));
#5748=CARTESIAN_POINT('',(0.30217158650065,-1.49927088699892,0.349999999999625));
#5749=CARTESIAN_POINT('',(0.312225472280752,-1.48370062245508,0.350000000000752));
#5750=CARTESIAN_POINT('',(0.31838216583587,-1.47362937392038,0.349999999999251));
#5751=CARTESIAN_POINT('',(0.329938406761509,-1.45388680932011,0.350000000000749));
#5752=CARTESIAN_POINT('',(0.335334201490226,-1.44421792492213,0.350000000000747));
#5753=CARTESIAN_POINT('',(0.34555129675277,-1.42516109357727,0.349999999999253));
#5754=CARTESIAN_POINT('',(0.35037109716513,-1.41577412404725,0.349999999999253));
#5755=CARTESIAN_POINT('',(0.359552888213005,-1.39720521276763,0.350000000000747));
#5756=CARTESIAN_POINT('',(0.36391417795919,-1.38802372948553,0.349999999999253));
#5757=CARTESIAN_POINT('',(0.372258360259043,-1.36981421131647,0.350000000000748));
#5758=CARTESIAN_POINT('',(0.376240887266816,-1.36078641619643,0.349999999998877));
#5759=CARTESIAN_POINT('',(0.387705923767154,-1.3338780155053,0.350000000002246));
#5760=CARTESIAN_POINT('',(0.394710249717483,-1.31616959709892,0.349999999999249));
#5761=CARTESIAN_POINT('',(0.404481239039466,-1.28980776520541,0.350000000000376));
#5762=CARTESIAN_POINT('',(0.407614338290957,-1.28105480027941,0.349999999999623));
#5763=CARTESIAN_POINT('',(0.413657923227435,-1.26360100543422,0.350000000000377));
#5764=CARTESIAN_POINT('',(0.416571002668063,-1.25489192522663,0.349999999999245));
#5765=CARTESIAN_POINT('',(0.424985688611608,-1.22888710382433,0.350000000001509));
#5766=CARTESIAN_POINT('',(0.430158659003957,-1.21173371782698,0.35));
#5767=CARTESIAN_POINT('',(0.439778500948535,-1.17768841549914,0.35));
#5768=CARTESIAN_POINT('',(0.444224570655463,-1.16079706866173,0.349999999997756));
#5769=CARTESIAN_POINT('',(0.452489153659123,-1.12720443460508,0.350000000002244));
#5770=CARTESIAN_POINT('',(0.456307237916256,-1.11050345388869,0.350000000000746));
#5771=CARTESIAN_POINT('',(0.466924879196138,-1.0606070162429,0.349999999998507));
#5772=CARTESIAN_POINT('',(0.47289385359717,-1.02761457313974,0.350000000001491));
#5773=CARTESIAN_POINT('',(0.482965015895667,-0.961882945703398,0.34999999999851));
#5774=CARTESIAN_POINT('',(0.487064095891477,-0.929146156542192,0.349999999997014));
#5775=CARTESIAN_POINT('',(0.493575052315751,-0.863730665674868,0.350000000002986));
#5776=CARTESIAN_POINT('',(0.495985674901697,-0.831053185662883,0.35));
#5777=CARTESIAN_POINT('',(0.498395680545169,-0.781961313231462,0.35));
#5778=CARTESIAN_POINT('',(0.498997337024384,-0.765584934118815,0.349999999999249));
#5779=CARTESIAN_POINT('',(0.499799838497147,-0.732788309432809,0.350000000000752));
#5780=CARTESIAN_POINT('',(0.5,-0.716361510741451,0.35));
#5781=CARTESIAN_POINT('',(0.5,-0.7,0.35));
#5782=CARTESIAN_POINT('',(0.258141323185109,-1.55910731999772,0.35));
#5783=CARTESIAN_POINT('',(0.258350656176397,-1.55885413918525,0.350000000000015));
#5784=CARTESIAN_POINT('',(0.258559293819463,-1.55860138636875,0.350000000000029));
#5785=CARTESIAN_POINT('',(0.25876724529568,-1.55834905587518,0.350000000000042));
#5786=CARTESIAN_POINT('',(0.258141323185109,-1.55910731999772,0.349999999999932));
#5787=CARTESIAN_POINT('',(-6.95190432997705E-16,-1.32105371891734,0.7));
#5788=CARTESIAN_POINT('',(0.00408428143136472,-1.32482017478952,0.7));
#5789=CARTESIAN_POINT('',(0.0103187622395948,-1.33056808127317,0.6999022590866));
#5790=CARTESIAN_POINT('',(0.0188195448640115,-1.33840596212895,0.699540493418132));
#5791=CARTESIAN_POINT('',(0.0252821074325355,-1.34436521808291,0.699144033699885));
#5792=CARTESIAN_POINT('',(0.0318244992665965,-1.35039889505626,0.698612833703014));
#5793=CARTESIAN_POINT('',(0.0373370495921873,-1.35548335467726,0.698049645275193));
#5794=CARTESIAN_POINT('',(0.0417797372167056,-1.35958113822655,0.697521720244916));
#5795=CARTESIAN_POINT('',(0.0445693960257031,-1.3621541956887,0.697158427018797));
#5796=CARTESIAN_POINT('',(0.0468081234444262,-1.36421903157712,0.696847188108153));
#5797=CARTESIAN_POINT('',(0.0484914022107211,-1.36577151479664,0.696603154988247));
#5798=CARTESIAN_POINT('',(0.0498946894773555,-1.36706571029214,0.696391282600221));
#5799=CARTESIAN_POINT('',(0.0508829028406957,-1.36797706454187,0.696237516927471));
#5800=CARTESIAN_POINT('',(0.051441013705486,-1.3684917572185,0.696149412862285));
#5801=CARTESIAN_POINT('',(0.0518794770194165,-1.36889610381826,0.696079480889963));
#5802=CARTESIAN_POINT('',(0.0522429111462784,-1.36923125473856,0.696020978324423));
#5803=CARTESIAN_POINT('',(0.0527542480838624,-1.36970279398164,0.695938003908454));
#5804=CARTESIAN_POINT('',(0.0536380502152145,-1.37051779657231,0.69579269186113));
#5805=CARTESIAN_POINT('',(0.0549104549697207,-1.37169111982675,0.695578147048884));
#5806=CARTESIAN_POINT('',(0.0564399508929587,-1.37310147498108,0.695311464314464));
#5807=CARTESIAN_POINT('',(0.0584871986767293,-1.37498921218285,0.694942619762986));
#5808=CARTESIAN_POINT('',(0.0610586593131493,-1.37736026815157,0.694456597849541));
#5809=CARTESIAN_POINT('',(0.0651989348352751,-1.38117785297082,0.693623710162934));
#5810=CARTESIAN_POINT('',(0.0704198610319444,-1.38599195816101,0.692475561339412));
#5811=CARTESIAN_POINT('',(0.076749480385015,-1.39182879167177,0.690915006822992));
#5812=CARTESIAN_POINT('',(0.0831347806899262,-1.397717465156,0.689159899195359));
#5813=CARTESIAN_POINT('',(0.0884951194040339,-1.40266122518256,0.687524985557295));
#5814=CARTESIAN_POINT('',(0.0928018987336503,-1.40663336558356,0.686107641054999));
#5815=CARTESIAN_POINT('',(0.0960414355084864,-1.40962116685401,0.684987810494184));
#5816=CARTESIAN_POINT('',(0.0987434146515075,-1.41211311472211,0.684007715204472));
#5817=CARTESIAN_POINT('',(0.100644507277052,-1.41386636262248,0.683292794809427));
#5818=CARTESIAN_POINT('',(0.101720469499528,-1.41485862551486,0.682881049600847));
#5819=CARTESIAN_POINT('',(0.102558901374111,-1.41563182066459,0.68255622881521));
#5820=CARTESIAN_POINT('',(0.103278603909412,-1.41629551318637,0.682274250401302));
#5821=CARTESIAN_POINT('',(0.10428101272453,-1.41721989993946,0.68187752246714));
#5822=CARTESIAN_POINT('',(0.106018608923508,-1.41882222218255,0.681178566468277));
#5823=CARTESIAN_POINT('',(0.108518699354072,-1.42112761529078,0.680140744559688));
#5824=CARTESIAN_POINT('',(0.111525449832824,-1.42390016023814,0.678838762844582));
#5825=CARTESIAN_POINT('',(0.115548937161516,-1.42761023097936,0.677022236097895));
#5826=CARTESIAN_POINT('',(0.120598902623902,-1.43226687998731,0.674597572240982));
#5827=CARTESIAN_POINT('',(0.126682519097064,-1.43787694188044,0.671427164457959));
#5828=CARTESIAN_POINT('',(0.132778907057799,-1.44349909636521,0.667981687997478));
#5829=CARTESIAN_POINT('',(0.137860958945723,-1.44818602789306,0.664868907972999));
#5830=CARTESIAN_POINT('',(0.141922048325638,-1.45193141167878,0.662226244815103));
#5831=CARTESIAN_POINT('',(0.144457296024164,-1.45426955941694,0.660509358901709));
#5832=CARTESIAN_POINT('',(0.146482709022415,-1.45613748311691,0.65909598365657));
#5833=CARTESIAN_POINT('',(0.14800101554866,-1.45753771285724,0.658015159750295));
#5834=CARTESIAN_POINT('',(0.149262719083203,-1.45870127546442,0.65709902239345));
#5835=CARTESIAN_POINT('',(0.150149438447136,-1.45951900855194,0.656445402156328));
#5836=CARTESIAN_POINT('',(0.150649159875058,-1.45997984795675,0.656074348425877));
#5837=CARTESIAN_POINT('',(0.151042812761095,-1.46034286923195,0.655780507551723));
#5838=CARTESIAN_POINT('',(0.151363779104755,-1.46063885851214,0.655539788573397));
#5839=CARTESIAN_POINT('',(0.151817062820517,-1.46105686741382,0.65519844322941));
#5840=CARTESIAN_POINT('',(0.152598435636885,-1.46177742992825,0.654606022963774));
#5841=CARTESIAN_POINT('',(0.153720628296986,-1.46281227982788,0.653743954591045));
#5842=CARTESIAN_POINT('',(0.155064092376621,-1.46405116875054,0.652693397470033));
#5843=CARTESIAN_POINT('',(0.156855390588338,-1.46570302232141,0.651267617709284));
#5844=CARTESIAN_POINT('',(0.159092092364414,-1.46776559406986,0.649439438965649));
#5845=CARTESIAN_POINT('',(0.16266478674795,-1.47106014506084,0.646413365405907));
#5846=CARTESIAN_POINT('',(0.167115719199321,-1.47516458719831,0.642437330079791));
#5847=CARTESIAN_POINT('',(0.17242251526279,-1.48005837507685,0.637342183197561));
#5848=CARTESIAN_POINT('',(0.176807238048751,-1.48410195378041,0.632814125281657));
#5849=CARTESIAN_POINT('',(0.180286956030548,-1.4873109859487,0.629014924361622));
#5850=CARTESIAN_POINT('',(0.182881317048085,-1.48970354791192,0.6260752375654));
#5851=CARTESIAN_POINT('',(0.185458835122181,-1.49208058265794,0.623043351808726));
#5852=CARTESIAN_POINT('',(0.187591566632228,-1.49404742180374,0.620438298086266));
#5853=CARTESIAN_POINT('',(0.189287863204537,-1.49561176361778,0.618306249666838));
#5854=CARTESIAN_POINT('',(0.190343882165224,-1.49658562916266,0.616953369401031));
#5855=CARTESIAN_POINT('',(0.191185850154545,-1.49736209144762,0.615859075862722));
#5856=CARTESIAN_POINT('',(0.19181653748241,-1.49794370834423,0.615031444441332));
#5857=CARTESIAN_POINT('',(0.192339201085028,-1.49842570398911,0.614338971545226));
#5858=CARTESIAN_POINT('',(0.192707929520554,-1.49876574064935,0.613846843212471));
#5859=CARTESIAN_POINT('',(0.192913034425474,-1.4989548854171,0.613572144540439));
#5860=CARTESIAN_POINT('',(0.193082048356119,-1.49911074732912,0.613345172389719));
#5861=CARTESIAN_POINT('',(0.193192591824255,-1.49921268872648,0.613196390727457));
#5862=CARTESIAN_POINT('',(0.193360288955754,-1.49936733657892,0.612970333397364));
#5863=CARTESIAN_POINT('',(0.193644078479838,-1.49962904369557,0.612586629719998));
#5864=CARTESIAN_POINT('',(0.194053918928267,-1.50000699496676,0.612029383830673));
#5865=CARTESIAN_POINT('',(0.194542732830068,-1.50045777735803,0.611359631787552));
#5866=CARTESIAN_POINT('',(0.195194051335564,-1.50105842412796,0.610460399331538));
#5867=CARTESIAN_POINT('',(0.196005712773053,-1.50180694528164,0.609326848084835));
#5868=CARTESIAN_POINT('',(0.197299627264692,-1.50300021630871,0.607491790603626));
#5869=CARTESIAN_POINT('',(0.198907579610927,-1.50448311980838,0.605157997377007));
#5870=CARTESIAN_POINT('',(0.200821371546775,-1.50624810746928,0.602292342935124));
#5871=CARTESIAN_POINT('',(0.202718635651717,-1.50799787711094,0.599360597500806));
#5872=CARTESIAN_POINT('',(0.205225284456901,-1.51030968386961,0.595362092808211));
#5873=CARTESIAN_POINT('',(0.208313494286606,-1.5131578835036,0.590193537900542));
#5874=CARTESIAN_POINT('',(0.211941018764332,-1.5165034994459,0.583710175571791));
#5875=CARTESIAN_POINT('',(0.216664916005614,-1.52086025147894,0.574679483421636));
#5876=CARTESIAN_POINT('',(0.222342419697279,-1.52609633110442,0.562645332629382));
#5877=CARTESIAN_POINT('',(0.22767337599703,-1.5310123871052,0.549557656830245));
#5878=CARTESIAN_POINT('',(0.231703306017114,-1.53472838834348,0.538418793719774));
#5879=CARTESIAN_POINT('',(0.234601438316591,-1.53740063028324,0.529720919239034));
#5880=CARTESIAN_POINT('',(0.236907139058124,-1.53952653823391,0.522178364853765));
#5881=CARTESIAN_POINT('',(0.238682505921946,-1.54116344935515,0.515962924116841));
#5882=CARTESIAN_POINT('',(0.239978537334914,-1.54235840891103,0.511209426198786));
#5883=CARTESIAN_POINT('',(0.241238167759874,-1.54351982032052,0.506362809627209));
#5884=CARTESIAN_POINT('',(0.242256779816341,-1.54445903049004,0.502245279949812));
#5885=CARTESIAN_POINT('',(0.243052533816819,-1.54519277745233,0.498903561374937));
#5886=CARTESIAN_POINT('',(0.243541872069252,-1.54564399692183,0.496794701586249));
#5887=CARTESIAN_POINT('',(0.243928330049484,-1.54600035859468,0.495096056368385));
#5888=CARTESIAN_POINT('',(0.244216037430298,-1.54626566460682,0.493814498751412));
#5889=CARTESIAN_POINT('',(0.244452695385795,-1.54648389997249,0.49274623331021));
#5890=CARTESIAN_POINT('',(0.244619297294119,-1.54663753512741,0.491986401163718));
#5891=CARTESIAN_POINT('',(0.244711014999391,-1.54672211500202,0.491566080615448));
#5892=CARTESIAN_POINT('',(0.244788580134847,-1.54679364413361,0.491209231906581));
#5893=CARTESIAN_POINT('',(0.244831841482136,-1.54683353919865,0.491009584402856));
#5894=CARTESIAN_POINT('',(0.244901339009179,-1.54689762928418,0.490688285078383));
#5895=CARTESIAN_POINT('',(0.245017087314669,-1.54700437257445,0.490151025068225));
#5896=CARTESIAN_POINT('',(0.245184457368044,-1.54715872438958,0.489368538976646));
#5897=CARTESIAN_POINT('',(0.245382628004997,-1.5473414855989,0.488432713055878));
#5898=CARTESIAN_POINT('',(0.245645381625708,-1.54758381362306,0.487179521203199));
#5899=CARTESIAN_POINT('',(0.245970090658832,-1.54788329115319,0.485607285715934));
#5900=CARTESIAN_POINT('',(0.246482037588772,-1.54835547728955,0.483077574192844));
#5901=CARTESIAN_POINT('',(0.247107514236768,-1.54893240992677,0.479889715593239));
#5902=CARTESIAN_POINT('',(0.247834865368259,-1.54960335434181,0.476022659726243));
#5903=CARTESIAN_POINT('',(0.248538831913388,-1.55025276176885,0.472113840649149));
#5904=CARTESIAN_POINT('',(0.249446081393097,-1.55108973040436,0.466846093016615));
#5905=CARTESIAN_POINT('',(0.250520943316312,-1.55208136736311,0.460155916596214));
#5906=CARTESIAN_POINT('',(0.251714853155481,-1.55318283530195,0.451957230521031));
#5907=CARTESIAN_POINT('',(0.253177208919198,-1.55453189608098,0.440796096076746));
#5908=CARTESIAN_POINT('',(0.254759229115591,-1.55599110736368,0.426410024622965));
#5909=CARTESIAN_POINT('',(0.256254198728223,-1.55736943369142,0.408437630842076));
#5910=CARTESIAN_POINT('',(0.257335533563277,-1.55836575043572,0.389742351814215));
#5911=CARTESIAN_POINT('',(0.257992851132992,-1.55897084068808,0.370310300703898));
#5912=CARTESIAN_POINT('',(0.258141323185109,-1.55910731999772,0.356855086709851));
#5913=CARTESIAN_POINT('',(0.258141323185109,-1.55910731999772,0.35));
#5914=CARTESIAN_POINT('',(-0.258827673964212,-1.55827569705217,0.349999999999932));
#5915=CARTESIAN_POINT('',(-0.253978845920091,-1.56416147230294,0.349999999999932));
#5916=CARTESIAN_POINT('',(-0.249080150458865,-1.56988150748715,0.349999999999932));
#5917=CARTESIAN_POINT('',(-0.229297425103129,-1.59208678393211,0.349999999999932));
#5918=CARTESIAN_POINT('',(-0.214037508186953,-1.60722229660916,0.349999999999932));
#5919=CARTESIAN_POINT('',(-0.177625868932574,-1.63880796692008,0.349999999999932));
#5920=CARTESIAN_POINT('',(-0.156206609169659,-1.65401366458039,0.349999999999932));
#5921=CARTESIAN_POINT('',(-0.112538001196531,-1.6784580411189,0.349999999999932));
#5922=CARTESIAN_POINT('',(-0.0902889018212482,-1.68769658070677,0.349999999999932));
#5923=CARTESIAN_POINT('',(-0.0453715497276018,-1.70003593573431,0.349999999999932));
#5924=CARTESIAN_POINT('',(-0.0227035529598329,-1.70313668086116,0.349999999999932));
#5925=CARTESIAN_POINT('',(0.0226329170268042,-1.7031431057392,0.349999999999932));
#5926=CARTESIAN_POINT('',(0.0453011319068368,-1.70004878545376,0.349999999999932));
#5927=CARTESIAN_POINT('',(0.0902193524259392,-1.68772216151441,0.349999999999932));
#5928=CARTESIAN_POINT('',(0.112469102109466,-1.67848992810076,0.349999999999932));
#5929=CARTESIAN_POINT('',(0.156139430893634,-1.65405792883856,0.349999999999932));
#5930=CARTESIAN_POINT('',(0.177559761149541,-1.63885830220983,0.349999999999932));
#5931=CARTESIAN_POINT('',(0.213973624140419,-1.60728295239739,0.349999999999932));
#5932=CARTESIAN_POINT('',(0.229234606649642,-1.59215176502668,0.349999999999932));
#5933=CARTESIAN_POINT('',(0.24901889539535,-1.56995209583091,0.349999999999932));
#5934=CARTESIAN_POINT('',(0.25391799358734,-1.56423344914018,0.349999999999932));
#5935=CARTESIAN_POINT('',(0.258767236037582,-1.55834904824535,0.349999999999932));
#5936=CARTESIAN_POINT('',(-0.258827673964212,-1.55827569705217,0.338060305726665));
#5937=CARTESIAN_POINT('',(-0.253981149193791,-1.56415867665642,0.338056416039809));
#5938=CARTESIAN_POINT('',(-0.249080150459295,-1.56988150748666,0.338060303605105));
#5939=CARTESIAN_POINT('',(-0.229297425101836,-1.59208678393357,0.338060299361984));
#5940=CARTESIAN_POINT('',(-0.214037508184626,-1.60722229661177,0.338060296179644));
#5941=CARTESIAN_POINT('',(-0.177625868928346,-1.63880796692482,0.338060288754183));
#5942=CARTESIAN_POINT('',(-0.156206609164736,-1.65401366458592,0.338060284511062));
#5943=CARTESIAN_POINT('',(-0.112538001190815,-1.67845804112532,0.338060276024821));
#5944=CARTESIAN_POINT('',(-0.0902889018154345,-1.6876965807133,0.338060271781701));
#5945=CARTESIAN_POINT('',(-0.0453715497220064,-1.70003593574059,0.33806026329546));
#5946=CARTESIAN_POINT('',(-0.0227035529545535,-1.70313668086709,0.338060259052339));
#5947=CARTESIAN_POINT('',(0.0226329170312216,-1.70314310574416,0.338060250566099));
#5948=CARTESIAN_POINT('',(0.0453011319107083,-1.70004878545811,0.338060246322978));
#5949=CARTESIAN_POINT('',(0.0902193524286729,-1.68772216151748,0.338060237836737));
#5950=CARTESIAN_POINT('',(0.112469102111608,-1.67848992810316,0.338060233593616));
#5951=CARTESIAN_POINT('',(0.156139430894731,-1.65405792883979,0.338060225107375));
#5952=CARTESIAN_POINT('',(0.177559761150183,-1.63885830221055,0.338060220864255));
#5953=CARTESIAN_POINT('',(0.213973624140548,-1.60728295239753,0.338060213438794));
#5954=CARTESIAN_POINT('',(0.229234606649642,-1.59215176502668,0.338060210256454));
#5955=CARTESIAN_POINT('',(0.24901889539535,-1.56995209583091,0.338060206013333));
#5956=CARTESIAN_POINT('',(0.253920300927493,-1.56423064897217,0.338056299326829));
#5957=CARTESIAN_POINT('',(0.258767236037582,-1.55834904824535,0.338060203891773));
#5958=CARTESIAN_POINT('',(-0.258602864874407,-1.55806965394956,0.326146948594341));
#5959=CARTESIAN_POINT('',(-0.253766340522847,-1.56394026229969,0.326132693561381));
#5960=CARTESIAN_POINT('',(-0.248870998192738,-1.56965585375418,0.326133238374026));
#5961=CARTESIAN_POINT('',(-0.229117788727632,-1.59182339230696,0.326107122941414));
#5962=CARTESIAN_POINT('',(-0.213877373574631,-1.60693286139302,0.326089493894809));
#5963=CARTESIAN_POINT('',(-0.177506380662828,-1.63846376672348,0.326052927350128));
#5964=CARTESIAN_POINT('',(-0.156106642896398,-1.65364274784328,0.32603551248452));
#5965=CARTESIAN_POINT('',(-0.112472190070768,-1.67804393861074,0.326007644034236));
#5966=CARTESIAN_POINT('',(-0.0902377228744869,-1.68726600951216,0.32599719044956));
#5967=CARTESIAN_POINT('',(-0.0453472046755648,-1.69958333741314,0.325983245236513));
#5968=CARTESIAN_POINT('',(-0.0226914086237116,-1.70267852437454,0.32597975360814));
#5969=CARTESIAN_POINT('',(0.0226206622535376,-1.70268496327569,0.32597973298307));
#5970=CARTESIAN_POINT('',(0.0452766797492343,-1.69959621517898,0.325983203986372));
#5971=CARTESIAN_POINT('',(0.0901680797156487,-1.68729163911304,0.325997109300021));
#5972=CARTESIAN_POINT('',(0.11240320723065,-1.67807588110969,0.326007543610367));
#5973=CARTESIAN_POINT('',(0.156039407614049,-1.65368706645868,0.326035376213477));
#5974=CARTESIAN_POINT('',(0.177440232609761,-1.63851414848698,0.326052774506239));
#5975=CARTESIAN_POINT('',(0.213813484499191,-1.60699353066797,0.326089315594137));
#5976=CARTESIAN_POINT('',(0.229054982262145,-1.59188836658286,0.326106934870381));
#5977=CARTESIAN_POINT('',(0.248809780387088,-1.56972639791311,0.326133039175324));
#5978=CARTESIAN_POINT('',(0.253705539606723,-1.5640121762732,0.326132459864711));
#5979=CARTESIAN_POINT('',(0.258542477489054,-1.5581429396413,0.326146744317227));
#5980=CARTESIAN_POINT('',(-0.257632198970748,-1.55718001459126,0.302381489768254));
#5981=CARTESIAN_POINT('',(-0.252841987026893,-1.562992994746,0.302351569954757));
#5982=CARTESIAN_POINT('',(-0.247983807473262,-1.56866087798715,0.302348602141381));
#5983=CARTESIAN_POINT('',(-0.228385304008595,-1.59062632993112,0.302285956002122));
#5984=CARTESIAN_POINT('',(-0.213242961839065,-1.60559724403176,0.302243665178855));
#5985=CARTESIAN_POINT('',(-0.17706751795258,-1.63683795496624,0.302155941045778));
#5986=CARTESIAN_POINT('',(-0.155754147777733,-1.65187634413427,0.302114159220815));
#5987=CARTESIAN_POINT('',(-0.112258790139818,-1.67605092183476,0.30204729274294));
#5988=CARTESIAN_POINT('',(-0.0900770468946265,-1.68518697366136,0.302022208090028));
#5989=CARTESIAN_POINT('',(-0.045275214490535,-1.69738932985542,0.301988740626146));
#5990=CARTESIAN_POINT('',(-0.0226553765331463,-1.70045556521468,0.301980357815175));
#5991=CARTESIAN_POINT('',(0.0225847757795177,-1.70046200235297,0.301980298705064));
#5992=CARTESIAN_POINT('',(0.0452048365893538,-1.69740220409606,0.301988622405924));
#5993=CARTESIAN_POINT('',(0.0900075564542925,-1.68521258802816,0.302021980989364));
#5994=CARTESIAN_POINT('',(0.112189964303028,-1.67608283915415,0.302047015871942));
#5995=CARTESIAN_POINT('',(0.155687081120381,-1.65192060127969,0.302113801488711));
#5996=CARTESIAN_POINT('',(0.177001545861499,-1.63688824891586,0.302155552222899));
#5997=CARTESIAN_POINT('',(0.213179264489226,-1.60565775779752,0.302243246464041));
#5998=CARTESIAN_POINT('',(0.2283226969652,-1.59069111274642,0.302285532356916));
#5999=CARTESIAN_POINT('',(0.247922800715542,-1.56873117113947,0.302348185056384));
#6000=CARTESIAN_POINT('',(0.252781406375134,-1.56306463496907,0.302351097832075));
#6001=CARTESIAN_POINT('',(0.257572028792287,-1.55725301653272,0.302381079319844));
#6002=CARTESIAN_POINT('',(-0.256886596215117,-1.55649665118625,0.290529326146202));
#6003=CARTESIAN_POINT('',(-0.25213069621176,-1.5622668024983,0.290491125339734));
#6004=CARTESIAN_POINT('',(-0.247302210115775,-1.56789656926675,0.290485099289052));
#6005=CARTESIAN_POINT('',(-0.227822346837853,-1.58970677896646,0.290400852947474));
#6006=CARTESIAN_POINT('',(-0.212755242353566,-1.60457132980126,0.29034397943174));
#6007=CARTESIAN_POINT('',(-0.176729869931299,-1.63558936540802,0.290226004598074));
#6008=CARTESIAN_POINT('',(-0.155482830011389,-1.65051995460885,0.290169813292268));
#6009=CARTESIAN_POINT('',(-0.11209437487213,-1.67452082895766,0.290079884188622));
#6010=CARTESIAN_POINT('',(-0.0899532011976261,-1.68359097889608,0.290046146390781));
#6011=CARTESIAN_POINT('',(-0.045219671856077,-1.6957052588347,0.290001132041304));
#6012=CARTESIAN_POINT('',(-0.0226275646410735,-1.69874932058202,0.289989855489668));
#6013=CARTESIAN_POINT('',(0.0225571234970046,-1.69875575117673,0.289989771370846));
#6014=CARTESIAN_POINT('',(0.0451494536497641,-1.69571811998857,0.290000963803657));
#6015=CARTESIAN_POINT('',(0.0898838708366178,-1.683616562742,0.290045825391971));
#6016=CARTESIAN_POINT('',(0.112025709413867,-1.67455270486604,0.290079494547473));
#6017=CARTESIAN_POINT('',(0.155415924673782,-1.65056413984475,0.290169317319407));
#6018=CARTESIAN_POINT('',(0.176664059802085,-1.63563956784052,0.29022547093584));
#6019=CARTESIAN_POINT('',(0.212691708575071,-1.60463170624315,0.290343420438873));
#6020=CARTESIAN_POINT('',(0.22775990421233,-1.58977140113333,0.290400296156904));
#6021=CARTESIAN_POINT('',(0.247241369194035,-1.56796666448257,0.290484567198684));
#6022=CARTESIAN_POINT('',(0.252070284412034,-1.56233823201459,0.290490532442614));
#6023=CARTESIAN_POINT('',(0.256826592657141,-1.55656943496385,0.290528811967797));
#6024=CARTESIAN_POINT('',(-0.255308401621798,-1.55505019672651,0.272805077983999));
#6025=CARTESIAN_POINT('',(-0.250618439673975,-1.56073734058389,0.272753947779488));
#6026=CARTESIAN_POINT('',(-0.245849169735424,-1.56629083644142,0.272741675929033));
#6027=CARTESIAN_POINT('',(-0.226602711368383,-1.58779563303524,0.272620902301345));
#6028=CARTESIAN_POINT('',(-0.211685871568546,-1.60245102247716,0.272539368122444));
#6029=CARTESIAN_POINT('',(-0.175965167426202,-1.63303128757105,0.272370235824469));
#6030=CARTESIAN_POINT('',(-0.154857197202533,-1.64775004474059,0.272289675745215));
#6031=CARTESIAN_POINT('',(-0.111700450209661,-1.67140964875797,0.272160743072241));
#6032=CARTESIAN_POINT('',(-0.0896519098822414,-1.68035036325277,0.272112370478522));
#6033=CARTESIAN_POINT('',(-0.0450805135229789,-1.69229166291753,0.272047826365832));
#6034=CARTESIAN_POINT('',(-0.022557900694191,-1.69529218127656,0.272031654846862));
#6035=CARTESIAN_POINT('',(0.022487793616254,-1.69529858773978,0.272031526472883));
#6036=CARTESIAN_POINT('',(0.0450106296255605,-1.69230447580917,0.272047569617874));
#6037=CARTESIAN_POINT('',(0.089582914883693,-1.68037584518425,0.272111884161035));
#6038=CARTESIAN_POINT('',(0.111632120924762,-1.67144139323192,0.272160155559204));
#6039=CARTESIAN_POINT('',(0.154790630474364,-1.64779402867726,0.272288940197932));
#6040=CARTESIAN_POINT('',(0.175899697531796,-1.63308124836093,0.272369453438492));
#6041=CARTESIAN_POINT('',(0.211622681936452,-1.60251107237098,0.272538575112125));
#6042=CARTESIAN_POINT('',(0.226540614909852,-1.5878598876704,0.272620127669536));
#6043=CARTESIAN_POINT('',(0.245788678287228,-1.5663605017575,0.272740964021568));
#6044=CARTESIAN_POINT('',(0.250558381561947,-1.56080832025496,0.272753171997605));
#6045=CARTESIAN_POINT('',(0.255248749349109,-1.55512251744392,0.272804407205955));
#6046=CARTESIAN_POINT('',(-0.25470551870315,-1.55449763958934,0.266906016688552));
#6047=CARTESIAN_POINT('',(-0.250039971086717,-1.56015395119172,0.266850474709301));
#6048=CARTESIAN_POINT('',(-0.245292907324306,-1.56567880609657,0.266835827733494));
#6049=CARTESIAN_POINT('',(-0.226133570363365,-1.58706957272635,0.266702125531681));
#6050=CARTESIAN_POINT('',(-0.211273097319964,-1.60164688191043,0.266611862812479));
#6051=CARTESIAN_POINT('',(-0.175667282980074,-1.63206374323149,0.266424623406494));
#6052=CARTESIAN_POINT('',(-0.154612285149037,-1.6467034452512,0.26633543792154));
#6053=CARTESIAN_POINT('',(-0.111544677650146,-1.67023569747556,0.266192699648318));
#6054=CARTESIAN_POINT('',(-0.0895323025408025,-1.6791281163814,0.26613914686005));
#6055=CARTESIAN_POINT('',(-0.0450248642555162,-1.69100487400784,0.266067689754242));
#6056=CARTESIAN_POINT('',(-0.0225300423455019,-1.69398914644968,0.266049785436702));
#6057=CARTESIAN_POINT('',(0.0224600681530986,-1.69399554287056,0.266049641046391));
#6058=CARTESIAN_POINT('',(0.0449551132245354,-1.69101766681508,0.266067400973619));
#6059=CARTESIAN_POINT('',(0.0894634403627583,-1.67915355638874,0.266138600846885));
#6060=CARTESIAN_POINT('',(0.111476481158951,-1.67026738822826,0.266192040792922));
#6061=CARTESIAN_POINT('',(0.154545851244102,-1.64674734834508,0.266334616477846));
#6062=CARTESIAN_POINT('',(0.175601945965304,-1.63211360785472,0.266423752216733));
#6063=CARTESIAN_POINT('',(0.211210040869854,-1.60170680415555,0.266610987380815));
#6064=CARTESIAN_POINT('',(0.226071607282284,-1.5871336847218,0.266701274900751));
#6065=CARTESIAN_POINT('',(0.24523254965868,-1.5657483062635,0.266835054534701));
#6066=CARTESIAN_POINT('',(0.249980047879469,-1.56022475875437,0.266849637608394));
#6067=CARTESIAN_POINT('',(0.25464600045362,-1.5545697832576,0.266905293543418));
#6068=CARTESIAN_POINT('',(-0.253675257295051,-1.55355337947417,0.25807221464757));
#6069=CARTESIAN_POINT('',(-0.249049737279608,-1.559158932226,0.258009971617721));
#6070=CARTESIAN_POINT('',(-0.244339472063269,-1.56463624034703,0.257991406393941));
#6071=CARTESIAN_POINT('',(-0.225324136596194,-1.58583853703809,0.257837475105501));
#6072=CARTESIAN_POINT('',(-0.210557512257456,-1.6002868160627,0.257733554920435));
#6073=CARTESIAN_POINT('',(-0.175144455373458,-1.63043367535528,0.257517983325364));
#6074=CARTESIAN_POINT('',(-0.154179614819109,-1.64494277337856,0.257415301527606));
#6075=CARTESIAN_POINT('',(-0.111265831984477,-1.66826464834592,0.257250961203429));
#6076=CARTESIAN_POINT('',(-0.0893171211872005,-1.67707729571275,0.257189302677009));
#6077=CARTESIAN_POINT('',(-0.0449238160732257,-1.68884744889512,0.25710702822513));
#6078=CARTESIAN_POINT('',(-0.0224794598590045,-1.69180488930092,0.257086412299671));
#6079=CARTESIAN_POINT('',(0.0224097159500848,-1.69181126704413,0.257086242379341));
#6080=CARTESIAN_POINT('',(0.0448542952207731,-1.68886020434747,0.257106688384469));
#6081=CARTESIAN_POINT('',(0.0892484888175935,-1.67710265856606,0.257188661654937));
#6082=CARTESIAN_POINT('',(0.111197865036645,-1.66829624082355,0.257250188920277));
#6083=CARTESIAN_POINT('',(0.1541134099156,-1.64498653103971,0.257414344040793));
#6084=CARTESIAN_POINT('',(0.175079347083375,-1.63048336851003,0.25751697189597));
#6085=CARTESIAN_POINT('',(0.210494684251204,-1.60034651476665,0.257732550572057));
#6086=CARTESIAN_POINT('',(0.225262401904719,-1.58590240108434,0.257836506410586));
#6087=CARTESIAN_POINT('',(0.244279342895565,-1.56470545649698,0.257990539601546));
#6088=CARTESIAN_POINT('',(0.248990043979776,-1.5592294449407,0.258009042159181));
#6089=CARTESIAN_POINT('',(0.253615967645781,-1.55362522018965,0.258071412699602));
#6090=CARTESIAN_POINT('',(-0.253310831210682,-1.55321937393568,0.255130080842878));
#6091=CARTESIAN_POINT('',(-0.248699221412887,-1.55880725532599,0.255065590231418));
#6092=CARTESIAN_POINT('',(-0.244001803957009,-1.56426795029327,0.255045659664987));
#6093=CARTESIAN_POINT('',(-0.225036689129172,-1.58540451950593,0.254884845976766));
#6094=CARTESIAN_POINT('',(-0.210302897901989,-1.59980780351522,0.254776279193844));
#6095=CARTESIAN_POINT('',(-0.174957498836956,-1.62986051273651,0.254551068281232));
#6096=CARTESIAN_POINT('',(-0.154024495081269,-1.64432407254882,0.2544437946785));
#6097=CARTESIAN_POINT('',(-0.111165342725612,-1.66757259683543,0.25427210472891));
#6098=CARTESIAN_POINT('',(-0.0892394245417152,-1.67635743232972,0.254207688382052));
#6099=CARTESIAN_POINT('',(-0.0448872002703287,-1.688090418799,0.254121733505421));
#6100=CARTESIAN_POINT('',(-0.0224611311878716,-1.69103850466576,0.254100194975648));
#6101=CARTESIAN_POINT('',(0.0223914692023016,-1.69104487558006,0.254100016294395));
#6102=CARTESIAN_POINT('',(0.0448177612935222,-1.6881031605937,0.254121376142916));
#6103=CARTESIAN_POINT('',(0.089170873874192,-1.67638276708449,0.254207014779462));
#6104=CARTESIAN_POINT('',(0.111097457354026,-1.6676041536027,0.254271293567488));
#6105=CARTESIAN_POINT('',(0.153958371475656,-1.64436777770018,0.254442790644253));
#6106=CARTESIAN_POINT('',(0.174892471692299,-1.62991014419414,0.254550008932994));
#6107=CARTESIAN_POINT('',(0.21024015082516,-1.59986742235571,0.254775230992474));
#6108=CARTESIAN_POINT('',(0.224975035291129,-1.58546829523233,0.254883837249668));
#6109=CARTESIAN_POINT('',(0.243941755595614,-1.56433706571675,0.255044761398655));
#6110=CARTESIAN_POINT('',(0.248639609343557,-1.55887766363855,0.255064629923845));
#6111=CARTESIAN_POINT('',(0.253251622358743,-1.55329110743179,0.255129252585298));
#6112=CARTESIAN_POINT('',(-0.252537969252202,-1.55251102679565,0.24925098169336));
#6113=CARTESIAN_POINT('',(-0.247955274196767,-1.55806210100475,0.249181979718278));
#6114=CARTESIAN_POINT('',(-0.243284680518508,-1.56348808131597,0.249159213984599));
#6115=CARTESIAN_POINT('',(-0.224424340439303,-1.58448753947377,0.248984405587119));
#6116=CARTESIAN_POINT('',(-0.209759301928316,-1.59879696851328,0.248866390360598));
#6117=CARTESIAN_POINT('',(-0.174556119970573,-1.62865329947064,0.248621578704373));
#6118=CARTESIAN_POINT('',(-0.153690504399712,-1.64302188334021,0.248504968009889));
#6119=CARTESIAN_POINT('',(-0.110947740933407,-1.66611743022795,0.24831833308685));
#6120=CARTESIAN_POINT('',(-0.0890708212404316,-1.67484426550524,0.248248308858293));
#6121=CARTESIAN_POINT('',(-0.0448074358490747,-1.68649974333236,0.248154869972031));
#6122=CARTESIAN_POINT('',(-0.0224212048788218,-1.68942832139945,0.248131455314325));
#6123=CARTESIAN_POINT('',(0.0223517168802346,-1.68943467733838,0.248131258674686));
#6124=CARTESIAN_POINT('',(0.0447381707506927,-1.68651245517663,0.248154476692753));
#6125=CARTESIAN_POINT('',(0.0890024440528933,-1.67486953887805,0.248247568509584));
#6126=CARTESIAN_POINT('',(0.110880028751969,-1.66614890915741,0.248317442308347));
#6127=CARTESIAN_POINT('',(0.153624553330057,-1.64306547476034,0.248503868791494));
#6128=CARTESIAN_POINT('',(0.174491264997607,-1.62870279776012,0.248620421475878));
#6129=CARTESIAN_POINT('',(0.209696726474379,-1.59885641621544,0.248865252915273));
#6130=CARTESIAN_POINT('',(0.224362858017959,-1.58455112651848,0.248983315609853));
#6131=CARTESIAN_POINT('',(0.243224803404148,-1.56355698252154,0.249158252280674));
#6132=CARTESIAN_POINT('',(0.247895834156578,-1.55813228762954,0.249180957612965));
#6133=CARTESIAN_POINT('',(0.252478931590899,-1.5525825327566,0.24925010073277));
#6134=CARTESIAN_POINT('',(-0.252129191284213,-1.55213637165658,0.246311862651141));
#6135=CARTESIAN_POINT('',(-0.247561500753491,-1.55766831004599,0.246240596894051));
#6136=CARTESIAN_POINT('',(-0.242904883760012,-1.56307618885523,0.246216361339297));
#6137=CARTESIAN_POINT('',(-0.224099102964285,-1.58400426343903,0.24603444065966));
#6138=CARTESIAN_POINT('',(-0.209469993571576,-1.59826483252864,0.245911623637626));
#6139=CARTESIAN_POINT('',(-0.174341403615709,-1.62801893530896,0.24565685072805));
#6140=CARTESIAN_POINT('',(-0.153511366135956,-1.64233808145948,0.245535494887787));
#6141=CARTESIAN_POINT('',(-0.110830425171888,-1.66535400165971,0.245341264955105));
#6142=CARTESIAN_POINT('',(-0.0889797487433726,-1.67405064861037,0.245268390862685));
#6143=CARTESIAN_POINT('',(-0.044764201504283,-1.68566578454662,0.245171148814537));
#6144=CARTESIAN_POINT('',(-0.0223995642423776,-1.68858420937348,0.245146780858811));
#6145=CARTESIAN_POINT('',(0.0223301688486639,-1.6885905572067,0.245146575472902));
#6146=CARTESIAN_POINT('',(0.0446950289499197,-1.68567848017965,0.245170738042719));
#6147=CARTESIAN_POINT('',(0.0889114638749756,-1.67407588885771,0.245267618096749));
#6148=CARTESIAN_POINT('',(0.110762805145592,-1.66538543865534,0.245340335580962));
#6149=CARTESIAN_POINT('',(0.153445506845601,-1.64238161191298,0.245534349852635));
#6150=CARTESIAN_POINT('',(0.174276640210249,-1.62806836240767,0.245655646640095));
#6151=CARTESIAN_POINT('',(0.209407509352346,-1.5983241892674,0.245910444248735));
#6152=CARTESIAN_POINT('',(0.224037711647447,-1.58406775044246,0.246033313012268));
#6153=CARTESIAN_POINT('',(0.242845097627618,-1.56314497689485,0.246215371274215));
#6154=CARTESIAN_POINT('',(0.247502152053179,-1.55773837971129,0.246239547449575));
#6155=CARTESIAN_POINT('',(0.252070244557456,-1.55220775762789,0.246310958906701));
#6156=CARTESIAN_POINT('',(-0.249976885608792,-1.55016373016096,0.231675731700163));
#6157=CARTESIAN_POINT('',(-0.245486850817043,-1.55559642588455,0.231593135521462));
#6158=CARTESIAN_POINT('',(-0.240902837735103,-1.56091017657621,0.231561324778759));
#6159=CARTESIAN_POINT('',(-0.222380319998011,-1.58146757367434,0.231343390205364));
#6160=CARTESIAN_POINT('',(-0.207938353735414,-1.59547444321708,0.23119625890041));
#6161=CARTESIAN_POINT('',(-0.173199572189529,-1.62469776178049,0.230891046787815));
#6162=CARTESIAN_POINT('',(-0.15255656009215,-1.63876023970362,0.230745664068717));
#6163=CARTESIAN_POINT('',(-0.110202354593375,-1.66136277150806,0.230512977796772));
#6164=CARTESIAN_POINT('',(-0.0884913823245818,-1.66990270160599,0.230425674243923));
#6165=CARTESIAN_POINT('',(-0.0445316811247773,-1.68130841223307,0.230309177065954));
#6166=CARTESIAN_POINT('',(-0.0222831796498606,-1.68417413027722,0.230279983440835));
#6167=CARTESIAN_POINT('',(0.0222142754113441,-1.68418043479146,0.230279736879803));
#6168=CARTESIAN_POINT('',(0.0444629994191746,-1.68132102122902,0.23030868394389));
#6169=CARTESIAN_POINT('',(0.0884235871749749,-1.66992776523522,0.230424749522752));
#6170=CARTESIAN_POINT('',(0.110135223462453,-1.66139398522441,0.230511868037526));
#6171=CARTESIAN_POINT('',(0.152491187819038,-1.6388034468155,0.23074430727924));
#6172=CARTESIAN_POINT('',(0.173135294746826,-1.62474681213811,0.230889628006179));
#6173=CARTESIAN_POINT('',(0.20787635384293,-1.59553332080694,0.231194893130262));
#6174=CARTESIAN_POINT('',(0.222319412375413,-1.58153053476291,0.231342099064421));
#6175=CARTESIAN_POINT('',(0.240843534723299,-1.56097837147733,0.231560219660082));
#6176=CARTESIAN_POINT('',(0.245427986923645,-1.55566588319019,0.231591977073411));
#6177=CARTESIAN_POINT('',(0.249918421788767,-1.55023448813532,0.231674741702432));
#6178=CARTESIAN_POINT('',(-0.247906283187508,-1.54826597172275,0.220131876432619));
#6179=CARTESIAN_POINT('',(-0.243486798956243,-1.5536078698979,0.220040179079606));
#6180=CARTESIAN_POINT('',(-0.238969578144962,-1.55883473213897,0.220001584634743));
#6181=CARTESIAN_POINT('',(-0.220707191859343,-1.57905155638481,0.219753390322204));
#6182=CARTESIAN_POINT('',(-0.206438983253667,-1.59282538676612,0.219585829365973));
#6183=CARTESIAN_POINT('',(-0.172066138785543,-1.62156121870227,0.219238236204219));
#6184=CARTESIAN_POINT('',(-0.151602121999033,-1.63538802673695,0.219072664799625));
#6185=CARTESIAN_POINT('',(-0.109566042099437,-1.65761103079851,0.218807664918632));
#6186=CARTESIAN_POINT('',(-0.087994194772892,-1.66600710603456,0.218708236442232));
#6187=CARTESIAN_POINT('',(-0.0442928970112016,-1.67722058422848,0.218575558827292));
#6188=CARTESIAN_POINT('',(-0.0221636685332121,-1.68003792621195,0.218542309688751));
#6189=CARTESIAN_POINT('',(0.0220952347318178,-1.68004418559435,0.218542027159192));
#6190=CARTESIAN_POINT('',(0.0442246854906491,-1.67723310296151,0.218574993768174));
#6191=CARTESIAN_POINT('',(0.0879268688864926,-1.66603198720365,0.218707179143326));
#6192=CARTESIAN_POINT('',(0.109499379562057,-1.65764201499011,0.218806397909496));
#6193=CARTESIAN_POINT('',(0.151537216820384,-1.63543090627914,0.219071124008686));
#6194=CARTESIAN_POINT('',(0.172002327608102,-1.62160989051137,0.219236631341707));
#6195=CARTESIAN_POINT('',(0.206377448407159,-1.59288379135369,0.219584303528945));
#6196=CARTESIAN_POINT('',(0.220646748835911,-1.57911400230872,0.219751959794549));
#6197=CARTESIAN_POINT('',(0.238910739398372,-1.55890235278844,0.220000383588432));
#6198=CARTESIAN_POINT('',(0.24342840034677,-1.55367673673964,0.220038932376952));
#6199=CARTESIAN_POINT('',(0.24784828353599,-1.54833612516646,0.220130816296428));
#6200=CARTESIAN_POINT('',(-0.242964254211326,-1.54373647967975,0.197423155519404));
#6201=CARTESIAN_POINT('',(-0.238700095141887,-1.54887647392259,0.197313924272809));
#6202=CARTESIAN_POINT('',(-0.23433159550273,-1.55390895395186,0.197261213755165));
#6203=CARTESIAN_POINT('',(-0.216649305823352,-1.57336631372294,0.196952727980002));
#6204=CARTESIAN_POINT('',(-0.202775122941544,-1.58662062588977,0.196744461403936));
#6205=CARTESIAN_POINT('',(-0.169245790686455,-1.61426988920865,0.196312424454223));
#6206=CARTESIAN_POINT('',(-0.149205926765896,-1.62757157161733,0.196106626878722));
#6207=CARTESIAN_POINT('',(-0.107941632631972,-1.64894901124309,0.195777241105009));
#6208=CARTESIAN_POINT('',(-0.086717406541011,-1.65702465419857,0.195653652906797));
#6209=CARTESIAN_POINT('',(-0.0436732786361869,-1.6678099531442,0.195488733901995));
#6210=CARTESIAN_POINT('',(-0.0218535867817963,-1.67051955145587,0.195447403095405));
#6211=CARTESIAN_POINT('',(0.021786231394707,-1.67052569336016,0.195447046888183));
#6212=CARTESIAN_POINT('',(0.0436061457982436,-1.66782223692273,0.195488021487551));
#6213=CARTESIAN_POINT('',(0.0866511605990431,-1.65704906438472,0.195652324106577));
#6214=CARTESIAN_POINT('',(0.107876051032775,-1.6489794059031,0.195775652126236));
#6215=CARTESIAN_POINT('',(0.149142105800943,-1.6276136222801,0.196104709600178));
#6216=CARTESIAN_POINT('',(0.169183066004931,-1.61431761134247,0.196310439054461));
#6217=CARTESIAN_POINT('',(0.202714680522628,-1.58667786623394,0.196742608867296));
#6218=CARTESIAN_POINT('',(0.21658995839519,-1.5734275024303,0.196951013408888));
#6219=CARTESIAN_POINT('',(0.234273857759877,-1.55397519158229,0.197259818178401));
#6220=CARTESIAN_POINT('',(0.238642800512259,-1.54894392444553,0.19731250176293));
#6221=CARTESIAN_POINT('',(0.24290735857425,-1.54380518672953,0.197421953950117));
#6222=CARTESIAN_POINT('',(-0.240093144745642,-1.54110503669509,0.186258139811421));
#6223=CARTESIAN_POINT('',(-0.235913789471618,-1.5461338838267,0.186140490845813));
#6224=CARTESIAN_POINT('',(-0.231627244557878,-1.55105883065274,0.186080462485171));
#6225=CARTESIAN_POINT('',(-0.214265010692855,-1.57009714616966,0.185742001207937));
#6226=CARTESIAN_POINT('',(-0.200611135441189,-1.58306487636674,0.18551349657894));
#6227=CARTESIAN_POINT('',(-0.167559417592571,-1.61011484444915,0.185039475465404));
#6228=CARTESIAN_POINT('',(-0.147764693254121,-1.6231269697547,0.184813677765573));
#6229=CARTESIAN_POINT('',(-0.106953969530009,-1.64403821078516,0.184452279398988));
#6230=CARTESIAN_POINT('',(-0.0859381679486747,-1.65193721578516,0.184316678732233));
#6231=CARTESIAN_POINT('',(-0.0432926361010372,-1.66248648752057,0.18413572844907));
#6232=CARTESIAN_POINT('',(-0.0216631092954605,-1.66513669836281,0.184090378832661));
#6233=CARTESIAN_POINT('',(0.0215963725219727,-1.66514276873242,0.184089984667456));
#6234=CARTESIAN_POINT('',(0.0432261221746375,-1.66249862823071,0.18413494011866));
#6235=CARTESIAN_POINT('',(0.0858725422121802,-1.65196134039432,0.184315210105951));
#6236=CARTESIAN_POINT('',(0.106889009132398,-1.64406824889518,0.184450524642039));
#6237=CARTESIAN_POINT('',(0.147701496485877,-1.62316852298549,0.184811566816363));
#6238=CARTESIAN_POINT('',(0.167497319107013,-1.61016199924379,0.185037294454601));
#6239=CARTESIAN_POINT('',(0.200551324033642,-1.58312142831066,0.18551147655101));
#6240=CARTESIAN_POINT('',(0.214206296764478,-1.57015759500662,0.185740141326808));
#6241=CARTESIAN_POINT('',(0.231570144388978,-1.55112426039542,0.186078968056678));
#6242=CARTESIAN_POINT('',(0.235857133942371,-1.54620050901372,0.186138980646378));
#6243=CARTESIAN_POINT('',(0.240036888914098,-1.54117290200229,0.186256866934158));
#6244=CARTESIAN_POINT('',(-0.23508770392225,-1.53651742612247,0.169841311938693));
#6245=CARTESIAN_POINT('',(-0.23104497454964,-1.5413656254372,0.169712435959436));
#6246=CARTESIAN_POINT('',(-0.226891698615772,-1.54611519221372,0.169642024121926));
#6247=CARTESIAN_POINT('',(-0.210051697243121,-1.56447137585322,0.169262395740863));
#6248=CARTESIAN_POINT('',(-0.196763762571552,-1.57697275255646,0.169006096799107));
#6249=CARTESIAN_POINT('',(-0.164518505001222,-1.60304768737978,0.168474415509782));
#6250=CARTESIAN_POINT('',(-0.145148465705747,-1.61558887954037,0.168221149687138));
#6251=CARTESIAN_POINT('',(-0.105139444413049,-1.63574201060403,0.167815784676703));
#6252=CARTESIAN_POINT('',(-0.0845006501962879,-1.64335384439321,0.167663685488913));
#6253=CARTESIAN_POINT('',(-0.0425854598547079,-1.65351940583041,0.167460716269096));
#6254=CARTESIAN_POINT('',(-0.0213092568801059,-1.65607308041764,0.167409846237071));
#6255=CARTESIAN_POINT('',(0.021243567931029,-1.65607901953027,0.167409397849699));
#6256=CARTESIAN_POINT('',(0.0425199948150863,-1.65353128402803,0.167459819494352));
#6257=CARTESIAN_POINT('',(0.0844360777581243,-1.6433774472389,0.167662016981249));
#6258=CARTESIAN_POINT('',(0.105075540663154,-1.63577139895803,0.167813792823494));
#6259=CARTESIAN_POINT('',(0.14508633505446,-1.61562953346488,0.168218761226486));
#6260=CARTESIAN_POINT('',(0.164457478752876,-1.60309382131325,0.168471953787234));
#6261=CARTESIAN_POINT('',(0.19670503723258,-1.57702807917351,0.169003835103032));
#6262=CARTESIAN_POINT('',(0.209994076316497,-1.56453051439319,0.169260325274459));
#6263=CARTESIAN_POINT('',(0.226835702334978,-1.54617920267047,0.169640384468485));
#6264=CARTESIAN_POINT('',(0.230989426029084,-1.54143080415828,0.169710797772495));
#6265=CARTESIAN_POINT('',(0.235032557840981,-1.53658381874644,0.169839932628639));
#6266=CARTESIAN_POINT('',(-0.2333025132995,-1.53488125467145,0.164424269095242));
#6267=CARTESIAN_POINT('',(-0.229306910038776,-1.53966688781338,0.164291882445867));
#6268=CARTESIAN_POINT('',(-0.225199793183445,-1.54435561973443,0.164218106785422));
#6269=CARTESIAN_POINT('',(-0.208540944033016,-1.56247538961409,0.163825382738892));
#6270=CARTESIAN_POINT('',(-0.195380933103237,-1.57481516159246,0.16356024209403));
#6271=CARTESIAN_POINT('',(-0.163419559679555,-1.60055225126346,0.163010218303909));
#6272=CARTESIAN_POINT('',(-0.144200600850151,-1.61293029363217,0.162748214396837));
#6273=CARTESIAN_POINT('',(-0.104479070415879,-1.63282080343691,0.162328862681697));
#6274=CARTESIAN_POINT('',(-0.083976683159057,-1.64033316768042,0.162171514873628));
#6275=CARTESIAN_POINT('',(-0.0423270266549995,-1.65036582294158,0.161961540652363));
#6276=CARTESIAN_POINT('',(-0.0211799470274122,-1.65288606186836,0.161908914239167));
#6277=CARTESIAN_POINT('',(0.021114627970487,-1.65289195342719,0.161908448103512));
#6278=CARTESIAN_POINT('',(0.0422619319518348,-1.65037760603211,0.161960608381054));
#6279=CARTESIAN_POINT('',(0.0839124828900729,-1.64035658172834,0.162169780922746));
#6280=CARTESIAN_POINT('',(0.104415540223649,-1.63284995685678,0.162326793186895));
#6281=CARTESIAN_POINT('',(0.144138847643228,-1.61297062315244,0.162745734997668));
#6282=CARTESIAN_POINT('',(0.163358913373921,-1.60059801745994,0.163007664544292));
#6283=CARTESIAN_POINT('',(0.195322593288684,-1.57487004825347,0.163557901006933));
#6284=CARTESIAN_POINT('',(0.208483711412557,-1.56253405840996,0.163823242983937));
#6285=CARTESIAN_POINT('',(0.225144189540505,-1.54441912262499,0.164216419117952));
#6286=CARTESIAN_POINT('',(0.229251755310747,-1.53973154964859,0.1642902021309));
#6287=CARTESIAN_POINT('',(0.233247762180476,-1.53494712130156,0.164422854402918));
#6288=CARTESIAN_POINT('',(-0.230434667521637,-1.53225280293756,0.156388650556333));
#6289=CARTESIAN_POINT('',(-0.226512036959463,-1.53694125250465,0.15625149436302));
#6290=CARTESIAN_POINT('',(-0.222476698577184,-1.54153536869879,0.156172980110461));
#6291=CARTESIAN_POINT('',(-0.206100097423259,-1.55928771481396,0.155762143350527));
#6292=CARTESIAN_POINT('',(-0.193141143062362,-1.57137637004615,0.155484773600782));
#6293=CARTESIAN_POINT('',(-0.161629393556876,-1.59658853834667,0.15490937983749));
#6294=CARTESIAN_POINT('',(-0.142652481379016,-1.60871313544507,0.154635289930423));
#6295=CARTESIAN_POINT('',(-0.103395481511624,-1.62819570673865,0.154196592400754));
#6296=CARTESIAN_POINT('',(-0.0831155729076078,-1.63555358068713,0.15403198477815));
#6297=CARTESIAN_POINT('',(-0.0419011765634571,-1.64537981769886,0.153812321043664));
#6298=CARTESIAN_POINT('',(-0.0209668730299535,-1.64784813015828,0.153757264931782));
#6299=CARTESIAN_POINT('',(0.0209021450635833,-1.64785394393212,0.153756773445));
#6300=CARTESIAN_POINT('',(0.0418366736981785,-1.64539144522021,0.153811338070099));
#6301=CARTESIAN_POINT('',(0.0830519675509272,-1.63557668634106,0.154030157283538));
#6302=CARTESIAN_POINT('',(0.103332548558889,-1.62822447672545,0.154194411871877));
#6303=CARTESIAN_POINT('',(0.142591331899645,-1.60875293689655,0.154632680238057));
#6304=CARTESIAN_POINT('',(0.161569355139868,-1.59663370687919,0.154906694015896));
#6305=CARTESIAN_POINT('',(0.193083420388576,-1.57143054429492,0.155482317990905));
#6306=CARTESIAN_POINT('',(0.206043486543275,-1.55934562428603,0.155759903222126));
#6307=CARTESIAN_POINT('',(0.222421723811965,-1.54159805342803,0.15617122198955));
#6308=CARTESIAN_POINT('',(0.226457512914599,-1.53700508184799,0.156249752257269));
#6309=CARTESIAN_POINT('',(0.23038054910441,-1.53231782293459,0.156387183195541));
#6310=CARTESIAN_POINT('',(-0.229447021394956,-1.53134760078401,0.153725111885552));
#6311=CARTESIAN_POINT('',(-0.225549095654086,-1.53600310010688,0.153586448587798));
#6312=CARTESIAN_POINT('',(-0.221538106779503,-1.54056511715143,0.153506405994917));
#6313=CARTESIAN_POINT('',(-0.20525734188451,-1.55819285482426,0.153089786794653));
#6314=CARTESIAN_POINT('',(-0.19236693545407,-1.57019635286447,0.152808512918253));
#6315=CARTESIAN_POINT('',(-0.161009028870443,-1.59523052176746,0.152225019793607));
#6316=CARTESIAN_POINT('',(-0.142115371534018,-1.60726918367839,0.151947071407678));
#6317=CARTESIAN_POINT('',(-0.103018768152695,-1.6266134410304,0.151502197646986));
#6318=CARTESIAN_POINT('',(-0.0828159994201504,-1.63391893721736,0.151335272272223));
#6319=CARTESIAN_POINT('',(-0.0417528545931163,-1.6436751916475,0.151112515031571));
#6320=CARTESIAN_POINT('',(-0.0208926608813911,-1.64612589978787,0.151056683165684));
#6321=CARTESIAN_POINT('',(0.0208281359902934,-1.64613168655672,0.151056183440495));
#6322=CARTESIAN_POINT('',(0.0416885550656994,-1.64368676515912,0.151111515581194));
#6323=CARTESIAN_POINT('',(0.0827525984803596,-1.63394193587004,0.15133341436689));
#6324=CARTESIAN_POINT('',(0.102956040433324,-1.62664207802968,0.151499981011887));
#6325=CARTESIAN_POINT('',(0.142054429560366,-1.60730880219058,0.15194441930389));
#6326=CARTESIAN_POINT('',(0.160949199415102,-1.59527548339572,0.152222290950897));
#6327=CARTESIAN_POINT('',(0.192309424972596,-1.57025028088886,0.152806019895412));
#6328=CARTESIAN_POINT('',(0.205200944801255,-1.55825050206296,0.153087513802357));
#6329=CARTESIAN_POINT('',(0.221483348296714,-1.54062751968396,0.153504624651495));
#6330=CARTESIAN_POINT('',(0.225494788505706,-1.53606664241815,0.153584686119365));
#6331=CARTESIAN_POINT('',(0.229393120591099,-1.53141232895536,0.153723627036796));
#6332=CARTESIAN_POINT('',(-0.227405560265563,-1.52947655106207,0.148429348931571));
#6333=CARTESIAN_POINT('',(-0.223557789896474,-1.53406507029713,0.148287861738616));
#6334=CARTESIAN_POINT('',(-0.219596336561796,-1.53856180103026,0.148204891702238));
#6335=CARTESIAN_POINT('',(-0.203510740126116,-1.55593617937201,0.147777316338177));
#6336=CARTESIAN_POINT('',(-0.190760537956942,-1.56776654658727,0.147488645166555));
#6337=CARTESIAN_POINT('',(-0.1597184803445,-1.59243884838516,0.146889805819292));
#6338=CARTESIAN_POINT('',(-0.140996690698918,-1.60430282264455,0.146604546550269));
#6339=CARTESIAN_POINT('',(-0.102232522597953,-1.62336592827532,0.146147970239025));
#6340=CARTESIAN_POINT('',(-0.0821903178744279,-1.63056496239683,0.145976653196804));
#6341=CARTESIAN_POINT('',(-0.0414427083002977,-1.64017897284328,0.14574803427857));
#6342=CARTESIAN_POINT('',(-0.0207374821495739,-1.64259390007715,0.145690732402557));
#6343=CARTESIAN_POINT('',(0.0206733764259295,-1.64259963054474,0.145690216756146));
#6344=CARTESIAN_POINT('',(0.041378828483403,-1.64019043375288,0.145747002985747));
#6345=CARTESIAN_POINT('',(0.0821273388753313,-1.63058773811124,0.145974736489968));
#6346=CARTESIAN_POINT('',(0.10217021850645,-1.62339428830187,0.146145683764589));
#6347=CARTESIAN_POINT('',(0.140936177044276,-1.60434206061508,0.146601812298256));
#6348=CARTESIAN_POINT('',(0.159659082212279,-1.59248337993831,0.146886993557302));
#6349=CARTESIAN_POINT('',(0.190703465456852,-1.56781996369131,0.147486079318985));
#6350=CARTESIAN_POINT('',(0.203454784328953,-1.5559932829206,0.147774979182034));
#6351=CARTESIAN_POINT('',(0.219542024480633,-1.53862361926517,0.148203064610076));
#6352=CARTESIAN_POINT('',(0.223503930385924,-1.5341280185292,0.148286059122899));
#6353=CARTESIAN_POINT('',(0.22735210860137,-1.52954067541961,0.148427829296598));
#6354=CARTESIAN_POINT('',(-0.226350228092033,-1.52850931296903,0.145793505732986));
#6355=CARTESIAN_POINT('',(-0.222527908273421,-1.53306380236049,0.14565070174927));
#6356=CARTESIAN_POINT('',(-0.218591643937558,-1.53752734592796,0.145566332600993));
#6357=CARTESIAN_POINT('',(-0.202605402693458,-1.55477297335122,0.14513358344585));
#6358=CARTESIAN_POINT('',(-0.189926899129231,-1.56651536687881,0.144841418981338));
#6359=CARTESIAN_POINT('',(-0.159046992929828,-1.59100380078102,0.14423533234531));
#6360=CARTESIAN_POINT('',(-0.140413934797907,-1.60277902242281,0.143946620323073));
#6361=CARTESIAN_POINT('',(-0.101822090285439,-1.62169928990541,0.143484516854744));
#6362=CARTESIAN_POINT('',(-0.0818634758294168,-1.62884423950801,0.143311125408652));
#6363=CARTESIAN_POINT('',(-0.0412805059838343,-1.63838598809175,0.143079737272058));
#6364=CARTESIAN_POINT('',(-0.0206563274351392,-1.6407827384925,0.143021740581557));
#6365=CARTESIAN_POINT('',(0.0205924343404242,-1.64078843917246,0.143021216135588));
#6366=CARTESIAN_POINT('',(0.0412168390763489,-1.63839738942638,0.143078688380122));
#6367=CARTESIAN_POINT('',(0.0818007108908732,-1.62886689738146,0.143309175983669));
#6368=CARTESIAN_POINT('',(0.101760001125189,-1.62172750361287,0.143482191342682));
#6369=CARTESIAN_POINT('',(0.140353638493305,-1.6028180597201,0.143943839354634));
#6370=CARTESIAN_POINT('',(0.158987813695807,-1.59104810578538,0.144232472007573));
#6371=CARTESIAN_POINT('',(0.189870048954963,-1.56656851553273,0.144838809189415));
#6372=CARTESIAN_POINT('',(0.202549670922407,-1.55482979157952,0.145131206208518));
#6373=CARTESIAN_POINT('',(0.218537558512337,-1.53758885813891,0.145564474066138));
#6374=CARTESIAN_POINT('',(0.222474276040966,-1.53312643961472,0.145648870415037));
#6375=CARTESIAN_POINT('',(0.226297004490881,-1.52857312140772,0.145791959865846));
#6376=CARTESIAN_POINT('',(-0.220918297676618,-1.52353081411494,0.132738117449251));
#6377=CARTESIAN_POINT('',(-0.217225056313989,-1.52791253488802,0.132589267362417));
#6378=CARTESIAN_POINT('',(-0.213416769420675,-1.53220750549056,0.132498293017358));
#6379=CARTESIAN_POINT('',(-0.19793575683836,-1.54879933578472,0.132041443835874));
#6380=CARTESIAN_POINT('',(-0.185623166637416,-1.56009503749892,0.13173300832562));
#6381=CARTESIAN_POINT('',(-0.155573353950927,-1.58364992109254,0.131093167579226));
#6382=CARTESIAN_POINT('',(-0.137396543344816,-1.59497456260761,0.130788376380041));
#6383=CARTESIAN_POINT('',(-0.0996935547904634,-1.61316969760505,0.130300537186607));
#6384=CARTESIAN_POINT('',(-0.0801675396541392,-1.62004009995021,0.130117489192358));
#6385=CARTESIAN_POINT('',(-0.0404380946756644,-1.62921503418165,0.129873215444789));
#6386=CARTESIAN_POINT('',(-0.0202348323011879,-1.63151952006247,0.12981198969147));
#6387=CARTESIAN_POINT('',(0.0201720890897465,-1.63152507274072,0.12981143946176));
#6388=CARTESIAN_POINT('',(0.0403755790759117,-1.62922613951417,0.129872114985368));
#6389=CARTESIAN_POINT('',(0.0801059318685136,-1.62006217211795,0.130115446345507));
#6390=CARTESIAN_POINT('',(0.0996326272040384,-1.61319718390628,0.130298102182038));
#6391=CARTESIAN_POINT('',(0.137337420891807,-1.59501260161439,0.13078547320402));
#6392=CARTESIAN_POINT('',(0.155515356425719,-1.58369309862527,0.13109018838947));
#6393=CARTESIAN_POINT('',(0.185567515561971,-1.56014684886952,0.13173031105081));
#6394=CARTESIAN_POINT('',(0.197881232791041,-1.54885473203942,0.132039000754998));
#6395=CARTESIAN_POINT('',(0.213363905055902,-1.53226749140855,0.132496411150467));
#6396=CARTESIAN_POINT('',(0.21717264823203,-1.52797362092783,0.132587426122401));
#6397=CARTESIAN_POINT('',(0.220866302270963,-1.52359304629662,0.132736572996474));
#6398=CARTESIAN_POINT('',(-0.216120218982689,-1.51913325607338,0.122790397338997));
#6399=CARTESIAN_POINT('',(-0.212535495198255,-1.52336938453715,0.122638609203692));
#6400=CARTESIAN_POINT('',(-0.208835475312101,-1.52752203107989,0.122543771602743));
#6401=CARTESIAN_POINT('',(-0.193783101645796,-1.54356245410796,0.122073966157737));
#6402=CARTESIAN_POINT('',(-0.181784778259223,-1.55448150889214,0.121756783036577));
#6403=CARTESIAN_POINT('',(-0.152455269145988,-1.57724934605297,0.121098795014716));
#6404=CARTESIAN_POINT('',(-0.134680140970776,-1.58819421566656,0.120785358756519));
#6405=CARTESIAN_POINT('',(-0.097767690531216,-1.60577823778384,0.120283682011572));
#6406=CARTESIAN_POINT('',(-0.0786305235456956,-1.6124173033671,0.120095441524823));
#6407=CARTESIAN_POINT('',(-0.0396724820938537,-1.62128316406814,0.119844238299917));
#6408=CARTESIAN_POINT('',(-0.019851767346702,-1.62350991530906,0.11978127556176));
#6409=CARTESIAN_POINT('',(0.0197900519630539,-1.62351533584927,0.119780709811182));
#6410=CARTESIAN_POINT('',(0.0396109953161701,-1.62129400512571,0.119843106798761));
#6411=CARTESIAN_POINT('',(0.0785699486810494,-1.61243885304105,0.120093342476799));
#6412=CARTESIAN_POINT('',(0.0977077989705551,-1.60580507551151,0.120281181167258));
#6413=CARTESIAN_POINT('',(0.134622063226935,-1.58823136598616,0.120782382228201));
#6414=CARTESIAN_POINT('',(0.152398321908862,-1.57729152086675,0.121095744598684));
#6415=CARTESIAN_POINT('',(0.18173018992319,-1.55453213365534,0.121754033697052));
#6416=CARTESIAN_POINT('',(0.193729646539973,-1.5436165899852,0.122071484187431));
#6417=CARTESIAN_POINT('',(0.208783689539263,-1.52758066656478,0.122541876685447));
#6418=CARTESIAN_POINT('',(0.212484167695731,-1.52342909892265,0.122636764320126));
#6419=CARTESIAN_POINT('',(0.216069307345552,-1.51919409491452,0.122788854869279));
#6420=CARTESIAN_POINT('',(-0.205577220584402,-1.5094703367371,0.103933977149977));
#6421=CARTESIAN_POINT('',(-0.202219226934211,-1.51340400640119,0.103780986033453));
#6422=CARTESIAN_POINT('',(-0.198746752527845,-1.51726059209999,0.103682291311274));
#6423=CARTESIAN_POINT('',(-0.184598364024352,-1.53215489017386,0.103202846063093));
#6424=CARTESIAN_POINT('',(-0.173271374507253,-1.54229127209374,0.102879153767518));
#6425=CARTESIAN_POINT('',(-0.145496858780494,-1.56342389091101,0.102207660837077));
#6426=CARTESIAN_POINT('',(-0.128601520305404,-1.57357994635428,0.101887789899733));
#6427=CARTESIAN_POINT('',(-0.093437757250216,-1.58989479328671,0.101375811835947));
#6428=CARTESIAN_POINT('',(-0.0751694726397653,-1.59605350642507,0.101183704709506));
#6429=CARTESIAN_POINT('',(-0.0379439953635635,-1.60427762066269,0.100927339461188));
#6430=CARTESIAN_POINT('',(-0.0189869466700218,-1.60634298221101,0.100863081339312));
#6431=CARTESIAN_POINT('',(0.0189275259670365,-1.60634811251158,0.100862499293782));
#6432=CARTESIAN_POINT('',(0.0378848045949582,-1.60428788124323,0.100926175370129));
#6433=CARTESIAN_POINT('',(0.0751111993454051,-1.59607390822294,0.101181546914707));
#6434=CARTESIAN_POINT('',(0.0933801714929376,-1.58992020598116,0.101373242382939));
#6435=CARTESIAN_POINT('',(0.128545760474189,-1.57361514334761,0.101884737904946));
#6436=CARTESIAN_POINT('',(0.145442237332744,-1.56346386126699,0.102204537958722));
#6437=CARTESIAN_POINT('',(0.173219129996715,-1.54233928678115,0.102876354109634));
#6438=CARTESIAN_POINT('',(0.184547261843951,-1.53220625303021,0.103200328692569));
#6439=CARTESIAN_POINT('',(0.19869733410104,-1.51731625526423,0.103680389931068));
#6440=CARTESIAN_POINT('',(0.202170269143567,-1.51346070172773,0.103779148651612));
#6441=CARTESIAN_POINT('',(0.205528684087772,-1.50952810819388,0.103932444997872));
#6442=CARTESIAN_POINT('',(-0.199832300880044,-1.50420497544237,0.0950252770712112));
#6443=CARTESIAN_POINT('',(-0.196592555159424,-1.50798176968029,0.0948740357953922));
#6444=CARTESIAN_POINT('',(-0.193239391278451,-1.51168460993796,0.0947753615198861));
#6445=CARTESIAN_POINT('',(-0.179566464780537,-1.52598415681105,0.0942992881342316));
#6446=CARTESIAN_POINT('',(-0.168596601119981,-1.5357144901717,0.0939778716736008));
#6447=CARTESIAN_POINT('',(-0.141656860119634,-1.55599889014492,0.0933110986810002));
#6448=CARTESIAN_POINT('',(-0.125239637595463,-1.56574588096375,0.0929934750653209));
#6449=CARTESIAN_POINT('',(-0.0910339880770304,-1.58140262981254,0.0924850923461683));
#6450=CARTESIAN_POINT('',(-0.0732456932763254,-1.58731231384452,0.0922943332426951));
#6451=CARTESIAN_POINT('',(-0.0369812613079122,-1.59520373724003,0.0920397650142619));
#6452=CARTESIAN_POINT('',(-0.0185052601139574,-1.59718543924988,0.0919759558893019));
#6453=CARTESIAN_POINT('',(0.0184471097131185,-1.59719041142023,0.091975373084202));
#6454=CARTESIAN_POINT('',(0.0369233411037332,-1.59521368156128,0.0920385994040622));
#6455=CARTESIAN_POINT('',(0.0731886917212488,-1.5873320901565,0.0922921729549097));
#6456=CARTESIAN_POINT('',(0.0909776749717678,-1.58142726592581,0.0924825201858971));
#6457=CARTESIAN_POINT('',(0.125185153267224,-1.56578001318219,0.0929904210253061));
#6458=CARTESIAN_POINT('',(0.141603516113395,-1.5560376586298,0.0933079746337276));
#6459=CARTESIAN_POINT('',(0.168545638881215,-1.53576108129288,0.0939750738117388));
#6460=CARTESIAN_POINT('',(0.179516647405959,-1.52603400694995,0.0942967742905102));
#6461=CARTESIAN_POINT('',(0.193191261888695,-1.51173865118739,0.094773466741007));
#6462=CARTESIAN_POINT('',(0.196544886644947,-1.5080368175879,0.0948722095660852));
#6463=CARTESIAN_POINT('',(0.199785055755402,-1.50426107285533,0.0950237532536615));
#6464=CARTESIAN_POINT('',(-0.192033267938553,-1.4970569684554,0.0845674388661949));
#6465=CARTESIAN_POINT('',(-0.188947447875532,-1.50063256752845,0.0844212329671726));
#6466=CARTESIAN_POINT('',(-0.185750342650194,-1.5041380694566,0.0843250444089182));
#6467=CARTESIAN_POINT('',(-0.172701408815694,-1.51767463908829,0.0838632975618304));
#6468=CARTESIAN_POINT('',(-0.16220547319945,-1.52688422293725,0.0835515525007966));
#6469=CARTESIAN_POINT('',(-0.136383256590016,-1.54608099343019,0.0829048406331312));
#6470=CARTESIAN_POINT('',(-0.120613494584123,-1.55530362567958,0.0825967715847486));
#6471=CARTESIAN_POINT('',(-0.0877151157258227,-1.57011690457383,0.0821036788534494));
#6472=CARTESIAN_POINT('',(-0.0705866213468579,-1.57570748266175,0.0819186551705329));
#6473=CARTESIAN_POINT('',(-0.0356481217419235,-1.58317261150136,0.0816717373550658));
#6474=CARTESIAN_POINT('',(-0.0178382424916371,-1.58504712764598,0.0816098432225153));
#6475=CARTESIAN_POINT('',(0.0177818724452673,-1.58505188727929,0.0816092686926798));
#6476=CARTESIAN_POINT('',(0.0355919809807397,-1.58318213074996,0.0816705882953948));
#6477=CARTESIAN_POINT('',(0.0705313957460529,-1.57572641740145,0.0819165254209903));
#6478=CARTESIAN_POINT('',(0.0876605759977751,-1.57014049515365,0.0821011429438707));
#6479=CARTESIAN_POINT('',(0.120560777282209,-1.55533632150276,0.0825937600946965));
#6480=CARTESIAN_POINT('',(0.136331675836652,-1.54611813862191,0.0829017597226419));
#6481=CARTESIAN_POINT('',(0.162156267238484,-1.52692888590131,0.0835487920752655));
#6482=CARTESIAN_POINT('',(0.172653344612403,-1.51772243755653,0.083860816549014));
#6483=CARTESIAN_POINT('',(0.185703962425827,-1.5041899061331,0.0843231727164183));
#6484=CARTESIAN_POINT('',(0.188901526265275,-1.50068537503268,0.0844194324001738));
#6485=CARTESIAN_POINT('',(0.191987770018086,-1.49711078785313,0.0845659323417501));
#6486=CARTESIAN_POINT('',(-0.19044253558217,-1.49559902282507,0.0825098077490379));
#6487=CARTESIAN_POINT('',(-0.187387837835309,-1.49913409159722,0.08236475404423));
#6488=CARTESIAN_POINT('',(-0.18422231888117,-1.50259983294075,0.0822691882681461));
#6489=CARTESIAN_POINT('',(-0.171299770089379,-1.51598269436894,0.0818108225000427));
#6490=CARTESIAN_POINT('',(-0.16090004923864,-1.52508737717631,0.0815013599295042));
#6491=CARTESIAN_POINT('',(-0.135305118860328,-1.54406506377864,0.0808593826265649));
#6492=CARTESIAN_POINT('',(-0.11966735003909,-1.55318208234672,0.0805535685702699));
#6493=CARTESIAN_POINT('',(-0.0870358812417272,-1.56782547994624,0.0800640845321048));
#6494=CARTESIAN_POINT('',(-0.0700423017950212,-1.57335179150895,0.0798804145502346));
#6495=CARTESIAN_POINT('',(-0.0353751252766429,-1.58073106739622,0.0796353025017175));
#6496=CARTESIAN_POINT('',(-0.0177016521810396,-1.58258399766301,0.0795738604350706));
#6497=CARTESIAN_POINT('',(0.0176456481767648,-1.58258871401164,0.0795732880577984));
#6498=CARTESIAN_POINT('',(0.0353193503060926,-1.58074050007574,0.0796341577471731));
#6499=CARTESIAN_POINT('',(0.0699874410104383,-1.57337055482636,0.0798782927227425));
#6500=CARTESIAN_POINT('',(0.0869817056069902,-1.56784885753551,0.0800615580089373));
#6501=CARTESIAN_POINT('',(0.119614995006975,-1.55321448545746,0.0805505680189453));
#6502=CARTESIAN_POINT('',(0.13525389927624,-1.54410187810483,0.0808563127427586));
#6503=CARTESIAN_POINT('',(0.160851202325684,-1.52513164695168,0.0814986088780466));
#6504=CARTESIAN_POINT('',(0.17125206396264,-1.51603007436811,0.0818083495723676));
#6505=CARTESIAN_POINT('',(0.184176295413425,-1.50265121979927,0.0822673219744266));
#6506=CARTESIAN_POINT('',(0.187342272387484,-1.49918644193428,0.082362959219453));
#6507=CARTESIAN_POINT('',(0.190397393753735,-1.4956523773326,0.0825083050328701));
#6508=CARTESIAN_POINT('',(-0.18719851099219,-1.49262579388643,0.0784631958634914));
#6509=CARTESIAN_POINT('',(-0.18420664261836,-1.49607937755234,0.0783207085269864));
#6510=CARTESIAN_POINT('',(-0.181104963851057,-1.49946516727472,0.0782266150203121));
#6511=CARTESIAN_POINT('',(-0.168438072830963,-1.51253898527747,0.0777759423168617));
#6512=CARTESIAN_POINT('',(-0.158233509153203,-1.52143276994295,0.0774716732087554));
#6513=CARTESIAN_POINT('',(-0.133100564351451,-1.53997001824555,0.0768404687828006));
#6514=CARTESIAN_POINT('',(-0.117731816923652,-1.54887473062736,0.0765397857403832));
#6515=CARTESIAN_POINT('',(-0.0856453034229656,-1.56317664094251,0.0760585130492718));
#6516=CARTESIAN_POINT('',(-0.0689276539952477,-1.56857377358139,0.0758779234005777));
#6517=CARTESIAN_POINT('',(-0.0348158565355799,-1.57578048216643,0.0756369204886653));
#6518=CARTESIAN_POINT('',(-0.0174218284843767,-1.57759002515238,0.0755765072254471));
#6519=CARTESIAN_POINT('',(0.0173665771002592,-1.57759465335711,0.0755759400762389));
#6520=CARTESIAN_POINT('',(0.0347608335334208,-1.57578973855872,0.075635786190249));
#6521=CARTESIAN_POINT('',(0.0688735426347993,-1.56859218775746,0.07587582078725));
#6522=CARTESIAN_POINT('',(0.0855918753199499,-1.5631995846808,0.0760560092702409));
#6523=CARTESIAN_POINT('',(0.117680204585124,-1.54890653729989,0.0765368115969562));
#6524=CARTESIAN_POINT('',(0.13305008451538,-1.54000615825705,0.0768374254406805));
#6525=CARTESIAN_POINT('',(0.158185396181869,-1.52147623801311,0.0774689444756232));
#6526=CARTESIAN_POINT('',(0.16839109794882,-1.51258551183582,0.0777734884647353));
#6527=CARTESIAN_POINT('',(0.181059667870621,-1.49951563643017,0.0782247610904974));
#6528=CARTESIAN_POINT('',(0.184161803166381,-1.49613079511297,0.0783189264407484));
#6529=CARTESIAN_POINT('',(0.187154094735175,-1.49267819976475,0.0784617015451547));
#6530=CARTESIAN_POINT('',(-0.18554280628713,-1.49110829948822,0.0764714357197039));
#6531=CARTESIAN_POINT('',(-0.182582644970171,-1.4945209283488,0.0763303625572874));
#6532=CARTESIAN_POINT('',(-0.179513224838019,-1.49786652702648,0.0762371185285455));
#6533=CARTESIAN_POINT('',(-0.166975643123128,-1.5107850097438,0.0757907577386363));
#6534=CARTESIAN_POINT('',(-0.15687008910589,-1.51957279719226,0.0754893994698458));
#6535=CARTESIAN_POINT('',(-0.131972074905659,-1.5378886906844,0.0748642329001187));
#6536=CARTESIAN_POINT('',(-0.116740544467122,-1.54668671023362,0.0745664255072213));
#6537=CARTESIAN_POINT('',(-0.0849325292753209,-1.56081701377283,0.0740897545765818));
#6538=CARTESIAN_POINT('',(-0.0683561592270008,-1.56614923355442,0.0739108910388396));
#6539=CARTESIAN_POINT('',(-0.0345289840809207,-1.57326922680669,0.0736721903797724));
#6540=CARTESIAN_POINT('',(-0.0172782969681988,-1.57505696786541,0.0736123532584474));
#6541=CARTESIAN_POINT('',(0.0172234243248401,-1.5750615501625,0.0736117879934763));
#6542=CARTESIAN_POINT('',(0.0344743394192161,-1.573278391384,0.0736710598498302));
#6543=CARTESIAN_POINT('',(0.0683024246371618,-1.56616746594886,0.0739087951014791));
#6544=CARTESIAN_POINT('',(0.0848794767734125,-1.56083973167074,0.0740872584967739));
#6545=CARTESIAN_POINT('',(0.116689304715077,-1.54671820662785,0.0745634593875664));
#6546=CARTESIAN_POINT('',(0.131921965811027,-1.53792448003895,0.0748611968830641));
#6547=CARTESIAN_POINT('',(0.156822343190864,-1.5196158487354,0.0754866745789665));
#6548=CARTESIAN_POINT('',(0.166929033571728,-1.51083109308646,0.0757883055096759));
#6549=CARTESIAN_POINT('',(0.179468291750966,-1.49791651992595,0.0762352620523593));
#6550=CARTESIAN_POINT('',(0.182538167514302,-1.49457186191292,0.0763285779372573));
#6551=CARTESIAN_POINT('',(0.1854987516722,-1.49116021324028,0.0764699364608119));
#6552=CARTESIAN_POINT('',(-0.180497237352662,-1.48648391050725,0.0706193057212467));
#6553=CARTESIAN_POINT('',(-0.177632939874526,-1.48977327524224,0.0704828256641528));
#6554=CARTESIAN_POINT('',(-0.17466114277275,-1.4929978882532,0.0703924333457177));
#6555=CARTESIAN_POINT('',(-0.162515143043898,-1.50544882284227,0.0699602543030249));
#6556=CARTESIAN_POINT('',(-0.152710054782752,-1.51391758483313,0.0696684704686543));
#6557=CARTESIAN_POINT('',(-0.128526150450771,-1.53156727959545,0.0690631654867705));
#6558=CARTESIAN_POINT('',(-0.113712585282518,-1.54004421275027,0.0687748189942509));
#6559=CARTESIAN_POINT('',(-0.0827540126905182,-1.55365809020135,0.0683132905773254));
#6560=CARTESIAN_POINT('',(-0.0666091141624285,-1.55879497354109,0.0681401086529195));
#6561=CARTESIAN_POINT('',(-0.0336517321916641,-1.5656540267423,0.0679089898032217));
#6562=CARTESIAN_POINT('',(-0.0168393607586184,-1.56737616583333,0.0678510528779298));
#6563=CARTESIAN_POINT('',(0.0167857217039605,-1.56738061656649,0.0678505044574601));
#6564=CARTESIAN_POINT('',(0.0335983196787176,-1.56566292819259,0.0679078929622824));
#6565=CARTESIAN_POINT('',(0.0665566060555119,-1.55881268415803,0.0681380758330412));
#6566=CARTESIAN_POINT('',(0.0827021824457546,-1.55368015923607,0.0683108701989778));
#6567=CARTESIAN_POINT('',(0.113662556830413,-1.54007481501188,0.0687719452229655));
#6568=CARTESIAN_POINT('',(0.12847724592488,-1.53160205663531,0.0690602258810166));
#6569=CARTESIAN_POINT('',(0.152663499868226,-1.51395942881646,0.0696658379153314));
#6570=CARTESIAN_POINT('',(0.162469718104449,-1.50549361867132,0.0699578890709138));
#6571=CARTESIAN_POINT('',(0.17461738518954,-1.49304649316573,0.0703906507540771));
#6572=CARTESIAN_POINT('',(0.177589634747288,-1.4898227971561,0.0704811146998228));
#6573=CARTESIAN_POINT('',(0.180454353544584,-1.48653438760144,0.0706178722596227));
#6574=CARTESIAN_POINT('',(-0.177049922791286,-1.48332436127135,0.0669054593848908));
#6575=CARTESIAN_POINT('',(-0.174250524763317,-1.48653101697651,0.0667725088420882));
#6576=CARTESIAN_POINT('',(-0.171344898250398,-1.48967442275766,0.0666844219263467));
#6577=CARTESIAN_POINT('',(-0.159464508055281,-1.50181160164939,0.0662633579009411));
#6578=CARTESIAN_POINT('',(-0.149863729393312,-1.51006630052209,0.0659790780649258));
#6579=CARTESIAN_POINT('',(-0.126166316758387,-1.52726901338343,0.0653893396304591));
#6580=CARTESIAN_POINT('',(-0.111638176921934,-1.53553054207316,0.0651084080929754));
#6581=CARTESIAN_POINT('',(-0.0812605668898636,-1.54879798723588,0.0646587474672553));
#6582=CARTESIAN_POINT('',(-0.0654112017322333,-1.55380384491174,0.0644900183790188));
#6583=CARTESIAN_POINT('',(-0.0330500051025861,-1.56048787032199,0.0642648413937606));
#6584=CARTESIAN_POINT('',(-0.0165382816722143,-1.56216600837597,0.0642083934967388));
#6585=CARTESIAN_POINT('',(0.0164854995013408,-1.56217036999051,0.0642078576358769));
#6586=CARTESIAN_POINT('',(0.0329974481947568,-1.56049659353561,0.0642637696720368));
#6587=CARTESIAN_POINT('',(0.0653595441781427,-1.55382120181786,0.0644880324195057));
#6588=CARTESIAN_POINT('',(0.0812095834243788,-1.54881961620478,0.0646563831308146));
#6589=CARTESIAN_POINT('',(0.11158898539319,-1.53556053705002,0.0651056019705487));
#6590=CARTESIAN_POINT('',(0.12611824307364,-1.52730310227567,0.0653864700989739));
#6591=CARTESIAN_POINT('',(0.149817992923975,-1.51010732198154,0.065976510962916));
#6592=CARTESIAN_POINT('',(0.159419895686185,-1.50185551965944,0.0662610532886334));
#6593=CARTESIAN_POINT('',(0.171301944770756,-1.48972207990065,0.0666826887620912));
#6594=CARTESIAN_POINT('',(0.174208020978316,-1.48657957460593,0.0667708465847534));
#6595=CARTESIAN_POINT('',(0.177007838697994,-1.48337385658492,0.0669040685404503));
#6596=CARTESIAN_POINT('',(-0.166469857862206,-1.47362746954092,0.0562981816013133));
#6597=CARTESIAN_POINT('',(-0.163867053314757,-1.47658629569501,0.0561768828395824));
#6598=CARTESIAN_POINT('',(-0.161162185673717,-1.47948629406428,0.0560966300510893));
#6599=CARTESIAN_POINT('',(-0.150088544070354,-1.49068321698174,0.0557126850059544));
#6600=CARTESIAN_POINT('',(-0.141110533883949,-1.49829646278892,0.0554534650170543));
#6601=CARTESIAN_POINT('',(-0.118900029366184,-1.51415982766463,0.0549157115161124));
#6602=CARTESIAN_POINT('',(-0.105247250443969,-1.52177596394229,0.0546595423840122));
#6603=CARTESIAN_POINT('',(-0.0766552386599492,-1.53400546711708,0.0542495143297926));
#6604=CARTESIAN_POINT('',(-0.0617160993542468,-1.53861878164431,0.0540956554076731));
#6605=CARTESIAN_POINT('',(-0.0311929796705934,-1.5447784413954,0.0538903208179478));
#6606=CARTESIAN_POINT('',(-0.015609095524067,-1.54632476018329,0.053838845150342));
#6607=CARTESIAN_POINT('',(0.0155589902431435,-1.54632885079205,0.0538383501141769));
#6608=CARTESIAN_POINT('',(0.0311430947344802,-1.54478662259915,0.0538893307456177));
#6609=CARTESIAN_POINT('',(0.0616670942845965,-1.53863506203707,0.0540938213520788));
#6610=CARTESIAN_POINT('',(0.0766068931100909,-1.53402575607658,0.0542473313270991));
#6611=CARTESIAN_POINT('',(0.10520065859642,-1.52180410682936,0.0546569536652523));
#6612=CARTESIAN_POINT('',(0.118854531697467,-1.514191815886,0.0549130660283852));
#6613=CARTESIAN_POINT('',(0.141067324855005,-1.49833496791416,0.0554511036674326));
#6614=CARTESIAN_POINT('',(0.15004643602421,-1.49072444674213,0.0557105686924559));
#6615=CARTESIAN_POINT('',(0.161121702973396,-1.47953104396989,0.0560950458901706));
#6616=CARTESIAN_POINT('',(0.163827009861405,-1.47663189423329,0.0561753660961435));
#6617=CARTESIAN_POINT('',(0.166430227105316,-1.47367395073585,0.0562969160174426));
#6618=CARTESIAN_POINT('',(-0.159099281708679,-1.46687215381925,0.0499383484721015));
#6619=CARTESIAN_POINT('',(-0.156630409946998,-1.46966560417777,0.0498261880592624));
#6620=CARTESIAN_POINT('',(-0.154062688538064,-1.47240308110975,0.049752336230727));
#6621=CARTESIAN_POINT('',(-0.143541226426043,-1.48297244185537,0.0493979922317064));
#6622=CARTESIAN_POINT('',(-0.13499207852836,-1.49015763476089,0.0491587565616699));
#6623=CARTESIAN_POINT('',(-0.11381022249942,-1.50512732921228,0.0486624591094811));
#6624=CARTESIAN_POINT('',(-0.100766527274458,-1.51231291666044,0.0484260370310718));
#6625=CARTESIAN_POINT('',(-0.0734214635510575,-1.52385005413152,0.0480476142274647));
#6626=CARTESIAN_POINT('',(-0.0591201810756309,-1.52820155600133,0.047905613502267));
#6627=CARTESIAN_POINT('',(-0.029887288760303,-1.53401149036167,0.0477161018268974));
#6628=CARTESIAN_POINT('',(-0.0149557674033219,-1.53546989854485,0.0476685908767255));
#6629=CARTESIAN_POINT('',(0.0149075804058892,-1.53547380391488,0.0476681271732219));
#6630=CARTESIAN_POINT('',(0.0298393175495766,-1.53401930108908,0.0477151744198902));
#6631=CARTESIAN_POINT('',(0.0590730716207586,-1.5282170992939,0.0479038955318813));
#6632=CARTESIAN_POINT('',(0.0733750000636225,-1.52386942460681,0.0480455693972041));
#6633=CARTESIAN_POINT('',(0.100721781753698,-1.51233978593394,0.0484236121683184));
#6634=CARTESIAN_POINT('',(0.113766548974507,-1.50515787007689,0.04865998107411));
#6635=CARTESIAN_POINT('',(0.134950647794562,-1.49019439836155,0.0491565446887429));
#6636=CARTESIAN_POINT('',(0.143500874768205,-1.48301180719924,0.0493960098902099));
#6637=CARTESIAN_POINT('',(0.154023930233639,-1.47244580794863,0.0497508523674906));
#6638=CARTESIAN_POINT('',(0.156592081356684,-1.46970914186919,0.0498247675566762));
#6639=CARTESIAN_POINT('',(0.159061358661524,-1.4669165339511,0.0499371630261742));
#6640=CARTESIAN_POINT('',(-0.147612404104377,-1.45634414579696,0.0413656428295167));
#6641=CARTESIAN_POINT('',(-0.145347173348035,-1.458891221346,0.0412677315840316));
#6642=CARTESIAN_POINT('',(-0.142988550605368,-1.46138651434308,0.0412039162512536));
#6643=CARTESIAN_POINT('',(-0.133310953832544,-1.47102093774779,0.0408958345095283));
#6644=CARTESIAN_POINT('',(-0.125421716734827,-1.47756859020855,0.0406878317512395));
#6645=CARTESIAN_POINT('',(-0.105830768971541,-1.49120747533887,0.0402563252024506));
#6646=CARTESIAN_POINT('',(-0.0937350725972721,-1.49775209740051,0.0400507658188013));
#6647=CARTESIAN_POINT('',(-0.0683384676113306,-1.5082586248225,0.0397217394599591));
#6648=CARTESIAN_POINT('',(-0.0550376340875424,-1.51222048815091,0.0395982724847665));
#6649=CARTESIAN_POINT('',(-0.0278320503203307,-1.51750996752413,0.0394334917771201));
#6650=CARTESIAN_POINT('',(-0.0139273773119987,-1.51883756235149,0.0393921780446665));
#6651=CARTESIAN_POINT('',(0.0138822537615923,-1.51884118265477,0.0393917646567809));
#6652=CARTESIAN_POINT('',(0.0277871338710893,-1.51751720811965,0.0394326650013489));
#6653=CARTESIAN_POINT('',(0.054993544828809,-1.51223489573512,0.0395967406017889));
#6654=CARTESIAN_POINT('',(0.0682949984404469,-1.50827657908125,0.0397199158576609));
#6655=CARTESIAN_POINT('',(0.093693252967248,-1.49777699845564,0.0400486021149913));
#6656=CARTESIAN_POINT('',(0.105789978791568,-1.49123577649455,0.0402541131164497));
#6657=CARTESIAN_POINT('',(0.125383081067614,-1.47760265061566,0.0406858543763872));
#6658=CARTESIAN_POINT('',(0.133273354967041,-1.47105740500303,0.04089406038302));
#6659=CARTESIAN_POINT('',(0.142952483135644,-1.46142608933164,0.0412025842189566));
#6660=CARTESIAN_POINT('',(0.145311517635128,-1.45893154648078,0.0412664554050593));
#6661=CARTESIAN_POINT('',(0.147577139523595,-1.45638524875387,0.0413645755689658));
#6662=CARTESIAN_POINT('',(-0.143711531869183,-1.45276889971176,0.0386694221094495));
#6663=CARTESIAN_POINT('',(-0.141514685201871,-1.45523406962401,0.0385763516249684));
#6664=CARTESIAN_POINT('',(-0.139226367784182,-1.45764884077796,0.0385159550398719));
#6665=CARTESIAN_POINT('',(-0.129832813133894,-1.46697245289774,0.0382236070257252));
#6666=CARTESIAN_POINT('',(-0.122166395892459,-1.47330819100438,0.0380262265668425));
#6667=CARTESIAN_POINT('',(-0.103113860199826,-1.48650476275603,0.037616755431992));
#6668=CARTESIAN_POINT('',(-0.0913399101337787,-1.49283638397886,0.0374216925124271));
#6669=CARTESIAN_POINT('',(-0.066605765375499,-1.50300044929932,0.0371094660519262));
#6670=CARTESIAN_POINT('',(-0.0536456421868584,-1.5068328533714,0.03699230251099));
#6671=CARTESIAN_POINT('',(-0.0271310221019211,-1.51194941246847,0.0368359330142468));
#6672=CARTESIAN_POINT('',(-0.0135765987539277,-1.51323354728882,0.0367967270584397));
#6673=CARTESIAN_POINT('',(0.0135325261012548,-1.51323707154438,0.0367963309384549));
#6674=CARTESIAN_POINT('',(0.0270871533738712,-1.51195646096906,0.0368351407742773));
#6675=CARTESIAN_POINT('',(0.0536025880011052,-1.50684687801387,0.0369908344440521));
#6676=CARTESIAN_POINT('',(0.0665633218059976,-1.5030179258178,0.0371077182780045));
#6677=CARTESIAN_POINT('',(0.0912990910397574,-1.49286062016136,0.0374196181505397));
#6678=CARTESIAN_POINT('',(0.103074054962215,-1.48653230670629,0.0376146341891224));
#6679=CARTESIAN_POINT('',(0.12212871277097,-1.47334133579059,0.0380243288663817));
#6680=CARTESIAN_POINT('',(0.129796151288881,-1.46700793765929,0.0382219033526234));
#6681=CARTESIAN_POINT('',(0.139191214554503,-1.45768734576348,0.038514673775698));
#6682=CARTESIAN_POINT('',(0.141479937185314,-1.45527330376709,0.0385751234991193));
#6683=CARTESIAN_POINT('',(0.143677169620963,-1.45280888933301,0.0386683938856617));
#6684=CARTESIAN_POINT('',(-0.137757320293786,-1.44731171723001,0.0348559700583421));
#6685=CARTESIAN_POINT('',(-0.135663493214597,-1.44965461928275,0.0347701456944628));
#6686=CARTESIAN_POINT('',(-0.133481240271559,-1.45194918408994,0.0347148570793609));
#6687=CARTESIAN_POINT('',(-0.12451676629985,-1.4608088473638,0.0344460427026124));
#6688=CARTESIAN_POINT('',(-0.117188188125207,-1.46682831199391,0.0342645505616464));
#6689=CARTESIAN_POINT('',(-0.0989541978729769,-1.47936481627791,0.0338880390617144));
#6690=CARTESIAN_POINT('',(-0.0876710209362434,-1.4853786316215,0.0337086764235221));
#6691=CARTESIAN_POINT('',(-0.0639494139354516,-1.49503176817371,0.0334215789048666));
#6692=CARTESIAN_POINT('',(-0.0515110501124544,-1.49867105230256,0.0333138440244032));
#6693=CARTESIAN_POINT('',(-0.0260555317245048,-1.5035296643107,0.0331700561982533));
#6694=CARTESIAN_POINT('',(-0.013038445294838,-1.50474897347237,0.0331340032525667));
#6695=CARTESIAN_POINT('',(0.012995995019755,-1.50475235151327,0.0331336334730187));
#6696=CARTESIAN_POINT('',(0.0260132801336343,-1.50353642038275,0.0331693166391571));
#6697=CARTESIAN_POINT('',(0.0514695921873324,-1.49868449382455,0.0333124732603068));
#6698=CARTESIAN_POINT('',(0.0639085509905482,-1.49504851709517,0.0334199467153182));
#6699=CARTESIAN_POINT('',(0.0876317410529458,-1.48540185468081,0.0337067380912619));
#6700=CARTESIAN_POINT('',(0.098915906068456,-1.47939120605681,0.0338860560121942));
#6701=CARTESIAN_POINT('',(0.117151964817664,-1.4668600601723,0.0342627736864237));
#6702=CARTESIAN_POINT('',(0.12448153855555,-1.46084283303216,0.0344444456115713));
#6703=CARTESIAN_POINT('',(0.133447483371779,-1.45198605562916,0.0347136520735096));
#6704=CARTESIAN_POINT('',(0.135630130778853,-1.44969218771195,0.0347689895473608));
#6705=CARTESIAN_POINT('',(0.137724334622495,-1.44735000681362,0.034855000034839));
#6706=CARTESIAN_POINT('',(-0.135755428524471,-1.4454769338073,0.033623308278091));
#6707=CARTESIAN_POINT('',(-0.133696015217084,-1.44777917833947,0.0335398967842616));
#6708=CARTESIAN_POINT('',(-0.131549218188018,-1.45003377043407,0.0334863074672353));
#6709=CARTESIAN_POINT('',(-0.122728274086112,-1.4587391621062,0.0332253264772808));
#6710=CARTESIAN_POINT('',(-0.115512910593226,-1.46465346858655,0.0330491229204024));
#6711=CARTESIAN_POINT('',(-0.0975535904301422,-1.47697051748137,0.0326835823843786));
#6712=CARTESIAN_POINT('',(-0.0864353637966082,-1.48287868009502,0.0325094457707974));
#6713=CARTESIAN_POINT('',(-0.0630544113750805,-1.49236196778843,0.0322307127483493));
#6714=CARTESIAN_POINT('',(-0.0507917500929557,-1.49593705675972,0.0321261163394825));
#6715=CARTESIAN_POINT('',(-0.025693042579726,-1.50070992529236,0.0319865165457411));
#6716=CARTESIAN_POINT('',(-0.0128570626990949,-1.5019076866264,0.0319515131608667));
#6717=CARTESIAN_POINT('',(0.0128151608898913,-1.50191101557182,0.0319511522343885));
#6718=CARTESIAN_POINT('',(0.0256513376286651,-1.50071658317372,0.0319857946927848));
#6719=CARTESIAN_POINT('',(0.050750831531422,-1.4959503024566,0.0321247782721259));
#6720=CARTESIAN_POINT('',(0.0630140823436484,-1.49237847234609,0.0322291193930709));
#6721=CARTESIAN_POINT('',(0.0863966033861896,-1.48290156281041,0.0325075531167878));
#6722=CARTESIAN_POINT('',(0.0975158091080933,-1.47699651947542,0.0326816457195597));
#6723=CARTESIAN_POINT('',(0.115477179057742,-1.46468474736568,0.0330473865378774));
#6724=CARTESIAN_POINT('',(0.122693529138563,-1.45877264385078,0.0332237650625566));
#6725=CARTESIAN_POINT('',(0.131515930894693,-1.45007009275029,0.0334851278971318));
#6726=CARTESIAN_POINT('',(0.133663118649177,-1.44781618665905,0.0335387646118669));
#6727=CARTESIAN_POINT('',(0.13572290556002,-1.44551465170538,0.0336223575941541));
#6728=CARTESIAN_POINT('',(-0.131718117380989,-1.44177663808106,0.0312332089978048));
#6729=CARTESIAN_POINT('',(-0.129727627406018,-1.44399780804501,0.0311545929739847));
#6730=CARTESIAN_POINT('',(-0.127651894112039,-1.44617269138958,0.0311043738650525));
#6731=CARTESIAN_POINT('',(-0.119118830899133,-1.45457046527507,0.0308589479277655));
#6732=CARTESIAN_POINT('',(-0.11213099052319,-1.46027510470128,0.0306932461409857));
#6733=CARTESIAN_POINT('',(-0.0947244520678388,-1.47215462168545,0.0303494911773063));
#6734=CARTESIAN_POINT('',(-0.0839387704389845,-1.47785216295589,0.0301857321800088));
#6735=CARTESIAN_POINT('',(-0.0612453175588134,-1.48699686647758,0.0299236090911063));
#6736=CARTESIAN_POINT('',(-0.049337607384747,-1.49044399453961,0.0298252449995014));
#6737=CARTESIAN_POINT('',(-0.02496006387905,-1.49504595160309,0.029693961806638));
#6738=CARTESIAN_POINT('',(-0.0124902933712302,-1.49620076334604,0.0296610427053794));
#6739=CARTESIAN_POINT('',(0.0124495040929659,-1.49620399328439,0.0296606995778626));
#6740=CARTESIAN_POINT('',(0.0249194676393307,-1.49505241147079,0.0296932755516044));
#6741=CARTESIAN_POINT('',(0.0492977823116038,-1.49045684532161,0.0298239726587418));
#6742=CARTESIAN_POINT('',(0.0612060706124867,-1.48701287822672,0.0299220937921377));
#6743=CARTESIAN_POINT('',(0.0839010618887774,-1.47787435927015,0.0301839313032373));
#6744=CARTESIAN_POINT('',(0.0946877037845281,-1.47217984158037,0.030347647680941));
#6745=CARTESIAN_POINT('',(0.112096252836155,-1.46030543672523,0.0306915910047642));
#6746=CARTESIAN_POINT('',(0.11908506099518,-1.4546029306041,0.0308574580351731));
#6747=CARTESIAN_POINT('',(0.127619554213621,-1.44620790587766,0.031103245160388));
#6748=CARTESIAN_POINT('',(0.129695670428493,-1.44403368655919,0.0311535086945113));
#6749=CARTESIAN_POINT('',(0.131686527345855,-1.44181320281915,0.0312322968854492));
#6750=CARTESIAN_POINT('',(-0.129679795440451,-1.43990846550351,0.0300742021366442));
#6751=CARTESIAN_POINT('',(-0.127723815026091,-1.4420892184198,0.0299979687127836));
#6752=CARTESIAN_POINT('',(-0.125683695229509,-1.44422436571892,0.0299494205097381));
#6753=CARTESIAN_POINT('',(-0.11729502702697,-1.45246879335738,0.0297117162063022));
#6754=CARTESIAN_POINT('',(-0.110421575973207,-1.45806892376493,0.0295512275466537));
#6755=CARTESIAN_POINT('',(-0.0932934272741701,-1.46973036383477,0.0292182869889465));
#6756=CARTESIAN_POINT('',(-0.0826755673980027,-1.47532293617124,0.0290596794180451));
#6757=CARTESIAN_POINT('',(-0.0603295044028206,-1.48429890361034,0.0288058013698172));
#6758=CARTESIAN_POINT('',(-0.0486013606676299,-1.48768226547168,0.0287105308924906));
#6759=CARTESIAN_POINT('',(-0.0245888514483665,-1.49219905357937,0.0285833757722669));
#6760=CARTESIAN_POINT('',(-0.0123045470462532,-1.49333246304575,0.0285514911293697));
#6761=CARTESIAN_POINT('',(0.0122643144548976,-1.49333564204623,0.0285511564188596));
#6762=CARTESIAN_POINT('',(0.024548809902028,-1.49220541157159,0.0285827063512466));
#6763=CARTESIAN_POINT('',(0.0485620823411377,-1.48769491318716,0.0287092895321595));
#6764=CARTESIAN_POINT('',(0.0602907982499768,-1.48431466204003,0.0288043227806854));
#6765=CARTESIAN_POINT('',(0.0826383838569771,-1.47534478001419,0.0290579213347308));
#6766=CARTESIAN_POINT('',(0.0932571941689742,-1.46975518235993,0.0292164866402504));
#6767=CARTESIAN_POINT('',(0.110387332984411,-1.45809877059174,0.0295496091230268));
#6768=CARTESIAN_POINT('',(0.117261741991712,-1.45250073812489,0.0297102580007544));
#6769=CARTESIAN_POINT('',(0.125651825741391,-1.44425901340786,0.0299483130119498));
#6770=CARTESIAN_POINT('',(0.127692324392961,-1.44212451902818,0.0299969041204453));
#6771=CARTESIAN_POINT('',(0.12964866824964,-1.43994444055711,0.030073305025225));
#6772=CARTESIAN_POINT('',(-0.119440612848804,-1.43052400088397,0.0244816168333288));
#6773=CARTESIAN_POINT('',(-0.117657289636066,-1.43250337876342,0.024417157576234));
#6774=CARTESIAN_POINT('',(-0.115795424323112,-1.43444054898646,0.0243768388214985));
#6775=CARTESIAN_POINT('',(-0.108129802058992,-1.44192098336371,0.0241772403909114));
#6776=CARTESIAN_POINT('',(-0.10182980200151,-1.44700048495351,0.02404247892953));
#6777=CARTESIAN_POINT('',(-0.0860984140980614,-1.45757560534538,0.0237629097741987));
#6778=CARTESIAN_POINT('',(-0.0763234049308516,-1.46264534572269,0.0236297268317684));
#6779=CARTESIAN_POINT('',(-0.055723092318609,-1.47078090868856,0.0234165441379489));
#6780=CARTESIAN_POINT('',(-0.0448978399041769,-1.47384670271171,0.0233365443865598));
#6781=CARTESIAN_POINT('',(-0.0227212772927115,-1.47793934384143,0.0232297695446312));
#6782=CARTESIAN_POINT('',(-0.0113700195855461,-1.47896617652837,0.0232029944540917));
#6783=CARTESIAN_POINT('',(0.0113327294448455,-1.47896911436284,0.0232027104036714));
#6784=CARTESIAN_POINT('',(0.0226841677884277,-1.47794521950285,0.0232292014437906));
#6785=CARTESIAN_POINT('',(0.0448614521204082,-1.47385838732304,0.0233354911244961));
#6786=CARTESIAN_POINT('',(0.0556872456179238,-1.47079546440795,0.0234152897650824));
#6787=CARTESIAN_POINT('',(0.0762889983817701,-1.46266551068439,0.0236282361165311));
#6788=CARTESIAN_POINT('',(0.086064906615489,-1.45759850842685,0.0237613838273934));
#6789=CARTESIAN_POINT('',(0.101798177575457,-1.44702800618549,0.0240411090439764));
#6790=CARTESIAN_POINT('',(0.108099084188725,-1.44195042799318,0.0241760073690537));
#6791=CARTESIAN_POINT('',(0.115766046367651,-1.43447246576824,0.0243759049184054));
#6792=CARTESIAN_POINT('',(0.117628269347574,-1.4325358928123,0.0244162590327092));
#6793=CARTESIAN_POINT('',(0.119411937605407,-1.43055713014385,0.0244808622960431));
#6794=CARTESIAN_POINT('',(-0.111164591867456,-1.4229388225365,0.0206860360567365));
#6795=CARTESIAN_POINT('',(-0.109518103548194,-1.42476127896821,0.020630413597018));
#6796=CARTESIAN_POINT('',(-0.107797821590889,-1.42654416365055,0.0205961439574662));
#6797=CARTESIAN_POINT('',(-0.100707672139439,-1.43342930956384,0.0204249025470233));
#6798=CARTESIAN_POINT('',(-0.0948666421716467,-1.43810325973743,0.0203092865105404));
#6799=CARTESIAN_POINT('',(-0.0802576684728023,-1.44783232154377,0.0200694350984847));
#6800=CARTESIAN_POINT('',(-0.0711632431349093,-1.45249498825734,0.0199551728361578));
#6801=CARTESIAN_POINT('',(-0.0519767089342563,-1.45997630171059,0.0197722754923228));
#6802=CARTESIAN_POINT('',(-0.0418846447840227,-1.46279492342153,0.0197036404108148));
#6803=CARTESIAN_POINT('',(-0.0212008703142107,-1.46655745090044,0.0196120332345982));
#6804=CARTESIAN_POINT('',(-0.0106092059857546,-1.46750134403409,0.0195890611398896));
#6805=CARTESIAN_POINT('',(0.0105743403824915,-1.46750408850803,0.0195888157432525));
#6806=CARTESIAN_POINT('',(0.0211661760020221,-1.46656293984174,0.0196115424413239));
#6807=CARTESIAN_POINT('',(0.0418506349131419,-1.4628058352904,0.0197027304362271));
#6808=CARTESIAN_POINT('',(0.0519432122127194,-1.45998989202664,0.0197711917330591));
#6809=CARTESIAN_POINT('',(0.0711311124138234,-1.45251380383389,0.019953884731464));
#6810=CARTESIAN_POINT('',(0.0802263906010615,-1.44785368392097,0.0200681164330369));
#6811=CARTESIAN_POINT('',(0.094837150917343,-1.43812890709543,0.0203081023451709));
#6812=CARTESIAN_POINT('',(0.100679041110211,-1.4334567380619,0.0204238364471367));
#6813=CARTESIAN_POINT('',(0.107770462226001,-1.42657387542791,0.0205953359825436));
#6814=CARTESIAN_POINT('',(0.109491082913385,-1.42479154234533,0.0206296349837635));
#6815=CARTESIAN_POINT('',(0.111137899475194,-1.42296965255957,0.0206853828798446));
#6816=CARTESIAN_POINT('',(-0.0944746185877037,-1.40764204837089,0.0142000976679654));
#6817=CARTESIAN_POINT('',(-0.0930970376005331,-1.4091595568777,0.0141602746534821));
#6818=CARTESIAN_POINT('',(-0.0916557423774893,-1.41064273040027,0.014136526826477));
#6819=CARTESIAN_POINT('',(-0.0857028270165663,-1.41637150402043,0.0140154265032594));
#6820=CARTESIAN_POINT('',(-0.0807755746215644,-1.4202580122465,0.0139336638938538));
#6821=CARTESIAN_POINT('',(-0.0684130810897281,-1.42834478403401,0.0137640430763399));
#6822=CARTESIAN_POINT('',(-0.0606894292694425,-1.43221767211161,0.0136832377363761));
#6823=CARTESIAN_POINT('',(-0.0443611618137622,-1.43842992062464,0.0135538940564699));
#6824=CARTESIAN_POINT('',(-0.0357565792267566,-1.44076926256058,0.0135053557165277));
#6825=CARTESIAN_POINT('',(-0.018106325265165,-1.44389172268022,0.0134405713537411));
#6826=CARTESIAN_POINT('',(-0.00906068788401744,-1.4446748315255,0.0134243253308969));
#6827=CARTESIAN_POINT('',(0.00903077243214201,-1.4446771855284,0.0134241509193828));
#6828=CARTESIAN_POINT('',(0.0180765610565272,-1.44389643068116,0.013440222530713));
#6829=CARTESIAN_POINT('',(0.0357274194566851,-1.44077861419945,0.0135047087046242));
#6830=CARTESIAN_POINT('',(0.0443324552383621,-1.43844156189376,0.0135531232672052));
#6831=CARTESIAN_POINT('',(0.0606619294408796,-1.43223376420612,0.0136823206606946));
#6832=CARTESIAN_POINT('',(0.0683863348120286,-1.4283630373143,0.0137631034916029));
#6833=CARTESIAN_POINT('',(0.0807504075734959,-1.42027987965841,0.0139328178329207));
#6834=CARTESIAN_POINT('',(0.0856784205107877,-1.41639486634914,0.0140146632465231));
#6835=CARTESIAN_POINT('',(0.0916324605734611,-1.41066799637049,0.0141359451796138));
#6836=CARTESIAN_POINT('',(0.093074054072839,-1.40918528253089,0.0141597114059576));
#6837=CARTESIAN_POINT('',(0.0944519267708664,-1.40766824327507,0.0141996250226873));
#6838=CARTESIAN_POINT('',(-0.0860605387126303,-1.39993033562558,0.0115107623086998));
#6839=CARTESIAN_POINT('',(-0.0848150460316292,-1.40129979326287,0.0114779188696782));
#6840=CARTESIAN_POINT('',(-0.0835111688170008,-1.40263751753066,0.0114586601618071));
#6841=CARTESIAN_POINT('',(-0.0781200686114936,-1.40780511580734,0.0113594075607391));
#6842=CARTESIAN_POINT('',(-0.0736476536640407,-1.41130967168065,0.0112923961227789));
#6843=CARTESIAN_POINT('',(-0.0624092765152497,-1.41860008371809,0.0111533780798901));
#6844=CARTESIAN_POINT('',(-0.055375828340647,-1.42209020563919,0.0110871521346343));
#6845=CARTESIAN_POINT('',(-0.0404920573235676,-1.42768754070306,0.0109811463308686));
#6846=CARTESIAN_POINT('',(-0.0326417621834171,-1.4297947383389,0.0109413664723588));
#6847=CARTESIAN_POINT('',(-0.0165322189737157,-1.43260719548996,0.0108882730560414));
#6848=CARTESIAN_POINT('',(-0.00827299939866461,-1.43331244717741,0.0108749594982337));
#6849=CARTESIAN_POINT('',(0.00824560906364846,-1.43331460370645,0.0108748188972768));
#6850=CARTESIAN_POINT('',(0.0165049691905323,-1.43261150854398,0.0108879918541274));
#6851=CARTESIAN_POINT('',(0.0326150741596247,-1.4298033011721,0.0109408444964432));
#6852=CARTESIAN_POINT('',(0.0404657905067827,-1.42769819678242,0.0109805241819084));
#6853=CARTESIAN_POINT('',(0.0553506832569554,-1.42210492190507,0.0110864104954093));
#6854=CARTESIAN_POINT('',(0.0623848319565522,-1.41861676691647,0.011152617123445));
#6855=CARTESIAN_POINT('',(0.073624677502693,-1.41132963176066,0.0112917074844686));
#6856=CARTESIAN_POINT('',(0.0780977996965014,-1.40782642713654,0.0113587840269661));
#6857=CARTESIAN_POINT('',(0.0834899459748079,-1.40266054232444,0.0114581802858355));
#6858=CARTESIAN_POINT('',(0.0847940999704024,-1.401323231653,0.0114774517557542));
#6859=CARTESIAN_POINT('',(0.0860398646552969,-1.39995419461648,0.0115103687904099));
#6860=CARTESIAN_POINT('',(-0.0691170532028904,-1.38440121121798,0.00705617977895131));
#6861=CARTESIAN_POINT('',(-0.0681304049229574,-1.38548261758339,0.00703525297683354));
#6862=CARTESIAN_POINT('',(-0.0670965213177075,-1.38653763182452,0.00702341229793646));
#6863=CARTESIAN_POINT('',(-0.0628129625285204,-1.39061429267747,0.00696099168306513));
#6864=CARTESIAN_POINT('',(-0.0592444038176141,-1.3933768632706,0.00691884803048197));
#6865=CARTESIAN_POINT('',(-0.0502522687121962,-1.39912095835219,0.00683141977227379));
#6866=CARTESIAN_POINT('',(-0.0446069219710587,-1.40186844550693,0.00678977081036627));
#6867=CARTESIAN_POINT('',(-0.0326392437923681,-1.40627314389174,0.00672310525298236));
#6868=CARTESIAN_POINT('',(-0.0263169305800297,-1.40793034491989,0.00669808865750596));
#6869=CARTESIAN_POINT('',(-0.0133334600782971,-1.41014194288886,0.00666470011384962));
#6870=CARTESIAN_POINT('',(-0.00667232153528438,-1.41069633467982,0.00665632816566967));
#6871=CARTESIAN_POINT('',(0.00665009198296609,-1.41069808904929,0.00665624119747158));
#6872=CARTESIAN_POINT('',(0.0133113480369024,-1.41014545162511,0.00666452617745343));
#6873=CARTESIAN_POINT('',(0.0262952882876322,-1.40793730304716,0.0066977653464443));
#6874=CARTESIAN_POINT('',(0.0326179537376817,-1.40628179703793,0.00672271953545331));
#6875=CARTESIAN_POINT('',(0.0445865702395714,-1.4018803701609,0.00678930940336381));
#6876=CARTESIAN_POINT('',(0.0502325030654786,-1.39913445948986,0.0068309450822653));
#6877=CARTESIAN_POINT('',(0.0592258671692169,-1.39339296803017,0.00691841456975604));
#6878=CARTESIAN_POINT('',(0.0627950179520043,-1.39063146337315,0.006960596615992));
#6879=CARTESIAN_POINT('',(0.0670794527665751,-1.38655614082675,0.00702310296233417));
#6880=CARTESIAN_POINT('',(0.0681135670749385,-1.38550144926865,0.00703494922625127));
#6881=CARTESIAN_POINT('',(0.0691004442997455,-1.38442036818062,0.00705592213595642));
#6882=CARTESIAN_POINT('',(-0.0605875726896351,-1.37658373092761,0.00529153259948479));
#6883=CARTESIAN_POINT('',(-0.0597276693711062,-1.37752514938921,0.00527555444110972));
#6884=CARTESIAN_POINT('',(-0.058826351426949,-1.37844291496339,0.00526665389987511));
#6885=CARTESIAN_POINT('',(-0.0550884836148326,-1.38198986058259,0.00521926103972268));
#6886=CARTESIAN_POINT('',(-0.0519689273002583,-1.38439242984328,0.00518726342268393));
#6887=CARTESIAN_POINT('',(-0.044098898395915,-1.38938663319858,0.00512088332408122));
#6888=CARTESIAN_POINT('',(-0.0391514526394058,-1.39177428288057,0.00508926117845762));
#6889=CARTESIAN_POINT('',(-0.0286553963239011,-1.39560130778616,0.00503864493006779));
#6890=CARTESIAN_POINT('',(-0.0231067998590715,-1.39704067512027,0.00501965082730156));
#6891=CARTESIAN_POINT('',(-0.0117087453530944,-1.39896144161506,0.00499430002889939));
#6892=CARTESIAN_POINT('',(-0.00585930180914849,-1.39944283679319,0.00498794333326345));
#6893=CARTESIAN_POINT('',(0.00583970512919548,-1.39944438627665,0.00498787671339476));
#6894=CARTESIAN_POINT('',(0.0116892538911204,-1.39896454057992,0.00499416678916202));
#6895=CARTESIAN_POINT('',(0.0230877290411146,-1.39704681661781,0.00501940307637264));
#6896=CARTESIAN_POINT('',(0.0286366409317017,-1.39560894233089,0.00503834928781601));
#6897=CARTESIAN_POINT('',(0.0391335376267321,-1.39178479077943,0.00508890721065176));
#6898=CARTESIAN_POINT('',(0.044081508336454,-1.38939852140038,0.00512051892204414));
#6899=CARTESIAN_POINT('',(0.0519526382662455,-1.38440658587129,0.005186929923175));
#6900=CARTESIAN_POINT('',(0.0550727250604943,-1.38200494105348,0.00521895658636493));
#6901=CARTESIAN_POINT('',(0.0588113779037266,-1.37845914906352,0.00526641451173648));
#6902=CARTESIAN_POINT('',(0.0597129020780972,-1.37754166143002,0.00527531890495425));
#6903=CARTESIAN_POINT('',(0.0605730111025633,-1.37660052166591,0.00529133247452689));
#6904=CARTESIAN_POINT('',(-0.0434304008135874,-1.36085875766916,0.00254918719617877));
#6905=CARTESIAN_POINT('',(-0.042819735463156,-1.36152603518195,0.00254113418431655));
#6906=CARTESIAN_POINT('',(-0.0421795500690737,-1.36217549219731,0.0025368014040885));
#6907=CARTESIAN_POINT('',(-0.0395200824155645,-1.36468648751135,0.00251320695344648));
#6908=CARTESIAN_POINT('',(-0.037293954967349,-1.3663857613071,0.00249727692678941));
#6909=CARTESIAN_POINT('',(-0.0316670018746592,-1.36991596032769,0.0024642294223624));
#6910=CARTESIAN_POINT('',(-0.0281219826021349,-1.37160193329176,0.00244848613051673));
#6911=CARTESIAN_POINT('',(-0.0205920408894083,-1.37430307224436,0.0024232862763314));
#6912=CARTESIAN_POINT('',(-0.0166071257392918,-1.37531823415212,0.00241382971399176));
#6913=CARTESIAN_POINT('',(-0.00841718718155442,-1.37667272804616,0.00240120805552788));
#6914=CARTESIAN_POINT('',(-0.00421217127248604,-1.37701205797248,0.00239804295940364));
#6915=CARTESIAN_POINT('',(0.00419794708279335,-1.37701318617268,0.00239800897007991));
#6916=CARTESIAN_POINT('',(0.00840304196048379,-1.37667498444547,0.00240114007688043));
#6917=CARTESIAN_POINT('',(0.0165932962748305,-1.37532269985084,0.0024137032301156));
#6918=CARTESIAN_POINT('',(0.0205784482127893,-1.37430861904123,0.00242313527655024));
#6919=CARTESIAN_POINT('',(0.0281090209688165,-1.37160954814931,0.00244830504576302));
#6920=CARTESIAN_POINT('',(0.0316544344965119,-1.36992456214569,0.00246404276854116));
#6921=CARTESIAN_POINT('',(0.0372822148131823,-1.36639596689129,0.00249710539482414));
#6922=CARTESIAN_POINT('',(0.0395087409091792,-1.36469734075164,0.00251304989547368));
#6923=CARTESIAN_POINT('',(0.0421687987047365,-1.36218714294989,0.00253667696676738));
#6924=CARTESIAN_POINT('',(0.0428091383616453,-1.36153787776091,0.00254101130935881));
#6925=CARTESIAN_POINT('',(0.0434199591677066,-1.36087079030506,0.00254908247369337));
#6926=CARTESIAN_POINT('',(-0.0348026634527925,-1.35295122254276,0.00157185754750745));
#6927=CARTESIAN_POINT('',(-0.0343144769490491,-1.35348436708957,0.00156678681938379));
#6928=CARTESIAN_POINT('',(-0.0338028457009784,-1.35400278366541,0.00156408726297716));
#6929=CARTESIAN_POINT('',(-0.0316760415710385,-1.35600761921073,0.00154928514700435));
#6930=CARTESIAN_POINT('',(-0.029894318305685,-1.35736364971061,0.00153929131052172));
#6931=CARTESIAN_POINT('',(-0.0253883051392437,-1.3601798415758,0.00151855859805953));
#6932=CARTESIAN_POINT('',(-0.0225478114085951,-1.36152402552244,0.00150868180185687));
#6933=CARTESIAN_POINT('',(-0.016512385195369,-1.36367703238442,0.00149287216916012));
#6934=CARTESIAN_POINT('',(-0.0133174573298459,-1.36448585271527,0.00148693933266603));
#6935=CARTESIAN_POINT('',(-0.006750275499123,-1.36556494571106,0.00147902064297208));
#6936=CARTESIAN_POINT('',(-0.00337802628300658,-1.36583521707137,0.00147703478977222));
#6937=CARTESIAN_POINT('',(0.00336654195019773,-1.36583612892761,0.00147701309025243));
#6938=CARTESIAN_POINT('',(0.00673885617388927,-1.36556676942286,0.00147897724393249));
#6939=CARTESIAN_POINT('',(0.013306297960256,-1.36448945943791,0.00148685858175821));
#6940=CARTESIAN_POINT('',(0.0165014207737561,-1.36368151026098,0.00149277576590387));
#6941=CARTESIAN_POINT('',(0.0225373666006551,-1.36153016434558,0.00150856618824644));
#6942=CARTESIAN_POINT('',(0.0253781849968178,-1.36018677019028,0.00151843942644337));
#6943=CARTESIAN_POINT('',(0.0298848795099823,-1.35737185376092,0.00153918178622032));
#6944=CARTESIAN_POINT('',(0.0316669311599685,-1.3560163355782,0.00154918485956725));
#6945=CARTESIAN_POINT('',(0.0337942215023975,-1.35401212601658,0.00156400779519382));
#6946=CARTESIAN_POINT('',(0.0343059795098288,-1.35349385987055,0.00156670835120586));
#6947=CARTESIAN_POINT('',(0.0347942944485626,-1.35296086329287,0.00157179066275321));
#6948=CARTESIAN_POINT('',(-0.0217974147469122,-1.34103158977362,0.00061582229738051));
#6949=CARTESIAN_POINT('',(-0.021492060467152,-1.34136487556955,0.000613769859584011));
#6950=CARTESIAN_POINT('',(-0.0211722523388867,-1.34168854250464,0.000612693557076247));
#6951=CARTESIAN_POINT('',(-0.0198419662119629,-1.34294064738654,0.000606733406802397));
#6952=CARTESIAN_POINT('',(-0.0187269112653196,-1.34378695729093,0.000602709318620555));
#6953=CARTESIAN_POINT('',(-0.0159059561381042,-1.34554379435671,0.000594361112870024));
#6954=CARTESIAN_POINT('',(-0.0141270089839343,-1.34638168563662,0.000590384106414812));
#6955=CARTESIAN_POINT('',(-0.0103463702845277,-1.34772330052875,0.000584018125418011));
#6956=CARTESIAN_POINT('',(-0.00834468062256322,-1.34822702308677,0.000581629150876419));
#6957=CARTESIAN_POINT('',(-0.00422987773374374,-1.34889899510152,0.000578440471958866));
#6958=CARTESIAN_POINT('',(-0.00211676644401484,-1.34906724402608,0.000577640767582903));
#6959=CARTESIAN_POINT('',(0.00210950028152527,-1.34906782132083,0.000577631867248613));
#6960=CARTESIAN_POINT('',(0.00422265376213531,-1.34890014969074,0.000578422671290286));
#6961=CARTESIAN_POINT('',(0.0083376253840273,-1.34822930441925,0.000581596026043274));
#6962=CARTESIAN_POINT('',(0.0103394415881457,-1.34772613130946,0.00058397857675459));
#6963=CARTESIAN_POINT('',(0.0141204176323019,-1.34638555963843,0.000590336663098872));
#6964=CARTESIAN_POINT('',(0.0158995755889932,-1.34554816213086,0.000594312198731839));
#6965=CARTESIAN_POINT('',(0.0187209732176015,-1.34379211612853,0.000602664331366481));
#6966=CARTESIAN_POINT('',(0.0198362414634397,-1.34294612177394,0.000606692192048918));
#6967=CARTESIAN_POINT('',(0.0211668434736293,-1.34169439851968,0.000612660854907334));
#6968=CARTESIAN_POINT('',(0.02148673368099,-1.34137082319389,0.000613737550427785));
#6969=CARTESIAN_POINT('',(0.0217921716929581,-1.3410376266092,0.000615794741497511));
#6970=CARTESIAN_POINT('',(-0.0174517083835591,-1.33704864218491,0.000382197118858089));
#6971=CARTESIAN_POINT('',(-0.0172071404579864,-1.3373155449719,0.000380907283972873));
#6972=CARTESIAN_POINT('',(-0.0169510962823094,-1.33757460991305,0.000380233361036676));
#6973=CARTESIAN_POINT('',(-0.0158858706500104,-1.3385769386371,0.000376492464002696));
#6974=CARTESIAN_POINT('',(-0.0149930325763384,-1.33925423231385,0.000373966737403399));
#6975=CARTESIAN_POINT('',(-0.01273434894946,-1.34065996275198,0.000368726966604039));
#6976=CARTESIAN_POINT('',(-0.0113100425200744,-1.34133018782625,0.000366230786159201));
#6977=CARTESIAN_POINT('',(-0.00828318193930687,-1.34240319239136,0.000362235153082571));
#6978=CARTESIAN_POINT('',(-0.00668062897256397,-1.34280597121907,0.00036073570045078));
#6979=CARTESIAN_POINT('',(-0.00338636298586186,-1.34334325935981,0.000358734302217984));
#6980=CARTESIAN_POINT('',(-0.00169465118441745,-1.34347776833811,0.000358232356616979));
#6981=CARTESIAN_POINT('',(0.00168880794625225,-1.34347823254622,0.0003582267516635));
#6982=CARTESIAN_POINT('',(0.00338055404559293,-1.34334418777586,0.000358723092311025));
#6983=CARTESIAN_POINT('',(0.00667495720472475,-1.3428078049924,0.000360714839072345));
#6984=CARTESIAN_POINT('',(0.00827761304597755,-1.34240546731369,0.00036221024518614));
#6985=CARTESIAN_POINT('',(0.0113047478952428,-1.34133329893946,0.000366200902097741));
#6986=CARTESIAN_POINT('',(0.0127292257185696,-1.34066346890674,0.000368696152895548));
#6987=CARTESIAN_POINT('',(0.0149882691570442,-1.33925836929822,0.000373938387705742));
#6988=CARTESIAN_POINT('',(0.0158812806800499,-1.33858132653228,0.000376466485239621));
#6989=CARTESIAN_POINT('',(0.0169467632016455,-1.33757929996289,0.000380212735069608));
#6990=CARTESIAN_POINT('',(0.0172028740407839,-1.33732030752092,0.000380886900540071));
#6991=CARTESIAN_POINT('',(0.0174475101525339,-1.33705347503406,0.000382179729351776));
#6992=CARTESIAN_POINT('',(-0.008740419058968,-1.32906452961289,7.42859701677372E-5));
#6993=CARTESIAN_POINT('',(-0.00861771693636854,-1.32919840699781,7.40222593824178E-5));
#6994=CARTESIAN_POINT('',(-0.0084893825493904,-1.32932820575319,7.38863959118687E-5));
#6995=CARTESIAN_POINT('',(-0.00795533682366549,-1.3298305502561,7.31252188844832E-5));
#6996=CARTESIAN_POINT('',(-0.00750788523155504,-1.3301697881041,7.26112970792141E-5));
#6997=CARTESIAN_POINT('',(-0.00637623482315972,-1.33087360906708,7.15451336328089E-5));
#6998=CARTESIAN_POINT('',(-0.00566283794048867,-1.33120894658114,7.10372211358584E-5));
#6999=CARTESIAN_POINT('',(-0.00414703934891959,-1.33174564975564,7.02242031779172E-5));
#7000=CARTESIAN_POINT('',(-0.00334463788302443,-1.33194701528005,6.99190977169264E-5));
#7001=CARTESIAN_POINT('',(-0.00169531974724731,-1.33221560163473,6.95118533505861E-5));
#7002=CARTESIAN_POINT('',(-0.000848403327317098,-1.33228282239633,6.94097144452369E-5));
#7003=CARTESIAN_POINT('',(0.000845447533950324,-1.33228305709201,6.94085627098626E-5));
#7004=CARTESIAN_POINT('',(0.00169238172300352,-1.33221607102605,6.95095498798375E-5));
#7005=CARTESIAN_POINT('',(0.0033417709313433,-1.33194794167471,6.99148098147941E-5));
#7006=CARTESIAN_POINT('',(0.0041442257006733,-1.33174679845791,7.02190825797756E-5));
#7007=CARTESIAN_POINT('',(0.00566016642170374,-1.33121051512479,7.1031073224428E-5));
#7008=CARTESIAN_POINT('',(0.00637365213039175,-1.33087537514443,7.15387911040988E-5));
#7009=CARTESIAN_POINT('',(0.0075054890496934,-1.33017186735435,7.26054514485978E-5));
#7010=CARTESIAN_POINT('',(0.0079530305602934,-1.32983275327322,7.31198553996573E-5));
#7011=CARTESIAN_POINT('',(0.0084872094836868,-1.32933055637902,7.38821239372033E-5));
#7012=CARTESIAN_POINT('',(0.00861557834249649,-1.32920079300401,7.40180320532074E-5));
#7013=CARTESIAN_POINT('',(0.00873831591850375,-1.32906694959293,7.42823586029238E-5));
#7014=CARTESIAN_POINT('',(-0.00437483609772992,-1.32506336462958,-1.9428902930566E-16));
#7015=CARTESIAN_POINT('',(-0.00431345884952862,-1.32513033199286,-1.94289029305665E-16));
#7016=CARTESIAN_POINT('',(-0.00424929269852465,-1.32519520727717,-1.94289029305672E-16));
#7017=CARTESIAN_POINT('',(-0.00398216963978187,-1.32544634000229,-1.94289029305713E-16));
#7018=CARTESIAN_POINT('',(-0.0037582958225892,-1.32561586061876,-1.9428902930577E-16));
#7019=CARTESIAN_POINT('',(-0.00319199690977482,-1.32596747304264,-1.94289029305949E-16));
#7020=CARTESIAN_POINT('',(-0.00283492958992041,-1.32613491962298,-1.94289029306087E-16));
#7021=CARTESIAN_POINT('',(-0.00207616807548328,-1.32640286009125,-1.94289029306411E-16));
#7022=CARTESIAN_POINT('',(-0.00167447388090057,-1.32650335397919,-1.94289029306596E-16));
#7023=CARTESIAN_POINT('',(-0.000848767624485179,-1.32663738597975,-1.94289029306989E-16));
#7024=CARTESIAN_POINT('',(-0.000424755562652511,-1.32667092409237,-1.94289029307196E-16));
#7025=CARTESIAN_POINT('',(0.000423277420784409,-1.32667104145938,-1.94289029307608E-16));
#7026=CARTESIAN_POINT('',(0.000847298342388662,-1.32663762071377,-1.94289029307812E-16));
#7027=CARTESIAN_POINT('',(0.0016730400378904,-1.32650381728139,-1.94289029308193E-16));
#7028=CARTESIAN_POINT('',(0.00207476081178787,-1.32640343459463,-1.94289029308369E-16));
#7029=CARTESIAN_POINT('',(0.00283359320439769,-1.32613570419703,-1.94289029308668E-16));
#7030=CARTESIAN_POINT('',(0.00319070482311002,-1.3259683564862,-1.94289029308791E-16));
#7031=CARTESIAN_POINT('',(0.00375709676352606,-1.32561690089862,-1.94289029308937E-16));
#7032=CARTESIAN_POINT('',(0.00398101543331239,-1.32544744229528,-1.94289029308978E-16));
#7033=CARTESIAN_POINT('',(0.00424820494034206,-1.32519638358364,-1.94289029308996E-16));
#7034=CARTESIAN_POINT('',(0.00431238825715348,-1.32513152608013,-1.94289029308997E-16));
#7035=CARTESIAN_POINT('',(0.00437378322489795,-1.32506457572694,-1.94289029308996E-16));
#7036=CARTESIAN_POINT('',(1.08536186952043E-16,-1.32105371891734,-1.94289029309402E-16));
#7037=CARTESIAN_POINT('',(1.08536186952043E-16,-1.32105371891734,-1.94289029309402E-16));
#7038=CARTESIAN_POINT('',(1.08536186952043E-16,-1.32105371891734,-1.94289029309402E-16));
#7039=CARTESIAN_POINT('',(1.08536186952043E-16,-1.32105371891734,-1.94289029309402E-16));
#7040=CARTESIAN_POINT('',(1.08536186952043E-16,-1.32105371891734,-1.94289029309402E-16));
#7041=CARTESIAN_POINT('',(1.08536186952043E-16,-1.32105371891734,-1.94289029309402E-16));
#7042=CARTESIAN_POINT('',(1.08536186952043E-16,-1.32105371891734,-1.94289029309402E-16));
#7043=CARTESIAN_POINT('',(1.08536186952043E-16,-1.32105371891734,-1.94289029309402E-16));
#7044=CARTESIAN_POINT('',(1.08536186952043E-16,-1.32105371891734,-1.94289029309402E-16));
#7045=CARTESIAN_POINT('',(1.08536186952043E-16,-1.32105371891734,-1.94289029309402E-16));
#7046=CARTESIAN_POINT('',(1.08536186952043E-16,-1.32105371891734,-1.94289029309402E-16));
#7047=CARTESIAN_POINT('',(1.08536186952043E-16,-1.32105371891734,-1.94289029309402E-16));
#7048=CARTESIAN_POINT('',(1.08536186952043E-16,-1.32105371891734,-1.94289029309402E-16));
#7049=CARTESIAN_POINT('',(1.08536186952043E-16,-1.32105371891734,-1.94289029309402E-16));
#7050=CARTESIAN_POINT('',(1.08536186952043E-16,-1.32105371891734,-1.94289029309402E-16));
#7051=CARTESIAN_POINT('',(1.08536186952043E-16,-1.32105371891734,-1.94289029309402E-16));
#7052=CARTESIAN_POINT('',(1.08536186952043E-16,-1.32105371891734,-1.94289029309402E-16));
#7053=CARTESIAN_POINT('',(1.08536186952043E-16,-1.32105371891734,-1.94289029309402E-16));
#7054=CARTESIAN_POINT('',(1.08536186952043E-16,-1.32105371891734,-1.94289029309402E-16));
#7055=CARTESIAN_POINT('',(1.08536186952043E-16,-1.32105371891734,-1.94289029309402E-16));
#7056=CARTESIAN_POINT('',(1.08536186952043E-16,-1.32105371891734,-1.94289029309402E-16));
#7057=CARTESIAN_POINT('',(1.08536186952043E-16,-1.32105371891734,-1.94289029309402E-16));
#7058=CARTESIAN_POINT('',(-0.258827673964212,-1.55827569705217,0.349999999999932));
#7059=CARTESIAN_POINT('',(-0.258827673964212,-1.55827569705217,0.338060305726664));
#7060=CARTESIAN_POINT('',(-0.258378051702703,-1.55786360710578,0.314234861620062));
#7061=CARTESIAN_POINT('',(-0.25651342497519,-1.55615463049594,0.284599844292982));
#7062=CARTESIAN_POINT('',(-0.25410362416283,-1.5539459883254,0.26101279006282));
#7063=CARTESIAN_POINT('',(-0.251014252163169,-1.55111450231879,0.237457937953274));
#7064=CARTESIAN_POINT('',(-0.245834561954269,-1.54636718786566,0.208584155020624));
#7065=CARTESIAN_POINT('',(-0.238658405471107,-1.53979006259049,0.180677176864912));
#7066=CARTESIAN_POINT('',(-0.232409247241271,-1.53406255418983,0.161714034644974));
#7067=CARTESIAN_POINT('',(-0.228460616970255,-1.53044353668111,0.151064480600827));
#7068=CARTESIAN_POINT('',(-0.224237377579275,-1.52657283310788,0.140516925018555));
#7069=CARTESIAN_POINT('',(-0.218518147069506,-1.52133101659669,0.127761692972453));
#7070=CARTESIAN_POINT('',(-0.21096727186856,-1.51441045232942,0.113232876446516));
#7071=CARTESIAN_POINT('',(-0.202705084157529,-1.50683795251705,0.0994799247084051));
#7072=CARTESIAN_POINT('',(-0.195213481133859,-1.49997171266929,0.0886813558108187));
#7073=CARTESIAN_POINT('',(-0.188853940708102,-1.49414303625026,0.0804545941204398));
#7074=CARTESIAN_POINT('',(-0.182227060914968,-1.48806933667513,0.0724830939166596));
#7075=CARTESIAN_POINT('',(-0.170150572637161,-1.4770009358573,0.0594728603649278));
#7076=CARTESIAN_POINT('',(-0.155415711214649,-1.46349607016556,0.0467595840908283));
#7077=CARTESIAN_POINT('',(-0.141759797017773,-1.45098008634742,0.0373205765321878));
#7078=CARTESIAN_POINT('',(-0.133755733535941,-1.44364416378863,0.0323917795105235));
#7079=CARTESIAN_POINT('',(-0.125599985388422,-1.43616921847426,0.0277548155082542));
#7080=CARTESIAN_POINT('',(-0.115300847656325,-1.42672980348254,0.022583039012812));
#7081=CARTESIAN_POINT('',(-0.0986826243328502,-1.41149878993016,0.0155455951261363));
#7082=CARTESIAN_POINT('',(-0.0776462211364179,-1.39221840502128,0.00882045173597692));
#7083=CARTESIAN_POINT('',(-0.0435285745928655,-1.36094873637107,0.00176437677451109));
#7084=CARTESIAN_POINT('',(-0.01749934439092,-1.3370923017663,-1.94289029294434E-16));
#7085=CARTESIAN_POINT('',(1.08536186952043E-16,-1.32105371891734,-1.94289029309402E-16));
#7086=CARTESIAN_POINT('',(-0.258827697889423,-1.55827571676363,0.350000000000037));
#7087=CARTESIAN_POINT('',(0.258141322297103,-1.5591073192635,0.349999999999932));
#7088=CARTESIAN_POINT('',(0.238798028962225,-1.58250223445378,0.349999999999932));
#7089=CARTESIAN_POINT('',(0.19853112934989,-1.62402282086301,0.349999999999932));
#7090=CARTESIAN_POINT('',(0.134488710769626,-1.66936293728964,0.349999999999932));
#7091=CARTESIAN_POINT('',(0.0679808283283478,-1.69692850846462,0.349999999999932));
#7092=CARTESIAN_POINT('',(0.000226341276081206,-1.70621476114542,0.349999999999932));
#7093=CARTESIAN_POINT('',(-0.0675322964447994,-1.69705120758734,0.349999999999932));
#7094=CARTESIAN_POINT('',(-0.134052551382504,-1.66960607375216,0.349999999999932));
#7095=CARTESIAN_POINT('',(-0.198115347596761,-1.62438198474947,0.349999999999932));
#7096=CARTESIAN_POINT('',(-0.238400895091863,-1.58293423935001,0.349999999999932));
#7097=CARTESIAN_POINT('',(-0.257754702445001,-1.55957444165008,0.349999999999932));
#7098=CARTESIAN_POINT('',(-0.257754705012735,-1.55957444377747,0.35));
#7099=CARTESIAN_POINT('',(-0.257754702445001,-1.55957444165008,0.349999999999932));
#7100=CARTESIAN_POINT('',(-0.258112629755709,-1.55914242796839,0.349999999999932));
#7101=CARTESIAN_POINT('',(-0.258470287313378,-1.55870951270521,0.349999999999932));
#7102=CARTESIAN_POINT('',(-0.258827673964212,-1.55827569705217,0.349999999999932));
#7103=CARTESIAN_POINT('',(-0.5,-0.7,0.35));
#7104=CARTESIAN_POINT('',(-0.5,-0.732794753474405,0.35));
#7105=CARTESIAN_POINT('',(-0.499201571775006,-0.765480725791521,0.35));
#7106=CARTESIAN_POINT('',(-0.496001950713746,-0.830785832336821,0.35));
#7107=CARTESIAN_POINT('',(-0.493601156483962,-0.863404161433683,0.350000000001491));
#7108=CARTESIAN_POINT('',(-0.487111462118098,-0.928733782271765,0.349999999998509));
#7109=CARTESIAN_POINT('',(-0.483023854057207,-0.961443833942985,0.34999999999851));
#7110=CARTESIAN_POINT('',(-0.47297236234781,-1.0271565133387,0.35000000000149));
#7111=CARTESIAN_POINT('',(-0.467011663557531,-1.06015668478837,0.349999999998506));
#7112=CARTESIAN_POINT('',(-0.456398686608137,-1.11009454757303,0.350000000000747));
#7113=CARTESIAN_POINT('',(-0.452580843241914,-1.1268143376403,0.349999999999251));
#7114=CARTESIAN_POINT('',(-0.44431272176399,-1.16045580175131,0.350000000000749));
#7115=CARTESIAN_POINT('',(-0.439862885049127,-1.17737715870518,0.35));
#7116=CARTESIAN_POINT('',(-0.432637826283826,-1.20296592571373,0.35));
#7117=CARTESIAN_POINT('',(-0.43013595314485,-1.21153518428349,0.35));
#7118=CARTESIAN_POINT('',(-0.424938405092617,-1.22873170620501,0.35));
#7119=CARTESIAN_POINT('',(-0.422245447550593,-1.23735036226504,0.35));
#7120=CARTESIAN_POINT('',(-0.413858558184515,-1.26328469889478,0.35));
#7121=CARTESIAN_POINT('',(-0.40785943779974,-1.28067691905478,0.350000000001502));
#7122=CARTESIAN_POINT('',(-0.394855952198147,-1.31579272839387,0.349999999998498));
#7123=CARTESIAN_POINT('',(-0.387854408953137,-1.33351443160461,0.350000000000751));
#7124=CARTESIAN_POINT('',(-0.376366826727672,-1.36049818610033,0.349999999999625));
#7125=CARTESIAN_POINT('',(-0.372372262671169,-1.36956039700324,0.35));
#7126=CARTESIAN_POINT('',(-0.363991409408301,-1.38786031391417,0.35));
#7127=CARTESIAN_POINT('',(-0.359605523454939,-1.39709775195268,0.349999999999624));
#7128=CARTESIAN_POINT('',(-0.350356531040905,-1.41580459113845,0.350000000000376));
#7129=CARTESIAN_POINT('',(-0.345494207918788,-1.42527347367765,0.349999999999623));
#7130=CARTESIAN_POINT('',(-0.337747360748131,-1.43971387541014,0.350000000000189));
#7131=CARTESIAN_POINT('',(-0.335086491211454,-1.4445716816897,0.349999999999811));
#7132=CARTESIAN_POINT('',(-0.329611149708514,-1.45434497339342,0.350000000000188));
#7133=CARTESIAN_POINT('',(-0.32679539436277,-1.4592631124357,0.349999999999624));
#7134=CARTESIAN_POINT('',(-0.318077900465387,-1.47413455357211,0.350000000000751));
#7135=CARTESIAN_POINT('',(-0.311911737843926,-1.48420122463024,0.349999999999627));
#7136=CARTESIAN_POINT('',(-0.301909796296981,-1.4996684804584,0.350000000000186));
#7137=CARTESIAN_POINT('',(-0.298449209323831,-1.50488616935062,0.349999999999628));
#7138=CARTESIAN_POINT('',(-0.291214648640924,-1.51548323528343,0.350000000000372));
#7139=CARTESIAN_POINT('',(-0.287441214660706,-1.52086227372465,0.349999999999443));
#7140=CARTESIAN_POINT('',(-0.27978424727111,-1.53143478219885,0.350000000000515));
#7141=CARTESIAN_POINT('',(-0.275929746056319,-1.53661250192785,0.349999999999829));
#7142=CARTESIAN_POINT('',(-0.267765037213496,-1.54722405454149,0.350000000000171));
#7143=CARTESIAN_POINT('',(-0.263455476520258,-1.5526582147447,0.350000000000684));
#7144=CARTESIAN_POINT('',(-0.258827673964213,-1.55827569705217,0.35));
#7145=CARTESIAN_POINT('',(-0.5,-0.7,-5.55111512312578E-17));
#7146=CARTESIAN_POINT('',(-0.499999999997744,-0.732794753474388,5.26353404512888E-12));
#7147=CARTESIAN_POINT('',(-0.499201571776223,-0.765480725791544,-1.66533453693773E-16));
#7148=CARTESIAN_POINT('',(-0.49600195071253,-0.830785832336798,-1.66533453693773E-16));
#7149=CARTESIAN_POINT('',(-0.493601156483244,-0.863404161435177,2.23676855334488E-12));
#7150=CARTESIAN_POINT('',(-0.487111462118815,-0.928733782270271,-2.23665753104242E-12));
#7151=CARTESIAN_POINT('',(-0.483023854058163,-0.961443833942903,-2.23589360557993E-12));
#7152=CARTESIAN_POINT('',(-0.472972362346855,-1.02715651333879,2.23522747176515E-12));
#7153=CARTESIAN_POINT('',(-0.467011663560105,-1.06015668478844,-2.98862437887445E-12));
#7154=CARTESIAN_POINT('',(-0.45639868660685,-1.110094547573,1.49422892271039E-12));
#7155=CARTESIAN_POINT('',(-0.452580843240808,-1.12681433764002,-1.12424725254524E-12));
#7156=CARTESIAN_POINT('',(-0.444312721765097,-1.16045580175158,1.12358111873044E-12));
#7157=CARTESIAN_POINT('',(-0.439862885050672,-1.17737715870562,-1.66533453693773E-16));
#7158=CARTESIAN_POINT('',(-0.432637826283054,-1.20296592571351,-1.66533453693773E-16));
#7159=CARTESIAN_POINT('',(-0.430135953145541,-1.2115351842837,-1.88540067446931E-13));
#7160=CARTESIAN_POINT('',(-0.424938405091927,-1.2287317062048,1.88429045144477E-13));
#7161=CARTESIAN_POINT('',(-0.422245447551011,-1.23735036226512,1.87855417855557E-13));
#7162=CARTESIAN_POINT('',(-0.413858558183678,-1.26328469889463,-3.76710036433278E-13));
#7163=CARTESIAN_POINT('',(-0.407859437798973,-1.28067691905491,2.62902701743962E-12));
#7164=CARTESIAN_POINT('',(-0.394855952198914,-1.31579272839374,-2.62902701743962E-12));
#7165=CARTESIAN_POINT('',(-0.387854408953326,-1.33351443160469,7.50934309915318E-13));
#7166=CARTESIAN_POINT('',(-0.376366826727577,-1.36049818610029,-3.75467154957659E-13));
#7167=CARTESIAN_POINT('',(-0.372372262670621,-1.36956039700299,-1.11022302462516E-16));
#7168=CARTESIAN_POINT('',(-0.363991409408849,-1.38786031391442,-1.11022302462516E-16));
#7169=CARTESIAN_POINT('',(-0.359605523455235,-1.39709775195255,-5.64680595728146E-13));
#7170=CARTESIAN_POINT('',(-0.35035653104061,-1.41580459113858,5.64680595728146E-13));
#7171=CARTESIAN_POINT('',(-0.345494207919845,-1.42527347367811,-7.54865845120584E-13));
#7172=CARTESIAN_POINT('',(-0.337747360747602,-1.43971387540991,3.77932522921374E-13));
#7173=CARTESIAN_POINT('',(-0.335086491211329,-1.44457168168958,-2.83675354545407E-13));
#7174=CARTESIAN_POINT('',(-0.329611149708638,-1.45434497339355,2.82343086915857E-13));
#7175=CARTESIAN_POINT('',(-0.326795394362762,-1.45926311243558,-5.63987715616455E-13));
#7176=CARTESIAN_POINT('',(-0.318077900465404,-1.47413455357234,1.12747583087183E-12));
#7177=CARTESIAN_POINT('',(-0.311911737845226,-1.48420122463084,-5.59892455739198E-13));
#7178=CARTESIAN_POINT('',(-0.301909796296331,-1.4996684804581,2.79696427689034E-13));
#7179=CARTESIAN_POINT('',(-0.298449209323684,-1.50488616935038,-4.64855584688974E-13));
#7180=CARTESIAN_POINT('',(-0.29121464864107,-1.51548323528366,4.64966606991477E-13));
#7181=CARTESIAN_POINT('',(-0.287441214660674,-1.52086227372436,-8.34859192559046E-13));
#7182=CARTESIAN_POINT('',(-0.27978424727114,-1.53143478219912,7.72711792456663E-13));
#7183=CARTESIAN_POINT('',(-0.275929746056182,-1.53661250192775,-2.57208155603457E-13));
#7184=CARTESIAN_POINT('',(-0.267765037213632,-1.54722405454159,2.57097133300994E-13));
#7185=CARTESIAN_POINT('',(-0.263455476519747,-1.55265821474429,1.02681229805656E-12));
#7186=CARTESIAN_POINT('',(-0.258827673964213,-1.55827569705217,0.));
#7187=CARTESIAN_POINT('',(-0.15,-0.7,-5.55111512312578E-17));
#7188=CARTESIAN_POINT('',(-0.150000000002255,-0.727091473985525,-5.55111512312578E-17));
#7189=CARTESIAN_POINT('',(-0.149339659782167,-0.754093334747245,-1.66533453693773E-16));
#7190=CARTESIAN_POINT('',(-0.14670253021392,-0.807917842094637,-1.66533453693773E-16));
#7191=CARTESIAN_POINT('',(-0.144725871797864,-0.834740600351193,5.55111512312578E-17));
#7192=CARTESIAN_POINT('',(-0.139415186360813,-0.88820152569545,5.55111512312578E-17));
#7193=CARTESIAN_POINT('',(-0.136081645368723,-0.91483975887043,-3.33066907387547E-16));
#7194=CARTESIAN_POINT('',(-0.127962614693992,-0.967918771939405,-3.33066907387547E-16));
#7195=CARTESIAN_POINT('',(-0.123178264059006,-0.994359706711318,-5.55111512312578E-17));
#7196=CARTESIAN_POINT('',(-0.114784459227547,-1.03385556879617,-5.55111512312578E-17));
#7197=CARTESIAN_POINT('',(-0.111782954395519,-1.04699317228795,-3.33066907387547E-16));
#7198=CARTESIAN_POINT('',(-0.10533995652973,-1.07320854444168,-3.33066907387547E-16));
#7199=CARTESIAN_POINT('',(-0.101898596485182,-1.08628633118276,-1.66533453693773E-16));
#7200=CARTESIAN_POINT('',(-0.0963737055229513,-1.10585366649429,-1.66533453693773E-16));
#7201=CARTESIAN_POINT('',(-0.0944703445954945,-1.11237167242873,-5.55111512312578E-17));
#7202=CARTESIAN_POINT('',(-0.0905409006761229,-1.12537256588844,-5.55111512312578E-17));
#7203=CARTESIAN_POINT('',(-0.0885168493137135,-1.13184899985872,-3.33066907387547E-16));
#7204=CARTESIAN_POINT('',(-0.0822580488351953,-1.15120275920671,-3.33066907387547E-16));
#7205=CARTESIAN_POINT('',(-0.0778373556395424,-1.16400482628972,0.));
#7206=CARTESIAN_POINT('',(-0.0684394753547002,-1.18938372717337,0.));
#7207=CARTESIAN_POINT('',(-0.0634627938158205,-1.20196076562073,0.));
#7208=CARTESIAN_POINT('',(-0.0555145665875886,-1.22063075274173,0.));
#7209=CARTESIAN_POINT('',(-0.0527843625783751,-1.22682138114202,-1.11022302462516E-16));
#7210=CARTESIAN_POINT('',(-0.0471469080938149,-1.23913098082655,-1.11022302462516E-16));
#7211=CARTESIAN_POINT('',(-0.0442397134960006,-1.24524997472236,0.));
#7212=CARTESIAN_POINT('',(-0.0382284349895469,-1.2574082742752,0.));
#7213=CARTESIAN_POINT('',(-0.0351244476060196,-1.26344761900021,3.33066907387547E-16));
#7214=CARTESIAN_POINT('',(-0.030300930576544,-1.27243882821298,3.33066907387547E-16));
#7215=CARTESIAN_POINT('',(-0.0286635384087019,-1.27542729153833,-6.66133814775094E-16));
#7216=CARTESIAN_POINT('',(-0.0253411199720716,-1.28135769141054,-6.66133814775094E-16));
#7217=CARTESIAN_POINT('',(-0.0236552260499302,-1.28430137389655,-1.66533453693773E-16));
#7218=CARTESIAN_POINT('',(-0.0185187924500547,-1.29306377405957,-1.66533453693773E-16));
#7219=CARTESIAN_POINT('',(-0.0149899473917747,-1.29881423358719,-1.66533453693773E-16));
#7220=CARTESIAN_POINT('',(-0.00951470093000561,-1.30728129343861,-1.66533453693773E-16));
#7221=CARTESIAN_POINT('',(-0.00765919311681983,-1.31007712493164,5.55111512312578E-17));
#7222=CARTESIAN_POINT('',(-0.00388148381631355,-1.31561065160973,5.55111512312578E-17));
#7223=CARTESIAN_POINT('',(-0.00195930651406003,-1.31834836787208,-4.44089209850063E-16));
#7224=CARTESIAN_POINT('',(0.0018154625308822,-1.32356045455075,-4.44089209850063E-16));
#7225=CARTESIAN_POINT('',(0.00366278277276707,-1.3260394200854,-5.55111512312578E-17));
#7226=CARTESIAN_POINT('',(0.00742929511499449,-1.3309347010644,-5.55111512312578E-17));
#7227=CARTESIAN_POINT('',(0.00934842531127499,-1.33335106710153,0.));
#7228=CARTESIAN_POINT('',(0.011309188023962,-1.33573114916303,0.));
#7229=CARTESIAN_POINT('',(-0.258827673964213,-1.55827569705217,0.349999999989541));
#7230=CARTESIAN_POINT('',(-0.263966768603752,-1.55203758017825,0.349999999990301));
#7231=CARTESIAN_POINT('',(-0.273463393401839,-1.5400121668736,0.349999999989214));
#7232=CARTESIAN_POINT('',(-0.290287190008155,-1.51717865188966,0.349999999989429));
#7233=CARTESIAN_POINT('',(-0.308345287662739,-1.49022164925219,0.349999999989498));
#7234=CARTESIAN_POINT('',(-0.32701449462746,-1.45931920065323,0.349999999989377));
#7235=CARTESIAN_POINT('',(-0.343537063024117,-1.42929009712946,0.349999999989477));
#7236=CARTESIAN_POINT('',(-0.358214953264621,-1.40023079867977,0.349999999989315));
#7237=CARTESIAN_POINT('',(-0.375861969240763,-1.3623974393608,0.349999999989703));
#7238=CARTESIAN_POINT('',(-0.394968514853999,-1.31639734643677,0.349999999988435));
#7239=CARTESIAN_POINT('',(-0.411195550804526,-1.27141546485485,0.349999999990251));
#7240=CARTESIAN_POINT('',(-0.422794156186722,-1.23582055511693,0.349999999989419));
#7241=CARTESIAN_POINT('',(-0.433560158529128,-1.2004005107705,0.349999999989564));
#7242=CARTESIAN_POINT('',(-0.445497124111093,-1.15668792728646,0.349999999989945));
#7243=CARTESIAN_POINT('',(-0.457735803253657,-1.10494587921455,0.349999999989897));
#7244=CARTESIAN_POINT('',(-0.4681536993682,-1.05370090842227,0.349999999988994));
#7245=CARTESIAN_POINT('',(-0.479839698197709,-0.985866003629287,0.349999999990412));
#7246=CARTESIAN_POINT('',(-0.490680819646045,-0.901690651729468,0.349999999988825));
#7247=CARTESIAN_POINT('',(-0.498309664617984,-0.801003034772574,0.349999999989752));
#7248=CARTESIAN_POINT('',(-0.5,-0.733744350399971,0.349999999989541));
#7249=CARTESIAN_POINT('',(-0.5,-0.7,0.349999999989541));
#7250=CARTESIAN_POINT('',(-0.5,-0.7,0.35));
#7251=CARTESIAN_POINT('',(-0.5,-0.499999999992951,0.350000000005551));
#7252=CARTESIAN_POINT('',(-0.5,-0.299999999941999,0.350124999990013));
#7253=CARTESIAN_POINT('',(-0.5,6.20220541591721E-11,0.350406250004993));
#7254=CARTESIAN_POINT('',(-0.5,0.100000000069559,0.350515624998616));
#7255=CARTESIAN_POINT('',(-0.5,0.250000000101754,0.350691406250693));
#7256=CARTESIAN_POINT('',(-0.5,0.300000000098236,0.350751953126146));
#7257=CARTESIAN_POINT('',(-0.5,0.362500000108182,0.350828857421588));
#7258=CARTESIAN_POINT('',(-0.5,0.37500000010869,0.350844299316435));
#7259=CARTESIAN_POINT('',(-0.5,0.393750000110633,0.350867530822739));
#7260=CARTESIAN_POINT('',(-0.5,0.400006690142092,0.350875286102332));
#7261=CARTESIAN_POINT('',(-0.5,0.412463119817076,0.350890815734826));
#7262=CARTESIAN_POINT('',(-0.5,0.418667755049922,0.350898590088069));
#7263=CARTESIAN_POINT('',(-0.5,0.427939347700544,0.350910263061435));
#7264=CARTESIAN_POINT('',(-0.5,0.431015854929842,0.350914155960016));
#7265=CARTESIAN_POINT('',(-0.5,0.437201569345252,0.35092194509513));
#7266=CARTESIAN_POINT('',(-0.5,0.440313504016174,0.350925841331345));
#7267=CARTESIAN_POINT('',(-0.5,0.449706531652373,0.350937534332549));
#7268=CARTESIAN_POINT('',(-0.5,0.45603865580243,0.350945335388409));
#7269=CARTESIAN_POINT('',(-0.5,0.465564282235961,0.350957042693979));
#7270=CARTESIAN_POINT('',(-0.5,0.46874754232208,0.350960946082961));
#7271=CARTESIAN_POINT('',(-0.5,0.475132697966015,0.350968754291642));
#7272=CARTESIAN_POINT('',(-0.5,0.478331013080546,0.350972659111043));
#7273=CARTESIAN_POINT('',(-0.5,0.484794515453609,0.350980469703655));
#7274=CARTESIAN_POINT('',(-0.5,0.488093730635053,0.350984375476878));
#7275=CARTESIAN_POINT('',(-0.5,0.49280570443577,0.350990234494189));
#7276=CARTESIAN_POINT('',(-0.5,0.494345715487688,0.350992187559594));
#7277=CARTESIAN_POINT('',(-0.5,0.49660976330952,0.350995117202407));
#7278=CARTESIAN_POINT('',(-0.5,0.497359304173049,0.350996093757445));
#7279=CARTESIAN_POINT('',(-0.5,0.498745940121831,0.350998046875006));
#7280=CARTESIAN_POINT('',(-0.5,0.499395066092512,0.3509990234376));
#7281=CARTESIAN_POINT('',(-0.5,0.50000000009399,0.351));
#7282=CARTESIAN_POINT('',(-0.5,-0.7,0.7));
#7283=CARTESIAN_POINT('',(-0.5,-0.49999999999712,0.7));
#7284=CARTESIAN_POINT('',(-0.5,-0.299999999936448,0.7));
#7285=CARTESIAN_POINT('',(-0.5,5.92465243531848E-11,0.7));
#7286=CARTESIAN_POINT('',(-0.5,0.100000000069559,0.7));
#7287=CARTESIAN_POINT('',(-0.5,0.250000000101754,0.7));
#7288=CARTESIAN_POINT('',(-0.5,0.300000000099624,0.7));
#7289=CARTESIAN_POINT('',(-0.5,0.362500000107835,0.7));
#7290=CARTESIAN_POINT('',(-0.5,0.375000000108343,0.7));
#7291=CARTESIAN_POINT('',(-0.5,0.393750000110806,0.7));
#7292=CARTESIAN_POINT('',(-0.5,0.400006690142092,0.7));
#7293=CARTESIAN_POINT('',(-0.5,0.412463119817076,0.7));
#7294=CARTESIAN_POINT('',(-0.5,0.418667755050269,0.7));
#7295=CARTESIAN_POINT('',(-0.5,0.42793934770037,0.7));
#7296=CARTESIAN_POINT('',(-0.500000000000087,0.431015854929929,0.7));
#7297=CARTESIAN_POINT('',(-0.499999999999913,0.437201569345165,0.7));
#7298=CARTESIAN_POINT('',(-0.5,0.440313504016261,0.7));
#7299=CARTESIAN_POINT('',(-0.5,0.449706531652199,0.7));
#7300=CARTESIAN_POINT('',(-0.5,0.456038655802777,0.7));
#7301=CARTESIAN_POINT('',(-0.5,0.465564282235787,0.7));
#7302=CARTESIAN_POINT('',(-0.5,0.468747542322167,0.7));
#7303=CARTESIAN_POINT('',(-0.5,0.475132697965929,0.7));
#7304=CARTESIAN_POINT('',(-0.5,0.478331013080373,0.7));
#7305=CARTESIAN_POINT('',(-0.5,0.484794515453782,0.7));
#7306=CARTESIAN_POINT('',(-0.499999999999913,0.488093730635053,0.7));
#7307=CARTESIAN_POINT('',(-0.500000000000043,0.49280570443577,0.7));
#7308=CARTESIAN_POINT('',(-0.5,0.494345715487688,0.7));
#7309=CARTESIAN_POINT('',(-0.5,0.49660976330952,0.7));
#7310=CARTESIAN_POINT('',(-0.5,0.497359304173027,0.7));
#7311=CARTESIAN_POINT('',(-0.5,0.498745940121852,0.7));
#7312=CARTESIAN_POINT('',(-0.5,0.499395066092496,0.7));
#7313=CARTESIAN_POINT('',(-0.5,0.50000000009399,0.7));
#7314=CARTESIAN_POINT('',(-0.15,-0.7,0.7));
#7315=CARTESIAN_POINT('',(-0.150000000005551,-0.499999999996078,0.7));
#7316=CARTESIAN_POINT('',(-0.150124999990013,-0.299999999937836,0.7));
#7317=CARTESIAN_POINT('',(-0.150406250004993,5.99403721102121E-11,0.7));
#7318=CARTESIAN_POINT('',(-0.150515624998616,0.100000000069559,0.7));
#7319=CARTESIAN_POINT('',(-0.150691406250692,0.250000000101754,0.7));
#7320=CARTESIAN_POINT('',(-0.150751953126147,0.300000000098236,0.7));
#7321=CARTESIAN_POINT('',(-0.150828857421588,0.362500000108182,0.7));
#7322=CARTESIAN_POINT('',(-0.150844299316435,0.37500000010869,0.7));
#7323=CARTESIAN_POINT('',(-0.15086753082274,0.393750000110633,0.7));
#7324=CARTESIAN_POINT('',(-0.150875286102333,0.400006690142092,0.7));
#7325=CARTESIAN_POINT('',(-0.150890815734826,0.412463119817076,0.7));
#7326=CARTESIAN_POINT('',(-0.150898590088068,0.418667755050616,0.7));
#7327=CARTESIAN_POINT('',(-0.150910263061434,0.427939347700197,0.7));
#7328=CARTESIAN_POINT('',(-0.150914155960016,0.431015854929842,0.7));
#7329=CARTESIAN_POINT('',(-0.15092194509513,0.437201569345252,0.7));
#7330=CARTESIAN_POINT('',(-0.150925841331345,0.440313504016348,0.7));
#7331=CARTESIAN_POINT('',(-0.150937534332549,0.449706531652026,0.7));
#7332=CARTESIAN_POINT('',(-0.150945335388409,0.456038655802777,0.7));
#7333=CARTESIAN_POINT('',(-0.150957042693979,0.465564282235787,0.7));
#7334=CARTESIAN_POINT('',(-0.150960946082961,0.468747542322254,0.7));
#7335=CARTESIAN_POINT('',(-0.150968754291642,0.475132697965842,0.7));
#7336=CARTESIAN_POINT('',(-0.150972659111042,0.4783310130802,0.7));
#7337=CARTESIAN_POINT('',(-0.150980469703655,0.484794515453956,0.7));
#7338=CARTESIAN_POINT('',(-0.150984375476879,0.488093730635053,0.7));
#7339=CARTESIAN_POINT('',(-0.150990234494188,0.49280570443577,0.7));
#7340=CARTESIAN_POINT('',(-0.150992187559595,0.494345715487688,0.7));
#7341=CARTESIAN_POINT('',(-0.150995117202406,0.49660976330952,0.7));
#7342=CARTESIAN_POINT('',(-0.150996093757444,0.497359304173048,0.7));
#7343=CARTESIAN_POINT('',(-0.150998046875006,0.498745940121831,0.7));
#7344=CARTESIAN_POINT('',(-0.150999023437665,0.499395066092511,0.7));
#7345=CARTESIAN_POINT('',(-0.151,0.50000000009399,0.7));
#7346=CARTESIAN_POINT('',(-0.5,-0.7,0.35));
#7347=CARTESIAN_POINT('',(-0.5,-0.7,0.583333333333333));
#7348=CARTESIAN_POINT('',(-0.383333333333333,-0.7,0.7));
#7349=CARTESIAN_POINT('',(-0.15,-0.7,0.7));
#7350=CARTESIAN_POINT('',(1.02891049835898E-17,-1.32105371891734,0.7));
#7351=CARTESIAN_POINT('',(1.02891049835898E-17,-1.32105371891734,0.7));
#7352=CARTESIAN_POINT('',(1.02891049835898E-17,-1.32105371891734,0.7));
#7353=CARTESIAN_POINT('',(1.02891049835898E-17,-1.32105371891734,0.7));
#7354=CARTESIAN_POINT('',(1.02891049835898E-17,-1.32105371891734,0.7));
#7355=CARTESIAN_POINT('',(1.02891049835898E-17,-1.32105371891734,0.7));
#7356=CARTESIAN_POINT('',(1.02891049835898E-17,-1.32105371891734,0.7));
#7357=CARTESIAN_POINT('',(1.02891049835898E-17,-1.32105371891734,0.7));
#7358=CARTESIAN_POINT('',(1.02891049835898E-17,-1.32105371891734,0.7));
#7359=CARTESIAN_POINT('',(1.02891049835898E-17,-1.32105371891734,0.7));
#7360=CARTESIAN_POINT('',(1.02891049835898E-17,-1.32105371891734,0.7));
#7361=CARTESIAN_POINT('',(1.02891049835898E-17,-1.32105371891734,0.7));
#7362=CARTESIAN_POINT('',(1.02891049835898E-17,-1.32105371891734,0.7));
#7363=CARTESIAN_POINT('',(1.02891049835898E-17,-1.32105371891734,0.7));
#7364=CARTESIAN_POINT('',(1.02891049835898E-17,-1.32105371891734,0.7));
#7365=CARTESIAN_POINT('',(1.02891049835898E-17,-1.32105371891734,0.7));
#7366=CARTESIAN_POINT('',(1.02891049835898E-17,-1.32105371891734,0.7));
#7367=CARTESIAN_POINT('',(1.02891049835898E-17,-1.32105371891734,0.7));
#7368=CARTESIAN_POINT('',(1.02891049835898E-17,-1.32105371891734,0.7));
#7369=CARTESIAN_POINT('',(1.02891049835898E-17,-1.32105371891734,0.7));
#7370=CARTESIAN_POINT('',(1.02891049835898E-17,-1.32105371891734,0.7));
#7371=CARTESIAN_POINT('',(1.02891049835898E-17,-1.32105371891734,0.7));
#7372=CARTESIAN_POINT('',(-0.0043561356556398,-1.32508479425357,0.7));
#7373=CARTESIAN_POINT('',(-0.00429464745182772,-1.32515124078078,0.7));
#7374=CARTESIAN_POINT('',(-0.0042304056003978,-1.32521560672205,0.7));
#7375=CARTESIAN_POINT('',(-0.00396311245451867,-1.32546474875237,0.7));
#7376=CARTESIAN_POINT('',(-0.00373940967975054,-1.32563288137187,0.7));
#7377=CARTESIAN_POINT('',(-0.00317407579519996,-1.32598151130138,0.7));
#7378=CARTESIAN_POINT('',(-0.00281799110427584,-1.32614744877273,0.7));
#7379=CARTESIAN_POINT('',(-0.00206179141861749,-1.32641278394065,0.7));
#7380=CARTESIAN_POINT('',(-0.00166167642388327,-1.32651218163722,0.7));
#7381=CARTESIAN_POINT('',(-0.000839459340585019,-1.32664445674322,0.7));
#7382=CARTESIAN_POINT('',(-0.000417357252020999,-1.32667733415265,0.7));
#7383=CARTESIAN_POINT('',(0.000426790808956522,-1.32667658817204,0.7));
#7384=CARTESIAN_POINT('',(0.000848836781370024,-1.326642964782,0.7));
#7385=CARTESIAN_POINT('',(0.00167082940006619,-1.32650923669009,0.7));
#7386=CARTESIAN_POINT('',(0.00207077604634887,-1.32640913198823,0.7));
#7387=CARTESIAN_POINT('',(0.00282652680280307,-1.32614246076034,0.7));
#7388=CARTESIAN_POINT('',(0.00318233091297459,-1.32597589423432,0.7));
#7389=CARTESIAN_POINT('',(0.00374707557794475,-1.32562626576933,0.7));
#7390=CARTESIAN_POINT('',(0.00397049426470087,-1.32545773809148,0.7));
#7391=CARTESIAN_POINT('',(0.00423736653945112,-1.32520812412572,0.7));
#7392=CARTESIAN_POINT('',(0.00430149966583941,-1.32514364476801,0.7));
#7393=CARTESIAN_POINT('',(0.00436287563735045,-1.32507708969627,0.7));
#7394=CARTESIAN_POINT('',(-0.00870306444574994,-1.32910734975214,0.699925778684443));
#7395=CARTESIAN_POINT('',(-0.00858013995509981,-1.32924018649913,0.699926052290252));
#7396=CARTESIAN_POINT('',(-0.00845165171971602,-1.32936896922153,0.699926189459463));
#7397=CARTESIAN_POINT('',(-0.0079172601792803,-1.32986733793022,0.69992697136387));
#7398=CARTESIAN_POINT('',(-0.00747014670427283,-1.33020380143915,0.699927498347198));
#7399=CARTESIAN_POINT('',(-0.00634041792167086,-1.33090165801243,0.699928589763043));
#7400=CARTESIAN_POINT('',(-0.00562898209826237,-1.33123397518283,0.699929108124919));
#7401=CARTESIAN_POINT('',(-0.00411829997539196,-1.33176546267061,0.69992993524172));
#7402=CARTESIAN_POINT('',(-0.00331905391463561,-1.33196463285513,0.699930243996647));
#7403=CARTESIAN_POINT('',(-0.00167670900937783,-1.33222970126532,0.699930652901245));
#7404=CARTESIAN_POINT('',(-0.000833610410338639,-1.33229559942406,0.699930753050918));
#7405=CARTESIAN_POINT('',(0.000852474483948243,-1.33229410779287,0.699930745746702));
#7406=CARTESIAN_POINT('',(0.00169546053147775,-1.33222671800315,0.699930638292815));
#7407=CARTESIAN_POINT('',(0.00333735525543814,-1.33195874460533,0.699930216783176));
#7408=CARTESIAN_POINT('',(0.00413626368643699,-1.3317581610646,0.699929902727424));
#7409=CARTESIAN_POINT('',(0.0056460455453452,-1.33122400340006,0.69992906901575));
#7410=CARTESIAN_POINT('',(0.00635691873460886,-1.33089042940953,0.699928549359828));
#7411=CARTESIAN_POINT('',(0.00748546613493679,-1.33019057882514,0.699927460938298));
#7412=CARTESIAN_POINT('',(0.00793201005528156,-1.32985332676991,0.699926936928607));
#7413=CARTESIAN_POINT('',(0.008465557904967,-1.32935401669678,0.699926161806318));
#7414=CARTESIAN_POINT('',(0.00859382778202855,-1.32922500820675,0.699926024868495));
#7415=CARTESIAN_POINT('',(0.00871652771573133,-1.32909195466373,0.699925755142324));
#7416=CARTESIAN_POINT('',(-0.0173771422342824,-1.33713415695053,0.699618114399397));
#7417=CARTESIAN_POINT('',(-0.0171321379063353,-1.33739898006963,0.699619452540827));
#7418=CARTESIAN_POINT('',(-0.0168757884802842,-1.33765601970456,0.699620133407881));
#7419=CARTESIAN_POINT('',(-0.0158098915159171,-1.33865041195847,0.699623976592243));
#7420=CARTESIAN_POINT('',(-0.0149177430287831,-1.33932216607481,0.699626566845718));
#7421=CARTESIAN_POINT('',(-0.0126629299510634,-1.34071598811577,0.699631931519117));
#7422=CARTESIAN_POINT('',(-0.0112425582667403,-1.34138018352029,0.699634479521915));
#7423=CARTESIAN_POINT('',(-0.00822594962361743,-1.34244278241003,0.699638545346824));
#7424=CARTESIAN_POINT('',(-0.00662971382850727,-1.34284118524765,0.699640063168936));
#7425=CARTESIAN_POINT('',(-0.00334939958618473,-1.34337147112854,0.699642073501507));
#7426=CARTESIAN_POINT('',(-0.00166532233560075,-1.34350335384557,0.699642566011967));
#7427=CARTESIAN_POINT('',(0.0017026161435574,-1.34350040355083,0.699642530590269));
#7428=CARTESIAN_POINT('',(0.0033864761645054,-1.34336557054015,0.69964200265811));
#7429=CARTESIAN_POINT('',(0.00666592160889813,-1.34282952969099,0.699639931220208));
#7430=CARTESIAN_POINT('',(0.00826150583586172,-1.34242832218093,0.699638387714464));
#7431=CARTESIAN_POINT('',(0.0112763773639588,-1.34136040512115,0.699634289998426));
#7432=CARTESIAN_POINT('',(0.0126956635016946,-1.34069369622112,0.699631735788131));
#7433=CARTESIAN_POINT('',(0.0149481976600528,-1.33929585758889,0.699626385814037));
#7434=CARTESIAN_POINT('',(0.0158392475792614,-1.33862250487374,0.699623810076757));
#7435=CARTESIAN_POINT('',(0.0169035174935225,-1.33762618572377,0.69961999994148));
#7436=CARTESIAN_POINT('',(0.0171594446502591,-1.33736868335773,0.69961932030186));
#7437=CARTESIAN_POINT('',(0.0174040171552918,-1.3371034117986,0.699618000957155));
#7438=CARTESIAN_POINT('',(-0.0217042912327048,-1.34113840865034,0.699384671429908));
#7439=CARTESIAN_POINT('',(-0.0213983970084319,-1.3414690939802,0.699386800706283));
#7440=CARTESIAN_POINT('',(-0.0210782094160424,-1.34179023140161,0.699387888299711));
#7441=CARTESIAN_POINT('',(-0.0197470981957929,-1.34303241756279,0.699394011621397));
#7442=CARTESIAN_POINT('',(-0.0186329139538734,-1.34387180362256,0.699398138667337));
#7443=CARTESIAN_POINT('',(-0.0158168137642602,-1.34561375724446,0.699406686214805));
#7444=CARTESIAN_POINT('',(-0.0140427918524451,-1.34644411312599,0.699410745974204));
#7445=CARTESIAN_POINT('',(-0.0102749767774933,-1.34777272821126,0.699417224132556));
#7446=CARTESIAN_POINT('',(-0.00828118546432443,-1.3482709863855,0.69941964253151));
#7447=CARTESIAN_POINT('',(-0.00418382120157549,-1.34893422107348,0.699422845715409));
#7448=CARTESIAN_POINT('',(-0.00208025015432775,-1.34909919706859,0.699423630500354));
#7449=CARTESIAN_POINT('',(0.00212662664864952,-1.34909552806469,0.699423574202672));
#7450=CARTESIAN_POINT('',(0.00422993048456308,-1.34892688306742,0.699422733120046));
#7451=CARTESIAN_POINT('',(0.00832622609372076,-1.34825648617596,0.699419432833657));
#7452=CARTESIAN_POINT('',(0.0103192159648667,-1.34775473480384,0.699416973629894));
#7453=CARTESIAN_POINT('',(0.0140848944970386,-1.34641948482393,0.699410444847671));
#7454=CARTESIAN_POINT('',(0.0158575813085606,-1.34558598724901,0.69940637526921));
#7455=CARTESIAN_POINT('',(0.018670878945642,-1.34383899678451,0.699397851207173));
#7456=CARTESIAN_POINT('',(0.0197837122696854,-1.3429976003008,0.699393747298529));
#7457=CARTESIAN_POINT('',(0.0211128228581115,-1.34175298046401,0.699387676613425));
#7458=CARTESIAN_POINT('',(0.0214324905342958,-1.34143125828029,0.699386591040506));
#7459=CARTESIAN_POINT('',(0.0217378545164715,-1.341100003966,0.699384491629664));
#7460=CARTESIAN_POINT('',(-0.0346540194494976,-1.35312181186642,0.698429341506324));
#7461=CARTESIAN_POINT('',(-0.0341649986250131,-1.35365077703831,0.698434601475174));
#7462=CARTESIAN_POINT('',(-0.0336527754318615,-1.35416513996428,0.698437331119602));
#7463=CARTESIAN_POINT('',(-0.0315247309869808,-1.35615405581333,0.698452539436951));
#7464=CARTESIAN_POINT('',(-0.0297444464058465,-1.3574989718891,0.698462789759918));
#7465=CARTESIAN_POINT('',(-0.0252462802036162,-1.36029127803425,0.69848401946906));
#7466=CARTESIAN_POINT('',(-0.0224136912146726,-1.36162337366466,0.698494102951532));
#7467=CARTESIAN_POINT('',(-0.0163987993327848,-1.36375554827879,0.698510193503851));
#7468=CARTESIAN_POINT('',(-0.0132165009752459,-1.36455562473857,0.698516200573699));
#7469=CARTESIAN_POINT('',(-0.00667718053049757,-1.36562076877957,0.698524157447936));
#7470=CARTESIAN_POINT('',(-0.00332016310707061,-1.36588583508928,0.698526107252325));
#7471=CARTESIAN_POINT('',(0.00339346478578719,-1.36588003980252,0.698525968742812));
#7472=CARTESIAN_POINT('',(0.00675007054857245,-1.3656091782103,0.698523880428909));
#7473=CARTESIAN_POINT('',(0.0132877448208398,-1.36453270037393,0.698515684829976));
#7474=CARTESIAN_POINT('',(0.0164688086671133,-1.36372708540973,0.698509577544947));
#7475=CARTESIAN_POINT('',(0.0224804100780583,-1.36158434707954,0.698493363150927));
#7476=CARTESIAN_POINT('',(0.0253109431084618,-1.36024722624572,0.698483256041937));
#7477=CARTESIAN_POINT('',(0.0298047946369303,-1.35744679914129,0.698462085509009));
#7478=CARTESIAN_POINT('',(0.0315829996958182,-1.35609861903637,0.69845189285812));
#7479=CARTESIAN_POINT('',(0.03370796515175,-1.35410571142104,0.698436815288277));
#7480=CARTESIAN_POINT('',(0.0342193854526937,-1.35359038805496,0.698434091388462));
#7481=CARTESIAN_POINT('',(0.0347075931253155,-1.35306047950247,0.698428904810778));
#7482=CARTESIAN_POINT('',(-0.043244944939967,-1.36107167169577,0.697452693633143));
#7483=CARTESIAN_POINT('',(-0.0426332713132429,-1.36173369472881,0.697461046430832));
#7484=CARTESIAN_POINT('',(-0.0419923664842261,-1.36237806623565,0.697465429381236));
#7485=CARTESIAN_POINT('',(-0.039331445537574,-1.36486906747663,0.697489672081583));
#7486=CARTESIAN_POINT('',(-0.0371071699662913,-1.36655438228719,0.697506011626405));
#7487=CARTESIAN_POINT('',(-0.0314901140175718,-1.37005459091846,0.69753985308968));
#7488=CARTESIAN_POINT('',(-0.0279549983696512,-1.37172539319824,0.697555926961027));
#7489=CARTESIAN_POINT('',(-0.0204507288442619,-1.37440041352177,0.697581576923353));
#7490=CARTESIAN_POINT('',(-0.0164815821279597,-1.37540462758034,0.697591153014333));
#7491=CARTESIAN_POINT('',(-0.00832640492625854,-1.3767416926583,0.697603837850886));
#7492=CARTESIAN_POINT('',(-0.00414038180472683,-1.37707454167006,0.697606946596461));
#7493=CARTESIAN_POINT('',(0.00423117189013431,-1.37706737133168,0.697606727177169));
#7494=CARTESIAN_POINT('',(0.00841669503191811,-1.37672735198827,0.697603399012304));
#7495=CARTESIAN_POINT('',(0.0165698730568682,-1.37537624321977,0.697590336207096));
#7496=CARTESIAN_POINT('',(0.0205375205770736,-1.37436515581566,0.697580601566754));
#7497=CARTESIAN_POINT('',(0.0280377947079386,-1.37167698235744,0.697554756245559));
#7498=CARTESIAN_POINT('',(0.0315704141592277,-1.36999990030147,0.697538645564705));
#7499=CARTESIAN_POINT('',(0.0371822325779246,-1.36648948023606,0.697504899468357));
#7500=CARTESIAN_POINT('',(0.0394039841223972,-1.36480003924513,0.697488652154075));
#7501=CARTESIAN_POINT('',(0.0420611685880886,-1.36230395276981,0.69746461802612));
#7502=CARTESIAN_POINT('',(0.0427010964250923,-1.36165835637279,0.697460245083547));
#7503=CARTESIAN_POINT('',(0.0433117860625859,-1.36099512199921,0.697452008439354));
#7504=CARTESIAN_POINT('',(-0.060328945492943,-1.37688084264846,0.694712080369243));
#7505=CARTESIAN_POINT('',(-0.0594677561020666,-1.3778147723666,0.694728648004362));
#7506=CARTESIAN_POINT('',(-0.0585655176509113,-1.37872531646441,0.694737663669337));
#7507=CARTESIAN_POINT('',(-0.0548259834226585,-1.38224381974168,0.694786362192696));
#7508=CARTESIAN_POINT('',(-0.0517092133298067,-1.38462653633818,0.694819185393788));
#7509=CARTESIAN_POINT('',(-0.0438533374920501,-1.38957811871626,0.694887167816533));
#7510=CARTESIAN_POINT('',(-0.0389198085473106,-1.39194423507434,0.694919458689364));
#7511=CARTESIAN_POINT('',(-0.028459630427038,-1.39573426917155,0.694970988732865));
#7512=CARTESIAN_POINT('',(-0.0229329950964266,-1.39715817920603,0.694990227903536));
#7513=CARTESIAN_POINT('',(-0.0115832756020121,-1.39905445228651,0.695015715292315));
#7514=CARTESIAN_POINT('',(-0.00576020567501888,-1.3995268114511,0.695021963510425));
#7515=CARTESIAN_POINT('',(0.00588528269131883,-1.39951696315108,0.695021529743686));
#7516=CARTESIAN_POINT('',(0.0117076867630084,-1.39903475569948,0.695014847758837));
#7517=CARTESIAN_POINT('',(0.0230547442712069,-1.3971191414921,0.69498861433578));
#7518=CARTESIAN_POINT('',(0.028579383472658,-1.39568573864351,0.694969062897572));
#7519=CARTESIAN_POINT('',(0.039034243341189,-1.39187742905994,0.6949171513174));
#7520=CARTESIAN_POINT('',(0.043964450166819,-1.38950253005468,0.694884791175435));
#7521=CARTESIAN_POINT('',(0.051813358221393,-1.384536508426,0.694817006467109));
#7522=CARTESIAN_POINT('',(0.0549267711883985,-1.38214790267144,0.69478437051572));
#7523=CARTESIAN_POINT('',(0.0586613373450042,-1.37862204455923,0.694736092516884));
#7524=CARTESIAN_POINT('',(0.059562270130465,-1.37770972543479,0.694727102781041));
#7525=CARTESIAN_POINT('',(0.0604221582472256,-1.37677402041083,0.694710763142827));
#7526=CARTESIAN_POINT('',(-0.0688220663494522,-1.3847401961486,0.692948483443142));
#7527=CARTESIAN_POINT('',(-0.0678340280332455,-1.38581295474881,0.692970179023656));
#7528=CARTESIAN_POINT('',(-0.0667991502294622,-1.38685964353999,0.692982179847754));
#7529=CARTESIAN_POINT('',(-0.0625139244946357,-1.39090348869453,0.693046322068428));
#7530=CARTESIAN_POINT('',(-0.0589486729873211,-1.39364315789145,0.69308955472108));
#7531=CARTESIAN_POINT('',(-0.0499728965104297,-1.39933810692431,0.693179097483329));
#7532=CARTESIAN_POINT('',(-0.0443434809466964,-1.4020607809269,0.693221629783835));
#7533=CARTESIAN_POINT('',(-0.0324167494457382,-1.4064229034765,0.693289504185852));
#7534=CARTESIAN_POINT('',(-0.0261194514114296,-1.40806234206059,0.693314846287364));
#7535=CARTESIAN_POINT('',(-0.0131909902314436,-1.41024586238467,0.693348420076812));
#7536=CARTESIAN_POINT('',(-0.00655984549543414,-1.4107899391056,0.693356651764748));
#7537=CARTESIAN_POINT('',(0.00670171918371248,-1.41077878801588,0.693356084512467));
#7538=CARTESIAN_POINT('',(0.0133321205479855,-1.41022356022205,0.69334728557225));
#7539=CARTESIAN_POINT('',(0.0262576100966274,-1.40801811142278,0.69331273684908));
#7540=CARTESIAN_POINT('',(0.032552679873594,-1.40636789546974,0.693286987066128));
#7541=CARTESIAN_POINT('',(0.0444734755093084,-1.40198496455054,0.69321861644291));
#7542=CARTESIAN_POINT('',(0.0500991834696297,-1.39925225957973,0.693175995602644));
#7543=CARTESIAN_POINT('',(0.059067185186615,-1.39354073378946,0.693086716769272));
#7544=CARTESIAN_POINT('',(0.0626286911761956,-1.39079427449692,0.693043731866892));
#7545=CARTESIAN_POINT('',(0.0669083750408258,-1.38674189815972,0.692980144376408));
#7546=CARTESIAN_POINT('',(0.0679417926825707,-1.38569314859615,0.692968181161235));
#7547=CARTESIAN_POINT('',(0.0689283833571776,-1.38461831861942,0.692946782682662));
#7548=CARTESIAN_POINT('',(-0.0856933543844697,-1.40035252745886,0.688496357055851));
#7549=CARTESIAN_POINT('',(-0.0844463537086332,-1.401710932011,0.688530396191294));
#7550=CARTESIAN_POINT('',(-0.0831414094594893,-1.4030380444892,0.68854994176971));
#7551=CARTESIAN_POINT('',(-0.0777489221937182,-1.40816376207804,0.68865194276503));
#7552=CARTESIAN_POINT('',(-0.0732809965624884,-1.41163910040829,0.68872069381175));
#7553=CARTESIAN_POINT('',(-0.0620635845878249,-1.41886686178447,0.688863092213374));
#7554=CARTESIAN_POINT('',(-0.055050107673653,-1.42232539379507,0.688930732665814));
#7555=CARTESIAN_POINT('',(-0.0402173071802493,-1.4278686457789,0.689038679261845));
#7556=CARTESIAN_POINT('',(-0.0323980108134501,-1.42995335060849,0.689078985405435));
#7557=CARTESIAN_POINT('',(-0.0163565040249873,-1.43273042280299,0.68913238920046));
#7558=CARTESIAN_POINT('',(-0.00813432158601886,-1.43342278253893,0.689145486851895));
#7559=CARTESIAN_POINT('',(0.00830918168056699,-1.43340907834437,0.689144599479306));
#7560=CARTESIAN_POINT('',(0.016530474268311,-1.43270301443944,0.689130614455283));
#7561=CARTESIAN_POINT('',(0.0325684244723906,-1.42989893045271,0.689075687548471));
#7562=CARTESIAN_POINT('',(0.0403850541094746,-1.42780091805055,0.689034745665684));
#7563=CARTESIAN_POINT('',(0.0552107526782274,-1.42223184253432,0.688926030858042));
#7564=CARTESIAN_POINT('',(0.0622197944042877,-1.41876079461316,0.688858257933187));
#7565=CARTESIAN_POINT('',(0.0734279095189509,-1.4115121660846,0.688716288242491));
#7566=CARTESIAN_POINT('',(0.0778913573369374,-1.40802821767002,0.6886479332447));
#7567=CARTESIAN_POINT('',(0.0832772215135739,-1.40289157275318,0.688546814174077));
#7568=CARTESIAN_POINT('',(0.0845804123491719,-1.4015618169553,0.688527340179311));
#7569=CARTESIAN_POINT('',(0.0858256918677131,-1.40020073328231,0.688493760853316));
#7570=CARTESIAN_POINT('',(-0.0940715962278851,-1.40810557436229,0.6858084283584));
#7571=CARTESIAN_POINT('',(-0.092692493261233,-1.40961078388625,0.685849695580494));
#7572=CARTESIAN_POINT('',(-0.0912501318712203,-1.41108216363806,0.685873812834407));
#7573=CARTESIAN_POINT('',(-0.0852961099200735,-1.41676436641588,0.685998275643646));
#7574=CARTESIAN_POINT('',(-0.0803740080296025,-1.42061839065516,0.686082167119935));
#7575=CARTESIAN_POINT('',(-0.0680348808145311,-1.42863553420267,0.686255926013716));
#7576=CARTESIAN_POINT('',(-0.0603332260817335,-1.43247333632959,0.686338464136466));
#7577=CARTESIAN_POINT('',(-0.0440608847436588,-1.43862558089796,0.686470187931451));
#7578=CARTESIAN_POINT('',(-0.0354902306023363,-1.44094000527331,0.686519373603687));
#7579=CARTESIAN_POINT('',(-0.0179143660776062,-1.44402335789165,0.686584545394524));
#7580=CARTESIAN_POINT('',(-0.00890918907706306,-1.44479227703341,0.686600531513125));
#7581=CARTESIAN_POINT('',(0.00910023978467251,-1.44477732251557,0.686599457093575));
#7582=CARTESIAN_POINT('',(0.0181044579561914,-1.44399344888647,0.686582396555422));
#7583=CARTESIAN_POINT('',(0.0356764905296487,-1.44088058849139,0.686515381719243));
#7584=CARTESIAN_POINT('',(0.0442442715528309,-1.43855161088711,0.686465427421217));
#7585=CARTESIAN_POINT('',(0.0605089624023925,-1.43237106049259,0.686332777962169));
#7586=CARTESIAN_POINT('',(0.0682058397729586,-1.42851950582724,0.686250082801148));
#7587=CARTESIAN_POINT('',(0.0805349548498403,-1.42047934222909,0.686076851799011));
#7588=CARTESIAN_POINT('',(0.0854522349488017,-1.41661578885043,0.685993444575483));
#7589=CARTESIAN_POINT('',(0.0913991262798401,-1.41092143894257,0.685870057459067));
#7590=CARTESIAN_POINT('',(0.0928395954725755,-1.40944711906849,0.685846034298417));
#7591=CARTESIAN_POINT('',(0.0942168501042313,-1.40793891874906,0.685805320724103));
#7592=CARTESIAN_POINT('',(-0.1106905126939,-1.42348436638732,0.679325686864562));
#7593=CARTESIAN_POINT('',(-0.109042581575226,-1.42529197079404,0.679383305253479));
#7594=CARTESIAN_POINT('',(-0.107321328115733,-1.42706064141747,0.679418145248469));
#7595=CARTESIAN_POINT('',(-0.100230974580846,-1.43388960785254,0.679594144998383));
#7596=CARTESIAN_POINT('',(-0.0943965876783024,-1.43852438059705,0.679712774347584));
#7597=CARTESIAN_POINT('',(-0.0798160188570568,-1.44816951903973,0.679958484750749));
#7598=CARTESIAN_POINT('',(-0.0707476546997698,-1.45278993993523,0.680075202000833));
#7599=CARTESIAN_POINT('',(-0.0516268165824963,-1.46019913956385,0.680261475159396));
#7600=CARTESIAN_POINT('',(-0.0415743865443306,-1.4629878938546,0.680331031067876));
#7601=CARTESIAN_POINT('',(-0.0209773119157086,-1.46670374389806,0.680423197590789));
#7602=CARTESIAN_POINT('',(-0.010432712490304,-1.46763082733732,0.680445808205222));
#7603=CARTESIAN_POINT('',(0.01065544494039,-1.46761339664863,0.680444300187602));
#7604=CARTESIAN_POINT('',(0.0211989573655328,-1.46666888256195,0.680420181555548));
#7605=CARTESIAN_POINT('',(0.0417916885455172,-1.46291857989047,0.680325431092512));
#7606=CARTESIAN_POINT('',(0.0518408621408651,-1.4601128037009,0.68025479926153));
#7607=CARTESIAN_POINT('',(0.0709530315092602,-1.45267037522147,0.680067238448195));
#7608=CARTESIAN_POINT('',(0.0800159833715011,-1.44803374745351,0.679950309465843));
#7609=CARTESIAN_POINT('',(0.0945852138682924,-1.43836131127448,0.679705362780891));
#7610=CARTESIAN_POINT('',(0.10041414150557,-1.43371518172293,0.679587425319751));
#7611=CARTESIAN_POINT('',(0.107496424523362,-1.42687163972539,0.679412955721011));
#7612=CARTESIAN_POINT('',(0.109215526840058,-1.42509943874666,0.679378270278313));
#7613=CARTESIAN_POINT('',(0.110861376197556,-1.42328822170414,0.679321417696873));
#7614=CARTESIAN_POINT('',(-0.118931314261454,-1.43111022898108,0.67553189548411));
#7615=CARTESIAN_POINT('',(-0.117146643633599,-1.43307344556821,0.675598655221125));
#7616=CARTESIAN_POINT('',(-0.115283902610002,-1.43499516134531,0.675639663985198));
#7617=CARTESIAN_POINT('',(-0.10761870543394,-1.44241448962275,0.675844807415806));
#7618=CARTESIAN_POINT('',(-0.101326183269572,-1.44745138108486,0.675983080538643));
#7619=CARTESIAN_POINT('',(-0.085625842224315,-1.45793524835171,0.676269478160192));
#7620=CARTESIAN_POINT('',(-0.0758789324439361,-1.46295907292858,0.676405522770546));
#7621=CARTESIAN_POINT('',(-0.0553491267082033,-1.4710163226771,0.676622641686374));
#7622=CARTESIAN_POINT('',(-0.0445662808810144,-1.47404971995258,0.676703715991849));
#7623=CARTESIAN_POINT('',(-0.0224823668774442,-1.47809183002725,0.676811146339818));
#7624=CARTESIAN_POINT('',(-0.0111813502481329,-1.47910052877307,0.676837502382312));
#7625=CARTESIAN_POINT('',(0.0114195885359681,-1.47908187108018,0.676835748246216));
#7626=CARTESIAN_POINT('',(0.0227194586699383,-1.47805451468858,0.676807638067626));
#7627=CARTESIAN_POINT('',(0.0447987918878288,-1.4739755012335,0.67669720353126));
#7628=CARTESIAN_POINT('',(0.0555782034310226,-1.47092385831675,0.676614879173484));
#7629=CARTESIAN_POINT('',(0.0760988683082403,-1.46283093838394,0.676396268320644));
#7630=CARTESIAN_POINT('',(0.08584007152667,-1.45778968935483,0.67625998182558));
#7631=CARTESIAN_POINT('',(0.10152846017216,-1.447276400908,0.67597448412575));
#7632=CARTESIAN_POINT('',(0.107815228048711,-1.44222724496304,0.675837022004352));
#7633=CARTESIAN_POINT('',(0.115471920079353,-1.43479213434321,0.675633668776832));
#7634=CARTESIAN_POINT('',(0.117332389213934,-1.4328665952931,0.675592852337042));
#7635=CARTESIAN_POINT('',(0.119114871228851,-1.43089945647064,0.675526976532403));
#7636=CARTESIAN_POINT('',(-0.129126946475624,-1.44054505030087,0.669941837316933));
#7637=CARTESIAN_POINT('',(-0.127169810648385,-1.44270800496791,0.670020771040652));
#7638=CARTESIAN_POINT('',(-0.125129000136855,-1.44482614688717,0.670070174410641));
#7639=CARTESIAN_POINT('',(-0.11674177989996,-1.45300330480708,0.670314470936864));
#7640=CARTESIAN_POINT('',(-0.10987696937163,-1.45855652497297,0.670479133895243));
#7641=CARTESIAN_POINT('',(-0.0927833383678622,-1.4701175224386,0.670820190279001));
#7642=CARTESIAN_POINT('',(-0.0821961383678668,-1.47565957158756,0.670982197975781));
#7643=CARTESIAN_POINT('',(-0.0599265068078724,-1.48454943883363,0.67124075107336));
#7644=CARTESIAN_POINT('',(-0.0482441335815418,-1.48789722446823,0.671337296474158));
#7645=CARTESIAN_POINT('',(-0.0243314431694582,-1.49235863884056,0.671465226014526));
#7646=CARTESIAN_POINT('',(-0.0121011859685396,-1.49347225122451,0.671496610154096));
#7647=CARTESIAN_POINT('',(0.0123581775832368,-1.49345205847635,0.67149451820676));
#7648=CARTESIAN_POINT('',(0.0245872233979623,-1.49231825339906,0.671461042119855));
#7649=CARTESIAN_POINT('',(0.0484950743114423,-1.48781687570849,0.671329530754321));
#7650=CARTESIAN_POINT('',(0.0601738194327443,-1.48444931955763,0.671231495475693));
#7651=CARTESIAN_POINT('',(0.082433796098871,-1.47552075224594,0.670971166761467));
#7652=CARTESIAN_POINT('',(0.0930149693246562,-1.46995977365326,0.67080887332587));
#7653=CARTESIAN_POINT('',(0.110095980619568,-1.45836674635494,0.670468897331635));
#7654=CARTESIAN_POINT('',(0.116954716509312,-1.45280015179851,0.670305205393482));
#7655=CARTESIAN_POINT('',(0.125332960235773,-1.44460574447829,0.670063050221139));
#7656=CARTESIAN_POINT('',(0.127371366389425,-1.44248342432786,0.670013893318468));
#7657=CARTESIAN_POINT('',(0.129326199375317,-1.44031617211728,0.6699360001731));
#7658=CARTESIAN_POINT('',(-0.131157042600602,-1.44242365810065,0.66878309828288));
#7659=CARTESIAN_POINT('',(-0.129165438917545,-1.44462670379263,0.668864495315535));
#7660=CARTESIAN_POINT('',(-0.127089054167782,-1.44678427273396,0.668915603304108));
#7661=CARTESIAN_POINT('',(-0.118557648796976,-1.45511354788755,0.669167834136101));
#7662=CARTESIAN_POINT('',(-0.111578676893747,-1.46077041784645,0.669337845716697));
#7663=CARTESIAN_POINT('',(-0.094207323577934,-1.47254765250295,0.669689981855011));
#7664=CARTESIAN_POINT('',(-0.0834527864319617,-1.47819374525613,0.669857253896146));
#7665=CARTESIAN_POINT('',(-0.0608368784017512,-1.48725077966642,0.670124211044326));
#7666=CARTESIAN_POINT('',(-0.0489755675146605,-1.49066168793528,0.670223896151371));
#7667=CARTESIAN_POINT('',(-0.0246991802272429,-1.49520728522351,0.670355989715937));
#7668=CARTESIAN_POINT('',(-0.0122841655223153,-1.49634195742274,0.670388398173459));
#7669=CARTESIAN_POINT('',(0.012544702431347,-1.49632144004638,0.670386248723546));
#7670=CARTESIAN_POINT('',(0.0249584934176636,-1.49516625052715,0.670351690816112));
#7671=CARTESIAN_POINT('',(0.0492299920492222,-1.49058004518723,0.670215918920855));
#7672=CARTESIAN_POINT('',(0.0610876380066574,-1.4871490462984,0.670114704933033));
#7673=CARTESIAN_POINT('',(0.0836937935158355,-1.47805268056437,0.669845931161568));
#7674=CARTESIAN_POINT('',(0.0944422430854766,-1.47238734721606,0.669678371377926));
#7675=CARTESIAN_POINT('',(0.111800850049321,-1.46057754975608,0.669327360684206));
#7676=CARTESIAN_POINT('',(0.118773686535185,-1.45490708070612,0.669158355042215));
#7677=CARTESIAN_POINT('',(0.127296026007468,-1.44656026261062,0.668908338137041));
#7678=CARTESIAN_POINT('',(0.129369981161741,-1.44439844471157,0.668857487874929));
#7679=CARTESIAN_POINT('',(0.131359260468289,-1.4421910269775,0.668777163096257));
#7680=CARTESIAN_POINT('',(-0.135177785482295,-1.44614436809339,0.666393681693753));
#7681=CARTESIAN_POINT('',(-0.133117349195365,-1.44842783900503,0.666480036186899));
#7682=CARTESIAN_POINT('',(-0.130969986113231,-1.4506645013631,0.66653458223218));
#7683=CARTESIAN_POINT('',(-0.122151145596842,-1.4592989471085,0.666802794963565));
#7684=CARTESIAN_POINT('',(-0.114945122412343,-1.46516377381309,0.666983579712142));
#7685=CARTESIAN_POINT('',(-0.0970223527089079,-1.47737488002029,0.667358031675343));
#7686=CARTESIAN_POINT('',(-0.0859362520053848,-1.48322975443339,0.667535905851029));
#7687=CARTESIAN_POINT('',(-0.0626350884337171,-1.49262225713007,0.667819786764659));
#7688=CARTESIAN_POINT('',(-0.0504200889307065,-1.49615985015113,0.667925793502603));
#7689=CARTESIAN_POINT('',(-0.0254252179946837,-1.50087440838068,0.668066268852438));
#7690=CARTESIAN_POINT('',(-0.0126454117203898,-1.50205135582481,0.668100737464329));
#7691=CARTESIAN_POINT('',(0.0129130194371319,-1.50203020640423,0.668098465873744));
#7692=CARTESIAN_POINT('',(0.0256915785627925,-1.50083210959906,0.66806172567127));
#7693=CARTESIAN_POINT('',(0.0506814674719524,-1.49607568690809,0.667917365763642));
#7694=CARTESIAN_POINT('',(0.0628927321047521,-1.49251737890465,0.667809746058489));
#7695=CARTESIAN_POINT('',(0.0861839578050236,-1.48308431132114,0.667523956457195));
#7696=CARTESIAN_POINT('',(0.0972638555232522,-1.47720958711833,0.667345786561053));
#7697=CARTESIAN_POINT('',(0.115173638624262,-1.46496487150839,0.666972545973415));
#7698=CARTESIAN_POINT('',(0.122373411125878,-1.45908600344516,0.666792836099267));
#7699=CARTESIAN_POINT('',(0.131183016305247,-1.45043343525583,0.66652698272291));
#7700=CARTESIAN_POINT('',(0.133327901726894,-1.44819238422457,0.666472717103313));
#7701=CARTESIAN_POINT('',(0.135385973062897,-1.44590439383343,0.666387498554773));
#7702=CARTESIAN_POINT('',(-0.137171460052433,-1.44798927216054,0.665161362629173));
#7703=CARTESIAN_POINT('',(-0.135076659017452,-1.45031307726688,0.665250211273871));
#7704=CARTESIAN_POINT('',(-0.132893885970456,-1.45258940597054,0.665306490782099));
#7705=CARTESIAN_POINT('',(-0.123931749944295,-1.4613769046937,0.665582751299456));
#7706=CARTESIAN_POINT('',(-0.116612753195634,-1.46734603765158,0.665768960947476));
#7707=CARTESIAN_POINT('',(-0.0984160017512246,-1.47977477581369,0.666154650197165));
#7708=CARTESIAN_POINT('',(-0.0871654398072326,-1.48573438631927,0.666337863155827));
#7709=CARTESIAN_POINT('',(-0.0635247335749772,-1.49529518542644,0.66663026616698));
#7710=CARTESIAN_POINT('',(-0.0511346543563542,-1.49889633781696,0.666739456219471));
#7711=CARTESIAN_POINT('',(-0.0257842921603764,-1.50369566818231,0.666884152308721));
#7712=CARTESIAN_POINT('',(-0.0128240760944935,-1.50489382791493,0.66691965834548));
#7713=CARTESIAN_POINT('',(0.0130951653174642,-1.50487236479608,0.666917325293701));
#7714=CARTESIAN_POINT('',(0.0260541231371094,-1.50365274200577,0.666879486205164));
#7715=CARTESIAN_POINT('',(0.0513994590924757,-1.49881092372349,0.666730801793232));
#7716=CARTESIAN_POINT('',(0.0637857703249593,-1.49518874659492,0.666619956469837));
#7717=CARTESIAN_POINT('',(0.0874164509626198,-1.48558677087258,0.666325598478626));
#7718=CARTESIAN_POINT('',(0.0986607553144743,-1.47960700860771,0.666142085810811));
#7719=CARTESIAN_POINT('',(0.116844406549113,-1.46714414260452,0.665757651244898));
#7720=CARTESIAN_POINT('',(0.124157098128153,-1.46116074932217,0.66557255119611));
#7721=CARTESIAN_POINT('',(0.133109918766886,-1.45235484143394,0.66529872327375));
#7722=CARTESIAN_POINT('',(0.135290191326009,-1.45007405496999,0.665242735680928));
#7723=CARTESIAN_POINT('',(0.137382608370809,-1.44774565744527,0.665155054995825));
#7724=CARTESIAN_POINT('',(-0.143101225733431,-1.45347655127117,0.661348943443186));
#7725=CARTESIAN_POINT('',(-0.140903564225417,-1.45592165824402,0.661445281535606));
#7726=CARTESIAN_POINT('',(-0.138614875314101,-1.45831727795159,0.661506771200073));
#7727=CARTESIAN_POINT('',(-0.129224399654945,-1.46756508410036,0.661807206986501));
#7728=CARTESIAN_POINT('',(-0.121568304434399,-1.47384794417163,0.662009712852046));
#7729=CARTESIAN_POINT('',(-0.102555091663866,-1.48693129853505,0.662429158549913));
#7730=CARTESIAN_POINT('',(-0.0908152185497706,-1.49320597381357,0.662628409052765));
#7731=CARTESIAN_POINT('',(-0.0661652777494107,-1.50327305913745,0.662946412199966));
#7732=CARTESIAN_POINT('',(-0.0532552803022537,-1.50706543009493,0.663065164844313));
#7733=CARTESIAN_POINT('',(-0.0268497085392945,-1.51211980365894,0.663222539922142));
#7734=CARTESIAN_POINT('',(-0.013354206450756,-1.51338178657401,0.663261162355622));
#7735=CARTESIAN_POINT('',(0.0136355808455306,-1.51335938832239,0.663258644659354));
#7736=CARTESIAN_POINT('',(0.0271297931622019,-1.51207500722172,0.663217504529604));
#7737=CARTESIAN_POINT('',(0.0535302131178361,-1.50697628804706,0.663055829354514));
#7738=CARTESIAN_POINT('',(0.0664363485384239,-1.50316196979534,0.662935294309172));
#7739=CARTESIAN_POINT('',(0.0910760147467738,-1.49305188758723,0.662615196950534));
#7740=CARTESIAN_POINT('',(0.102809475313043,-1.48675616284589,0.662415634637238));
#7741=CARTESIAN_POINT('',(0.121809265702954,-1.47363714164004,0.661997573421192));
#7742=CARTESIAN_POINT('',(0.129458901295664,-1.46733937196672,0.661796281310387));
#7743=CARTESIAN_POINT('',(0.13883983477447,-1.45807230769218,0.661498497872591));
#7744=CARTESIAN_POINT('',(0.141125958177956,-1.45567202584116,0.661437334645853));
#7745=CARTESIAN_POINT('',(0.143321182134182,-1.45322211062297,0.661342260536761));
#7746=CARTESIAN_POINT('',(-0.146986074879466,-1.45707150808966,0.658653417516067));
#7747=CARTESIAN_POINT('',(-0.144720151417599,-1.4595978820167,0.658754757897718));
#7748=CARTESIAN_POINT('',(-0.142361270605679,-1.46207341834972,0.658819734022906));
#7749=CARTESIAN_POINT('',(-0.132687297476191,-1.47162962743854,0.659136329203784));
#7750=CARTESIAN_POINT('',(-0.124808899120935,-1.47812271672317,0.659349727906967));
#7751=CARTESIAN_POINT('',(-0.105258689122971,-1.49164477566861,0.659791737356464));
#7752=CARTESIAN_POINT('',(-0.0931980373741514,-1.49813063612235,0.660001707816802));
#7753=CARTESIAN_POINT('',(-0.0678877950645927,-1.50853710823584,0.660336822848422));
#7754=CARTESIAN_POINT('',(-0.0546382782638681,-1.51245767884834,0.660461967419704));
#7755=CARTESIAN_POINT('',(-0.0275442486375896,-1.51768305026418,0.660627817520052));
#7756=CARTESIAN_POINT('',(-0.0136998116598674,-1.51898783038898,0.660668523049118));
#7757=CARTESIAN_POINT('',(0.0139878304077879,-1.51896481666242,0.66066588191187));
#7758=CARTESIAN_POINT('',(0.0278309589528009,-1.51763702288038,0.660622535245557));
#7759=CARTESIAN_POINT('',(0.0549197624933215,-1.51236608428389,0.66045217656439));
#7760=CARTESIAN_POINT('',(0.0681653616503316,-1.50842296028535,0.660325164549537));
#7761=CARTESIAN_POINT('',(0.0934651822658453,-1.49797229765919,0.659987862018127));
#7762=CARTESIAN_POINT('',(0.105519329982832,-1.49146480021238,0.659777571501572));
#7763=CARTESIAN_POINT('',(0.125055927687855,-1.47790607017326,0.659337032899594));
#7764=CARTESIAN_POINT('',(0.132927775445795,-1.47139764859422,0.659124917363673));
#7765=CARTESIAN_POINT('',(0.142592073010719,-1.46182163034255,0.658811121079211));
#7766=CARTESIAN_POINT('',(0.144948349584435,-1.45934129944809,0.658746494477565));
#7767=CARTESIAN_POINT('',(0.147211804528326,-1.45680997737728,0.658646482066746));
#7768=CARTESIAN_POINT('',(-0.158425748376842,-1.46765753876802,0.650082822429353));
#7769=CARTESIAN_POINT('',(-0.155956607013722,-1.4704283869091,0.650198883484043));
#7770=CARTESIAN_POINT('',(-0.153389019013877,-1.47314430543156,0.650274089769217));
#7771=CARTESIAN_POINT('',(-0.142872994330951,-1.48362828088864,0.650638181990322));
#7772=CARTESIAN_POINT('',(-0.134336317383844,-1.49075388893346,0.650883597854258));
#7773=CARTESIAN_POINT('',(-0.113199535738658,-1.5055959973829,0.651391928605949));
#7774=CARTESIAN_POINT('',(-0.100193765081195,-1.51271740503143,0.651633408072316));
#7775=CARTESIAN_POINT('',(-0.0729413908827981,-1.52414530697775,0.652018819645149));
#7776=CARTESIAN_POINT('',(-0.0586948718436287,-1.52845175425056,0.652162751751616));
#7777=CARTESIAN_POINT('',(-0.0295807435354348,-1.53419184082371,0.652353511742519));
#7778=CARTESIAN_POINT('',(-0.0147132211600428,-1.53562545643407,0.652400339626956));
#7779=CARTESIAN_POINT('',(0.0150205532561818,-1.53560061212938,0.652397334311667));
#7780=CARTESIAN_POINT('',(0.0298867176047757,-1.53414215229374,0.652347501111942));
#7781=CARTESIAN_POINT('',(0.0589954225642171,-1.52835287205926,0.652151616766202));
#7782=CARTESIAN_POINT('',(0.0732378762921256,-1.52402207550776,0.652005565620185));
#7783=CARTESIAN_POINT('',(0.100479438708955,-1.51254645999058,0.651617688519731));
#7784=CARTESIAN_POINT('',(0.113478462917302,-1.5054016882029,0.651375862565293));
#7785=CARTESIAN_POINT('',(0.134601129917609,-1.4905199750555,0.650869251933293));
#7786=CARTESIAN_POINT('',(0.143131015878457,-1.48337780606434,0.650625321058664));
#7787=CARTESIAN_POINT('',(0.153637013091606,-1.47287243005871,0.650264455148561));
#7788=CARTESIAN_POINT('',(0.156201893285801,-1.47015133576389,0.650189664918042));
#7789=CARTESIAN_POINT('',(0.158668485955422,-1.46737513694376,0.650075119469542));
#7790=CARTESIAN_POINT('',(-0.165766006871374,-1.47445005794508,0.643724429943148));
#7791=CARTESIAN_POINT('',(-0.163163283877967,-1.47738504237743,0.64384992668979));
#7792=CARTESIAN_POINT('',(-0.160458873072381,-1.48026230652574,0.643931650837815));
#7793=CARTESIAN_POINT('',(-0.14939209706814,-1.4913691622077,0.644326112639379));
#7794=CARTESIAN_POINT('',(-0.140427745479604,-1.49891953892583,0.644592000235827));
#7795=CARTESIAN_POINT('',(-0.118265316673893,-1.51464827305181,0.645142736632097));
#7796=CARTESIAN_POINT('',(-0.104652352364186,-1.52219667570638,0.645404362766773));
#7797=CARTESIAN_POINT('',(-0.0761570609778963,-1.53431091758263,0.645821933296952));
#7798=CARTESIAN_POINT('',(-0.0612748258029498,-1.53887670566129,0.645977877692455));
#7799=CARTESIAN_POINT('',(-0.0308748936146361,-1.54496274743245,0.646184563760076));
#7800=CARTESIAN_POINT('',(-0.0153572911042307,-1.54648297536041,0.646235305432194));
#7801=CARTESIAN_POINT('',(0.0156766276636716,-1.54645693554212,0.64623206506883));
#7802=CARTESIAN_POINT('',(0.031192848549666,-1.54491066788223,0.646178083033349));
#7803=CARTESIAN_POINT('',(0.0615872637657577,-1.53877307183845,0.645965874270573));
#7804=CARTESIAN_POINT('',(0.076465363604523,-1.53418176939021,0.645807647543278));
#7805=CARTESIAN_POINT('',(0.104949659019917,-1.52201754416317,0.645387428412662));
#7806=CARTESIAN_POINT('',(0.118555762717956,-1.51444467269379,0.645125436009341));
#7807=CARTESIAN_POINT('',(0.140703841769761,-1.49867447906734,0.644576573475819));
#7808=CARTESIAN_POINT('',(0.149661290267246,-1.49110677170277,0.644312297302546));
#7809=CARTESIAN_POINT('',(0.160717875632122,-1.4799775306375,0.643921331297114));
#7810=CARTESIAN_POINT('',(0.163419528253852,-1.47709485624808,0.643840064156207));
#7811=CARTESIAN_POINT('',(0.166019667961867,-1.474154273764,0.643716202593109));
#7812=CARTESIAN_POINT('',(-0.176302523375906,-1.48420032634091,0.633119415919866));
#7813=CARTESIAN_POINT('',(-0.173503825089807,-1.48738134302507,0.63325693714005));
#7814=CARTESIAN_POINT('',(-0.170599225000342,-1.49050030683869,0.633346615919999));
#7815=CARTESIAN_POINT('',(-0.158728132332791,-1.50254061772621,0.633779110246631));
#7816=CARTESIAN_POINT('',(-0.149142919738271,-1.51072766748667,0.634070634754258));
#7817=CARTESIAN_POINT('',(-0.12549820666366,-1.52778548202935,0.634674475120129));
#7818=CARTESIAN_POINT('',(-0.111012654975524,-1.53597408565439,0.634961329816619));
#7819=CARTESIAN_POINT('',(-0.0807375087865786,-1.54911745586008,0.635419168979796));
#7820=CARTESIAN_POINT('',(-0.0649480174662433,-1.55407216502108,0.635590153446483));
#7821=CARTESIAN_POINT('',(-0.0327160633914553,-1.56067704404253,0.635816775802552));
#7822=CARTESIAN_POINT('',(-0.016273706738055,-1.56232718497642,0.635872413691934));
#7823=CARTESIAN_POINT('',(0.0166097100368989,-1.56229939068433,0.635868866545892));
#7824=CARTESIAN_POINT('',(0.033050663082266,-1.5606214555553,0.635809681510468));
#7825=CARTESIAN_POINT('',(0.0652770134193723,-1.553961571691,0.63557701216731));
#7826=CARTESIAN_POINT('',(0.0810623046231163,-1.5489796520744,0.635403527859577));
#7827=CARTESIAN_POINT('',(0.111326285970636,-1.53578302244529,0.634942783624301));
#7828=CARTESIAN_POINT('',(0.125804872959814,-1.52756837003928,0.634655523696758));
#7829=CARTESIAN_POINT('',(0.149435024757782,-1.51046648206784,0.63405372335216));
#7830=CARTESIAN_POINT('',(0.159013234184397,-1.50226102997879,0.633763956802954));
#7831=CARTESIAN_POINT('',(0.1708739923883,-1.49019698484882,0.633335279193536));
#7832=CARTESIAN_POINT('',(0.173775785577838,-1.48707229192307,0.633246099056607));
#7833=CARTESIAN_POINT('',(0.17657187484463,-1.48388534206718,0.633110363927243));
#7834=CARTESIAN_POINT('',(-0.179735643571602,-1.48737726279128,0.629406341617387));
#7835=CARTESIAN_POINT('',(-0.176872266673932,-1.49064040083407,0.629547504020374));
#7836=CARTESIAN_POINT('',(-0.17390169952751,-1.4938400130344,0.629639518902617));
#7837=CARTESIAN_POINT('',(-0.161765854852187,-1.50619185392734,0.63008339163545));
#7838=CARTESIAN_POINT('',(-0.151976988943779,-1.51459140077261,0.630382586013486));
#7839=CARTESIAN_POINT('',(-0.127847345422441,-1.53209283083529,0.631002313443805));
#7840=CARTESIAN_POINT('',(-0.113077283159389,-1.54049513475606,0.631296715567721));
#7841=CARTESIAN_POINT('',(-0.0822230402474986,-1.55398204202938,0.631766601096806));
#7842=CARTESIAN_POINT('',(-0.0661389665685837,-1.55906658585347,0.631942084501974));
#7843=CARTESIAN_POINT('',(-0.033312751747848,-1.56584467400974,0.632174669547347));
#7844=CARTESIAN_POINT('',(-0.0165707206037929,-1.56753818835303,0.632231771187551));
#7845=CARTESIAN_POINT('',(0.016912044237684,-1.56750981623763,0.63222812965678));
#7846=CARTESIAN_POINT('',(0.0336526669263928,-1.56578792987946,0.632167386485804));
#7847=CARTESIAN_POINT('',(0.0664732590129625,-1.55895370262061,0.631928592286455));
#7848=CARTESIAN_POINT('',(0.0825531184265948,-1.55384139190802,0.631750541258083));
#7849=CARTESIAN_POINT('',(0.113396160069883,-1.54030015489911,0.631277668297726));
#7850=CARTESIAN_POINT('',(0.128159235356441,-1.53187128832494,0.630982846365741));
#7851=CARTESIAN_POINT('',(0.152274273190518,-1.51432494094881,0.630365203278668));
#7852=CARTESIAN_POINT('',(0.162056115159583,-1.50590664792579,0.630067808300103));
#7853=CARTESIAN_POINT('',(0.174181596089723,-1.49353064371385,0.629627844949085));
#7854=CARTESIAN_POINT('',(0.177149345047607,-1.49032520134597,0.629536339172379));
#7855=CARTESIAN_POINT('',(0.180010109197174,-1.4870560241528,0.629397008290293));
#7856=CARTESIAN_POINT('',(-0.184760432989804,-1.49202709610563,0.623555405472819));
#7857=CARTESIAN_POINT('',(-0.181801540913386,-1.49541263461569,0.623701304258851));
#7858=CARTESIAN_POINT('',(-0.178733672405859,-1.49873241029921,0.623796198699645));
#7859=CARTESIAN_POINT('',(-0.166207586561855,-1.51154852519918,0.624254569082829));
#7860=CARTESIAN_POINT('',(-0.156119261097478,-1.52026479164208,0.624563535744758));
#7861=CARTESIAN_POINT('',(-0.131277864245879,-1.53842746055728,0.62520350458163));
#7862=CARTESIAN_POINT('',(-0.116091189690688,-1.54714833742992,0.625507522298475));
#7863=CARTESIAN_POINT('',(-0.0843902267416141,-1.5611473983416,0.625992754033143));
#7864=CARTESIAN_POINT('',(-0.0678760510242104,-1.56642551967651,0.626173968050968));
#7865=CARTESIAN_POINT('',(-0.0341827951346559,-1.57346186129999,0.62641414621131));
#7866=CARTESIAN_POINT('',(-0.0170038308283523,-1.57522004999984,0.626473110353829));
#7867=CARTESIAN_POINT('',(0.0173528020762256,-1.57519082430877,0.626469342587275));
#7868=CARTESIAN_POINT('',(0.0345303537437742,-1.57340341002372,0.626406610678203));
#7869=CARTESIAN_POINT('',(0.0682179707570011,-1.56630925644657,0.626160004632184));
#7870=CARTESIAN_POINT('',(0.0847279202510912,-1.56100254895301,0.625976130495236));
#7871=CARTESIAN_POINT('',(0.116417652005175,-1.54694758803441,0.62548779381718));
#7872=CARTESIAN_POINT('',(0.131597321616947,-1.53819939751753,0.625183331276071));
#7873=CARTESIAN_POINT('',(0.156424078623053,-1.51999058596578,0.624545491571242));
#7874=CARTESIAN_POINT('',(0.16650536464397,-1.5112550768019,0.624238371971992));
#7875=CARTESIAN_POINT('',(0.179021066018953,-1.4984141837265,0.623784021968247));
#7876=CARTESIAN_POINT('',(0.182086105649634,-1.49508843349539,0.623689645639876));
#7877=CARTESIAN_POINT('',(0.18504238532146,-1.49169670483978,0.623545636991935));
#7878=CARTESIAN_POINT('',(-0.186409718530622,-1.49355330988582,0.621563566220811));
#7879=CARTESIAN_POINT('',(-0.183419238517723,-1.49697951828985,0.621710922902664));
#7880=CARTESIAN_POINT('',(-0.180319220674338,-1.50033921349633,0.621806673267644));
#7881=CARTESIAN_POINT('',(-0.167664276496467,-1.51330958195335,0.622269449195702));
#7882=CARTESIAN_POINT('',(-0.157477271104067,-1.52213108218608,0.622581386961367));
#7883=CARTESIAN_POINT('',(-0.132401699641337,-1.54051346067201,0.623227513089104));
#7884=CARTESIAN_POINT('',(-0.117078229802023,-1.54934019406866,0.623534458564902));
#7885=CARTESIAN_POINT('',(-0.0850996007388179,-1.56350943582544,0.624024368177319));
#7886=CARTESIAN_POINT('',(-0.0684445560973205,-1.56885188042079,0.624207332313936));
#7887=CARTESIAN_POINT('',(-0.0344674945144985,-1.57597403186021,0.624449836817478));
#7888=CARTESIAN_POINT('',(-0.0171455953988838,-1.5777537065812,0.624509377184403));
#7889=CARTESIAN_POINT('',(0.0174969082223152,-1.57772418294855,0.624505591718051));
#7890=CARTESIAN_POINT('',(0.0348173938192987,-1.57591498470256,0.624442265884773));
#7891=CARTESIAN_POINT('',(0.0687888132038332,-1.56873443918093,0.624193305587506));
#7892=CARTESIAN_POINT('',(0.0854396291801744,-1.56336312424169,0.624007671123515));
#7893=CARTESIAN_POINT('',(0.11740702119199,-1.54913744150602,0.623514651134312));
#7894=CARTESIAN_POINT('',(0.132723482673805,-1.54028313768184,0.623207265609099));
#7895=CARTESIAN_POINT('',(0.157784408314582,-1.52185420291791,0.62256329663471));
#7896=CARTESIAN_POINT('',(0.16796437170432,-1.5130132941793,0.62225322426185));
#7897=CARTESIAN_POINT('',(0.180608928371637,-1.50001794549757,0.621794503688389));
#7898=CARTESIAN_POINT('',(0.183706114816175,-1.49665222857342,0.621699273664615));
#7899=CARTESIAN_POINT('',(0.186693983528436,-1.49321978102091,0.621553825071926));
#7900=CARTESIAN_POINT('',(-0.18964087114572,-1.49654334983038,0.61751711397379));
#7901=CARTESIAN_POINT('',(-0.186587805007664,-1.50005047958503,0.617667115495464));
#7902=CARTESIAN_POINT('',(-0.183424170668851,-1.50348958897498,0.617764344166174));
#7903=CARTESIAN_POINT('',(-0.170514488719667,-1.51676686059322,0.618234970161498));
#7904=CARTESIAN_POINT('',(-0.160132996012901,-1.52579774925705,0.618552201310372));
#7905=CARTESIAN_POINT('',(-0.134596969190543,-1.54461731454313,0.619209295814148));
#7906=CARTESIAN_POINT('',(-0.119005327205212,-1.55365470300483,0.619521455332297));
#7907=CARTESIAN_POINT('',(-0.0864834124443533,-1.56816262071179,0.620019693017112));
#7908=CARTESIAN_POINT('',(-0.0695532580667768,-1.57363308406893,0.620205771183779));
#7909=CARTESIAN_POINT('',(-0.0350224456431808,-1.58092602644437,0.620452410925026));
#7910=CARTESIAN_POINT('',(-0.0174219093464315,-1.58274847226992,0.620512972499606));
#7911=CARTESIAN_POINT('',(0.0177778717605456,-1.58271837600251,0.620509143816075));
#7912=CARTESIAN_POINT('',(0.0353769937025522,-1.58086583402079,0.620444753557964));
#7913=CARTESIAN_POINT('',(0.0699021609788896,-1.57351337812844,0.620191585968445));
#7914=CARTESIAN_POINT('',(0.086828084578933,-1.56801349763101,0.620002808637036));
#7915=CARTESIAN_POINT('',(0.11933875796704,-1.5534480968003,0.619501431660319));
#7916=CARTESIAN_POINT('',(0.134923389386844,-1.54438264256955,0.61918883201501));
#7917=CARTESIAN_POINT('',(0.160444768138935,-1.52551572122046,0.618533932275525));
#7918=CARTESIAN_POINT('',(0.170819218404283,-1.51646510285279,0.618218594771398));
#7919=CARTESIAN_POINT('',(0.183718513694102,-1.5031624583851,0.617752082021535));
#7920=CARTESIAN_POINT('',(0.186879313474855,-1.49971723551795,0.617655375448943));
#7921=CARTESIAN_POINT('',(0.189929772276238,-1.49620377116338,0.617507314372696));
#7922=CARTESIAN_POINT('',(-0.191225286505739,-1.49800953412421,0.615459555826568));
#7923=CARTESIAN_POINT('',(-0.188141222179006,-1.50155691533551,0.615610744292244));
#7924=CARTESIAN_POINT('',(-0.184946115750625,-1.50503551933456,0.615708595402156));
#7925=CARTESIAN_POINT('',(-0.171910516156505,-1.51846544015856,0.61618266636673));
#7926=CARTESIAN_POINT('',(-0.161433145810911,-1.5276004827311,0.616502220616717));
#7927=CARTESIAN_POINT('',(-0.13567059667011,-1.54663752272767,0.617164129030964));
#7928=CARTESIAN_POINT('',(-0.119947380622932,-1.55577970767412,0.61747857713887));
#7929=CARTESIAN_POINT('',(-0.0871593729986576,-1.57045611555109,0.617980470553607));
#7930=CARTESIAN_POINT('',(-0.0700947017291589,-1.57599027153076,0.618167915860438));
#7931=CARTESIAN_POINT('',(-0.0352933525581913,-1.58336818885747,0.618416371415278));
#7932=CARTESIAN_POINT('',(-0.0175567983696904,-1.58521191647638,0.618477381663287));
#7933=CARTESIAN_POINT('',(0.0179150205462996,-1.58518153893569,0.618473534842737));
#7934=CARTESIAN_POINT('',(0.0356501604238222,-1.58330743388913,0.618408677774177));
#7935=CARTESIAN_POINT('',(0.0704458648205199,-1.57586945340168,0.618153664062741));
#7936=CARTESIAN_POINT('',(0.0875063056419515,-1.57030561191294,0.617963507419866));
#7937=CARTESIAN_POINT('',(0.120283073428512,-1.55557120986919,0.617458462302051));
#7938=CARTESIAN_POINT('',(0.135999280116214,-1.54640071648288,0.617143573827112));
#7939=CARTESIAN_POINT('',(0.161747184914897,-1.52731592924186,0.616483875417386));
#7940=CARTESIAN_POINT('',(0.172217514939515,-1.51816100008731,0.616166226377244));
#7941=CARTESIAN_POINT('',(0.185242731766995,-1.50470551504161,0.615696292467551));
#7942=CARTESIAN_POINT('',(0.188435003000102,-1.50122075287307,0.615598963099205));
#7943=CARTESIAN_POINT('',(0.191516462850172,-1.49766699061335,0.615449729484148));
#7944=CARTESIAN_POINT('',(-0.198993325383339,-1.50519791217433,0.605002051586009));
#7945=CARTESIAN_POINT('',(-0.195755966570082,-1.50894510979101,0.605158424505222));
#7946=CARTESIAN_POINT('',(-0.192405382377175,-1.51261973614551,0.605258741146247));
#7947=CARTESIAN_POINT('',(-0.178748157709688,-1.5268073958893,0.605747377759575));
#7948=CARTESIAN_POINT('',(-0.167798552581634,-1.53645949171119,0.6060767550361));
#7949=CARTESIAN_POINT('',(-0.140922287497412,-1.55657619994071,0.606759020042172));
#7950=CARTESIAN_POINT('',(-0.124553678163055,-1.566238700297,0.607083147114223));
#7951=CARTESIAN_POINT('',(-0.0904623989287107,-1.58175169693846,0.607600503262973));
#7952=CARTESIAN_POINT('',(-0.0727398588845427,-1.58760212095923,0.607793732339671));
#7953=CARTESIAN_POINT('',(-0.0366163756554233,-1.59540199473232,0.60804987179377));
#7954=CARTESIAN_POINT('',(-0.0182155660019293,-1.59735140807969,0.608112782171171));
#7955=CARTESIAN_POINT('',(0.0185847760168312,-1.59731964942005,0.608108863522732));
#7956=CARTESIAN_POINT('',(0.0369841736234036,-1.59533847753506,0.608042034496891));
#7957=CARTESIAN_POINT('',(0.0731020221241346,-1.58747584265879,0.607779216338024));
#7958=CARTESIAN_POINT('',(0.0908203395032684,-1.58159441631427,0.607583227204997));
#7959=CARTESIAN_POINT('',(0.124900402936965,-1.56602091991281,0.607062668127814));
#7960=CARTESIAN_POINT('',(0.141262019168274,-1.55632892235541,0.606738098183657));
#7961=CARTESIAN_POINT('',(0.168123680026082,-1.53616255343859,0.606058099455693));
#7962=CARTESIAN_POINT('',(0.179066265789375,-1.52648980465875,0.605730671003308));
#7963=CARTESIAN_POINT('',(0.192713142493096,-1.51227564754496,0.605246262092324));
#7964=CARTESIAN_POINT('',(0.196060892524747,-1.50859464520954,0.605146458584404));
#7965=CARTESIAN_POINT('',(0.199295664994431,-1.50484084042989,0.604992102752298));
#7966=CARTESIAN_POINT('',(-0.20471533982046,-1.51049294270009,0.59609352102552));
#7967=CARTESIAN_POINT('',(-0.201360273743204,-1.51439595351554,0.596251685492425));
#7968=CARTESIAN_POINT('',(-0.197890877420964,-1.51822330856816,0.596351948649843));
#7969=CARTESIAN_POINT('',(-0.183760188644137,-1.53300167734864,0.596843896359814));
#7970=CARTESIAN_POINT('',(-0.172454838741901,-1.54305696837993,0.59717550938093));
#7971=CARTESIAN_POINT('',(-0.144746810717371,-1.56401575033427,0.597862412799986));
#7972=CARTESIAN_POINT('',(-0.127901645524891,-1.57408419500761,0.598188749765634));
#7973=CARTESIAN_POINT('',(-0.0928551642899807,-1.59024998579014,0.598709643139667));
#7974=CARTESIAN_POINT('',(-0.0746539857419462,-1.59634725538407,0.598904199548052));
#7975=CARTESIAN_POINT('',(-0.0375720546026468,-1.60447649564839,0.599162109797927));
#7976=CARTESIAN_POINT('',(-0.018691443397631,-1.60650842777237,0.599225463639416));
#7977=CARTESIAN_POINT('',(0.0190685165974416,-1.6064756435612,0.599221546745864));
#7978=CARTESIAN_POINT('',(0.0379477227018222,-1.60441092735525,0.599154276010823));
#7979=CARTESIAN_POINT('',(0.0750240476896023,-1.59621692612591,0.598889687954573));
#7980=CARTESIAN_POINT('',(0.0932210252041519,-1.59008767990496,0.598692370633366));
#7981=CARTESIAN_POINT('',(0.128256350948396,-1.57385954279452,0.598168267395151));
#7982=CARTESIAN_POINT('',(0.145094561718175,-1.56376072866926,0.597841481478143));
#7983=CARTESIAN_POINT('',(0.172788071526784,-1.54275089258792,0.597156826843623));
#7984=CARTESIAN_POINT('',(0.184086444825398,-1.53267439418235,0.59682715294605));
#7985=CARTESIAN_POINT('',(0.198206851993521,-1.51786885948474,0.596339416332038));
#7986=CARTESIAN_POINT('',(0.201673425754691,-1.51403497286358,0.596239638065332));
#7987=CARTESIAN_POINT('',(0.205025929441139,-1.51012519424761,0.596083509686269));
#7988=CARTESIAN_POINT('',(-0.215216211927006,-1.52021022652773,0.577237323322443));
#7989=CARTESIAN_POINT('',(-0.211635508123387,-1.52441363326018,0.577394213459724));
#7990=CARTESIAN_POINT('',(-0.20793957819974,-1.52853506619102,0.57749036856442));
#7991=CARTESIAN_POINT('',(-0.192908911624399,-1.54445169727402,0.577972074677662));
#7992=CARTESIAN_POINT('',(-0.180934938865808,-1.55528411670901,0.57829679072591));
#7993=CARTESIAN_POINT('',(-0.151677709370156,-1.5778661906005,0.578969419993322));
#7994=CARTESIAN_POINT('',(-0.133955656734912,-1.58871740549626,0.579288986041877));
#7995=CARTESIAN_POINT('',(-0.0971657601608028,-1.60614212488848,0.57979908656713));
#7996=CARTESIAN_POINT('',(-0.0780980687547822,-1.61271554450082,0.579989621043828));
#7997=CARTESIAN_POINT('',(-0.0392880431153567,-1.62148017174123,0.580242213919158));
#7998=CARTESIAN_POINT('',(-0.0195458657323218,-1.62367133660688,0.58030427231779));
#7999=CARTESIAN_POINT('',(0.0199372578340461,-1.62363667790166,0.580300468530776));
#8000=CARTESIAN_POINT('',(0.0396780457254571,-1.62141085447413,0.580234606345131));
#8001=CARTESIAN_POINT('',(0.078482529208113,-1.61257780947376,0.579975516883354));
#8002=CARTESIAN_POINT('',(0.0975460679682904,-1.6059706309474,0.579782289607223));
#8003=CARTESIAN_POINT('',(0.134324943255087,-1.58848018416587,0.579269025458264));
#8004=CARTESIAN_POINT('',(0.152040127287112,-1.57759700107099,0.578948988585436));
#8005=CARTESIAN_POINT('',(0.181283028201854,-1.5549613142812,0.578278451717944));
#8006=CARTESIAN_POINT('',(0.193250118331264,-1.54410666773271,0.577955569808291));
#8007=CARTESIAN_POINT('',(0.208270648435637,-1.5281616380038,0.577477871539459));
#8008=CARTESIAN_POINT('',(0.211963784467575,-1.52403338499495,0.577382107014422));
#8009=CARTESIAN_POINT('',(0.21554197481919,-1.5198229150173,0.577227229480848));
#8010=CARTESIAN_POINT('',(-0.219995069596432,-1.5246324798296,0.567289656179854));
#8011=CARTESIAN_POINT('',(-0.216306399998939,-1.52898047626452,0.567443495372557));
#8012=CARTESIAN_POINT('',(-0.212502716553056,-1.53324326514059,0.56753561037799));
#8013=CARTESIAN_POINT('',(-0.197045420396818,-1.54970747567376,0.568003819824308));
#8014=CARTESIAN_POINT('',(-0.184758510332346,-1.56091384597007,0.568319441005783));
#8015=CARTESIAN_POINT('',(-0.154783755879773,-1.58427717470248,0.568973236276605));
#8016=CARTESIAN_POINT('',(-0.136661361711674,-1.59550523293365,0.569283858981745));
#8017=CARTESIAN_POINT('',(-0.0990832846519156,-1.61353611466354,0.56977968946484));
#8018=CARTESIAN_POINT('',(-0.0796277616929734,-1.62033884916013,0.569964897242795));
#8019=CARTESIAN_POINT('',(-0.0400482016885556,-1.62940951078263,0.570210432129282));
#8020=CARTESIAN_POINT('',(-0.0199243291027795,-1.63167739307156,0.570270759237814));
#8021=CARTESIAN_POINT('',(0.0203222007153539,-1.63164188536956,0.570267067043218));
#8022=CARTESIAN_POINT('',(0.0404446919765256,-1.62933849552891,0.570203047740089));
#8023=CARTESIAN_POINT('',(0.080018743259234,-1.6201977591252,0.569951196979933));
#8024=CARTESIAN_POINT('',(0.0994701388413102,-1.61336045769691,0.569763365522905));
#8025=CARTESIAN_POINT('',(0.137037264541486,-1.59526231405707,0.569264424712713));
#8026=CARTESIAN_POINT('',(0.155152834766976,-1.5840015611372,0.568953315359548));
#8027=CARTESIAN_POINT('',(0.185113359058253,-1.5605834542402,0.56830147330793));
#8028=CARTESIAN_POINT('',(0.19739343519734,-1.54935439155264,0.567987590780372));
#8029=CARTESIAN_POINT('',(0.212840669947497,-1.53286121828069,0.567523202139234));
#8030=CARTESIAN_POINT('',(0.216641575610415,-1.52859147642936,0.567431411535703));
#8031=CARTESIAN_POINT('',(0.220327755750535,-1.5242362819693,0.567279542341454));
#8032=CARTESIAN_POINT('',(-0.225405216554799,-1.52963891481997,0.554234310484044));
#8033=CARTESIAN_POINT('',(-0.221588131084833,-1.5341584638211,0.554381886673963));
#8034=CARTESIAN_POINT('',(-0.217657092277303,-1.5385886444725,0.554467138611188));
#8035=CARTESIAN_POINT('',(-0.201696976938386,-1.55570200077314,0.554910362811469));
#8036=CARTESIAN_POINT('',(-0.189045726504739,-1.56735179417158,0.555209144575037));
#8037=CARTESIAN_POINT('',(-0.1582441214537,-1.5916416667616,0.555828062702906));
#8038=CARTESIAN_POINT('',(-0.139667006784628,-1.6033167748869,0.556122119293721));
#8039=CARTESIAN_POINT('',(-0.101202699715243,-1.62206684477793,0.556591509613362));
#8040=CARTESIAN_POINT('',(-0.0813156761991059,-1.6291417125601,0.556766843342188));
#8041=CARTESIAN_POINT('',(-0.040884573338078,-1.63857558942308,0.556999286897511));
#8042=CARTESIAN_POINT('',(-0.0203406676577211,-1.64093455115739,0.557056396724009));
#8043=CARTESIAN_POINT('',(0.0207459455052744,-1.64089810316244,0.557052891434334));
#8044=CARTESIAN_POINT('',(0.041288477727295,-1.63850269359188,0.556992276318162));
#8045=CARTESIAN_POINT('',(0.0817141042594866,-1.62899690019528,0.55675382010281));
#8046=CARTESIAN_POINT('',(0.101597024926496,-1.62188656403023,0.55657597900363));
#8047=CARTESIAN_POINT('',(0.140050449120767,-1.60306750647374,0.55610356978192));
#8048=CARTESIAN_POINT('',(0.158620783806206,-1.59135887937168,0.555809001659391));
#8049=CARTESIAN_POINT('',(0.189408256613426,-1.56701288628251,0.555191807889237));
#8050=CARTESIAN_POINT('',(0.202052721845836,-1.55533985743006,0.554894607130544));
#8051=CARTESIAN_POINT('',(0.218002851483945,-1.53819686729589,0.554454894260808));
#8052=CARTESIAN_POINT('',(0.221931129755287,-1.53375957283788,0.554369870465631));
#8053=CARTESIAN_POINT('',(0.22574574910639,-1.52923266462154,0.554224180426193));
#8054=CARTESIAN_POINT('',(-0.226456505174362,-1.530611754961,0.551598000026571));
#8055=CARTESIAN_POINT('',(-0.222614100120366,-1.53516509258162,0.551744212472713));
#8056=CARTESIAN_POINT('',(-0.218657995256451,-1.53962822566746,0.551828012282707));
#8057=CARTESIAN_POINT('',(-0.202598998476993,-1.55686940926793,0.552265877449832));
#8058=CARTESIAN_POINT('',(-0.189876354851645,-1.56860652709939,0.552561048795555));
#8059=CARTESIAN_POINT('',(-0.158913219788774,-1.59307887550661,0.553172492283201));
#8060=CARTESIAN_POINT('',(-0.140247659099387,-1.60484203450623,0.553463001207664));
#8061=CARTESIAN_POINT('',(-0.101611507985955,-1.62373376027287,0.553926734507093));
#8062=CARTESIAN_POINT('',(-0.0816410882214585,-1.63086223206835,0.554099958882058));
#8063=CARTESIAN_POINT('',(-0.0410456877008078,-1.64036765353609,0.55432961324137));
#8064=CARTESIAN_POINT('',(-0.0204208824348127,-1.64274455536413,0.554386043225717));
#8065=CARTESIAN_POINT('',(0.0208275332198418,-1.64270791813636,0.554382598962674));
#8066=CARTESIAN_POINT('',(0.0414509665054793,-1.64029437924091,0.554322724715284));
#8067=CARTESIAN_POINT('',(0.0820408967932221,-1.63071667079402,0.554087162147649));
#8068=CARTESIAN_POINT('',(0.102007218326765,-1.6235525494046,0.553911473827404));
#8069=CARTESIAN_POINT('',(0.14063249949052,-1.60459148948743,0.553444773272941));
#8070=CARTESIAN_POINT('',(0.159291288503981,-1.59279464624026,0.553153761038722));
#8071=CARTESIAN_POINT('',(0.190240309880606,-1.56826590881209,0.552544010093133));
#8072=CARTESIAN_POINT('',(0.202956177552384,-1.55650544710526,0.552250391265689));
#8073=CARTESIAN_POINT('',(0.219005203029677,-1.53923449606629,0.551815974694789));
#8074=CARTESIAN_POINT('',(0.222958550704635,-1.53476421710258,0.551732383528576));
#8075=CARTESIAN_POINT('',(0.226798494018433,-1.53020348833252,0.551588039038462));
#8076=CARTESIAN_POINT('',(-0.228490004097938,-1.53249351163826,0.546301613175385));
#8077=CARTESIAN_POINT('',(-0.224597702188691,-1.53711335087582,0.546444901612478));
#8078=CARTESIAN_POINT('',(-0.220592305250673,-1.54164130400137,0.546525665638382));
#8079=CARTESIAN_POINT('',(-0.204339076232986,-1.55913401462118,0.54695218755138));
#8080=CARTESIAN_POINT('',(-0.191476831284166,-1.57104297679634,0.547239715547526));
#8081=CARTESIAN_POINT('',(-0.160199072711569,-1.5958744371103,0.547835332213943));
#8082=CARTESIAN_POINT('',(-0.141362206222718,-1.60781089750061,0.548118326887129));
#8083=CARTESIAN_POINT('',(-0.102394561874271,-1.62698144429742,0.548570073603148));
#8084=CARTESIAN_POINT('',(-0.0822639581913991,-1.63421543377504,0.548738825645981));
#8085=CARTESIAN_POINT('',(-0.0413536913698655,-1.64386169562777,0.548962559886191));
#8086=CARTESIAN_POINT('',(-0.0205742073380955,-1.6462739191726,0.549017542083567));
#8087=CARTESIAN_POINT('',(0.0209835721762175,-1.64623692492724,0.549014209417758));
#8088=CARTESIAN_POINT('',(0.0417616869057659,-1.64378770730071,0.548955894554573));
#8089=CARTESIAN_POINT('',(0.082666494571484,-1.63406845801954,0.548726440552536));
#8090=CARTESIAN_POINT('',(0.102793008422804,-1.62679847551948,0.548555301413685));
#8091=CARTESIAN_POINT('',(0.141749806429048,-1.60755793468259,0.548100671645212));
#8092=CARTESIAN_POINT('',(0.160579916450927,-1.59558747359,0.547817181015589));
#8093=CARTESIAN_POINT('',(0.191843595477843,-1.57069910542745,0.54722317854611));
#8094=CARTESIAN_POINT('',(0.204699081528582,-1.55876658827219,0.546937140173163));
#8095=CARTESIAN_POINT('',(0.220942365895059,-1.5412438472093,0.546513934131948));
#8096=CARTESIAN_POINT('',(0.224945011972997,-1.5367086846412,0.546433338775772));
#8097=CARTESIAN_POINT('',(0.228834860135006,-1.5320813910301,0.546291879418985));
#8098=CARTESIAN_POINT('',(-0.229473792268472,-1.53340388829863,0.543637760767011));
#8099=CARTESIAN_POINT('',(-0.225556913088004,-1.53805644053363,0.543779488938833));
#8100=CARTESIAN_POINT('',(-0.221527287071611,-1.54261626124006,0.54385866936267));
#8101=CARTESIAN_POINT('',(-0.205178683536155,-1.5602326713903,0.544279207479333));
#8102=CARTESIAN_POINT('',(-0.192248186841217,-1.57222615312852,0.544562703324532));
#8103=CARTESIAN_POINT('',(-0.160817184798588,-1.59723424833661,0.54514997049475));
#8104=CARTESIAN_POINT('',(-0.141897336104354,-1.6092559582675,0.545429000774686));
#8105=CARTESIAN_POINT('',(-0.102769748741973,-1.62856366787689,0.545874423187534));
#8106=CARTESIAN_POINT('',(-0.0825621859923555,-1.63584956965723,0.546040815320446));
#8107=CARTESIAN_POINT('',(-0.0415009832508557,-1.64556512436272,0.546261425212599));
#8108=CARTESIAN_POINT('',(-0.0206475241569725,-1.64799472796929,0.546315642971839));
#8109=CARTESIAN_POINT('',(0.0210582084892928,-1.64795756281653,0.546312367890002));
#8110=CARTESIAN_POINT('',(0.0419102994811116,-1.64549079422251,0.546254875048923));
#8111=CARTESIAN_POINT('',(0.0829660480479595,-1.63570191622987,0.546028642539801));
#8112=CARTESIAN_POINT('',(0.103169524747252,-1.6283798564774,0.545859902871756));
#8113=CARTESIAN_POINT('',(0.142286276449467,-1.6090018347395,0.545411640482054));
#8114=CARTESIAN_POINT('',(0.161199375577976,-1.59694597097077,0.545132117760396));
#8115=CARTESIAN_POINT('',(0.192616313657916,-1.57188071521746,0.544546423627267));
#8116=CARTESIAN_POINT('',(0.205540059262596,-1.55986357512052,0.544264384558353));
#8117=CARTESIAN_POINT('',(0.221878730399157,-1.54221700474945,0.543847093172624));
#8118=CARTESIAN_POINT('',(0.225905608537114,-1.53764994305827,0.543768061052311));
#8119=CARTESIAN_POINT('',(0.229820037584638,-1.53298990515986,0.543628141279529));
#8120=CARTESIAN_POINT('',(-0.232330420713593,-1.53604735153765,0.535601197100171));
#8121=CARTESIAN_POINT('',(-0.228340945886503,-1.54079638158005,0.535737988341357));
#8122=CARTESIAN_POINT('',(-0.224239898423827,-1.54545012794215,0.53581226274202));
#8123=CARTESIAN_POINT('',(-0.207610411660913,-1.5634312567023,0.536214066299453));
#8124=CARTESIAN_POINT('',(-0.194479730530693,-1.57567395897417,0.536484937596781));
#8125=CARTESIAN_POINT('',(-0.162600862609498,-1.60120292083322,0.537046062017128));
#8126=CARTESIAN_POINT('',(-0.143439760610165,-1.6134760411672,0.537312678937895));
#8127=CARTESIAN_POINT('',(-0.103848952076828,-1.63318827762116,0.537738297564882));
#8128=CARTESIAN_POINT('',(-0.0834194266308211,-1.64062729296617,0.537897299271102));
#8129=CARTESIAN_POINT('',(-0.0419238569309685,-1.65054723171149,0.538108123464738));
#8130=CARTESIAN_POINT('',(-0.0208579988909135,-1.65302810434396,0.538159945952155));
#8131=CARTESIAN_POINT('',(0.0212725400651749,-1.65299044806936,0.538156847703927));
#8132=CARTESIAN_POINT('',(0.0423370330559981,-1.65047191933244,0.538101926968283));
#8133=CARTESIAN_POINT('',(0.0838271613283338,-1.64047769058456,0.537885778269679));
#8134=CARTESIAN_POINT('',(0.104252610418972,-1.63300204167863,0.537724550306718));
#8135=CARTESIAN_POINT('',(0.143832610922425,-1.61321857267478,0.537296223149224));
#8136=CARTESIAN_POINT('',(0.162986981292655,-1.60091085367972,0.53702912395469));
#8137=CARTESIAN_POINT('',(0.194851826154163,-1.57532399257533,0.536469444532905));
#8138=CARTESIAN_POINT('',(0.207975776789542,-1.56305732814774,0.536199928263492));
#8139=CARTESIAN_POINT('',(0.224595363698767,-1.54504565500493,0.535801157647973));
#8140=CARTESIAN_POINT('',(0.228693671437544,-1.54038457375731,0.535726969920836));
#8141=CARTESIAN_POINT('',(0.232680705548582,-1.53562796520352,0.535591921849023));
#8142=CARTESIAN_POINT('',(-0.234108608279728,-1.53769284851196,0.530183519001044));
#8143=CARTESIAN_POINT('',(-0.230072251244275,-1.5425039821794,0.530316677442041));
#8144=CARTESIAN_POINT('',(-0.225925277039647,-1.54721810952911,0.530387474204607));
#8145=CARTESIAN_POINT('',(-0.209115520630544,-1.56543387738585,0.530775743828784));
#8146=CARTESIAN_POINT('',(-0.195857475293131,-1.57783694247012,0.531037494633904));
#8147=CARTESIAN_POINT('',(-0.163695841513608,-1.60370109804514,0.531579731538439));
#8148=CARTESIAN_POINT('',(-0.14438415521024,-1.61613604101549,0.531837379313159));
#8149=CARTESIAN_POINT('',(-0.104506660753841,-1.63610867988995,0.53224868757941));
#8150=CARTESIAN_POINT('',(-0.0839410370605232,-1.64364627314277,0.532402348070941));
#8151=CARTESIAN_POINT('',(-0.0421804575777247,-1.65369780853384,0.53260609825765));
#8152=CARTESIAN_POINT('',(-0.0209856914691893,-1.65621169895901,0.532656187952828));
#8153=CARTESIAN_POINT('',(0.0214026684279152,-1.65617374404591,0.532653213033672));
#8154=CARTESIAN_POINT('',(0.0425960707922546,-1.65362189888098,0.532600148419336));
#8155=CARTESIAN_POINT('',(0.0843512144171512,-1.64349548344561,0.532391281367989));
#8156=CARTESIAN_POINT('',(0.104912766020107,-1.63592096523174,0.532235478930977));
#8157=CARTESIAN_POINT('',(0.144779464979037,-1.61587652528175,0.531821552721115));
#8158=CARTESIAN_POINT('',(0.164084427921559,-1.60340670653094,0.531563428948265));
#8159=CARTESIAN_POINT('',(0.19623205811543,-1.57748418507811,0.5310225456029));
#8160=CARTESIAN_POINT('',(0.209483382917547,-1.56505696375324,0.530762077716106));
#8161=CARTESIAN_POINT('',(0.226283255554117,-1.54681040229822,0.530376690018927));
#8162=CARTESIAN_POINT('',(0.230427494417342,-1.54208887842978,0.530305938134668));
#8163=CARTESIAN_POINT('',(0.234461415113345,-1.53727010571455,0.530174475128778));
#8164=CARTESIAN_POINT('',(-0.239094370531519,-1.54230656691613,0.513764779417866));
#8165=CARTESIAN_POINT('',(-0.234922093121727,-1.54729698470434,0.513886324098353));
#8166=CARTESIAN_POINT('',(-0.230642527086618,-1.55218514851535,0.513946402384166));
#8167=CARTESIAN_POINT('',(-0.213313093232804,-1.57107780944109,0.514292164233606));
#8168=CARTESIAN_POINT('',(-0.199690715545724,-1.58394356780738,0.514525267859107));
#8169=CARTESIAN_POINT('',(-0.166725810672943,-1.61077495391669,0.51500817716795));
#8170=CARTESIAN_POINT('',(-0.146990832027154,-1.62367693416791,0.515237649801073));
#8171=CARTESIAN_POINT('',(-0.106313857769396,-1.64440118671733,0.51560400080876));
#8172=CARTESIAN_POINT('',(-0.0853720564637431,-1.65222335088461,0.515740879183324));
#8173=CARTESIAN_POINT('',(-0.0428825162236013,-1.66265479898467,0.515922398502053));
#8174=CARTESIAN_POINT('',(-0.0213349770953741,-1.66526402844387,0.515967039446217));
#8175=CARTESIAN_POINT('',(0.0217589397367812,-1.66522525528134,0.515964440732305));
#8176=CARTESIAN_POINT('',(0.0433051157981044,-1.66257725284218,0.515917201074229));
#8177=CARTESIAN_POINT('',(0.0857892239100938,-1.65206930179738,0.515731197983997));
#8178=CARTESIAN_POINT('',(0.106726956179087,-1.64420940802711,0.51559243455184));
#8179=CARTESIAN_POINT('',(0.14739314646747,-1.62341177174305,0.515223740741605));
#8180=CARTESIAN_POINT('',(0.16712141022927,-1.61047413771201,0.514993810363527));
#8181=CARTESIAN_POINT('',(0.200072335481797,-1.58358305797669,0.514511973348848));
#8182=CARTESIAN_POINT('',(0.213688005853778,-1.57069258521188,0.514279931425507));
#8183=CARTESIAN_POINT('',(0.231007579393594,-1.55176840381775,0.513936588758146));
#8184=CARTESIAN_POINT('',(0.235284418137086,-1.54687266154796,0.513876432689921));
#8185=CARTESIAN_POINT('',(0.239454264397738,-1.54187442763068,0.513756431853125));
#8186=CARTESIAN_POINT('',(-0.241954132363947,-1.54495292972515,0.502598481825869));
#8187=CARTESIAN_POINT('',(-0.23769748598678,-1.55005362102019,0.50271132269637));
#8188=CARTESIAN_POINT('',(-0.233336389697447,-1.55504844983025,0.502763867328534));
#8189=CARTESIAN_POINT('',(-0.215688478377179,-1.57435678965937,0.503078721298942));
#8190=CARTESIAN_POINT('',(-0.201846771383824,-1.58750678655318,0.503290993619086));
#8191=CARTESIAN_POINT('',(-0.168406159202563,-1.6149324878168,0.503730758620687));
#8192=CARTESIAN_POINT('',(-0.148426844233414,-1.62812155163858,0.503939738942564));
#8193=CARTESIAN_POINT('',(-0.107297531634838,-1.6493079012144,0.504273387164911));
#8194=CARTESIAN_POINT('',(-0.0861477345180724,-1.65730507538372,0.504398055065382));
#8195=CARTESIAN_POINT('',(-0.0432602718048744,-1.66797020211894,0.504563393953011));
#8196=CARTESIAN_POINT('',(-0.0215228123967223,-1.67063809847134,0.504604064940169));
#8197=CARTESIAN_POINT('',(0.0219509487269115,-1.67059888348851,0.50460172550927));
#8198=CARTESIAN_POINT('',(0.0436870423591154,-1.66789177234169,0.504558715091213));
#8199=CARTESIAN_POINT('',(0.0865690627512589,-1.65714925715964,0.504389328357979));
#8200=CARTESIAN_POINT('',(0.107714783348293,-1.6491139097113,0.504262952042802));
#8201=CARTESIAN_POINT('',(0.148833294156136,-1.62785328496519,0.503927149023423));
#8202=CARTESIAN_POINT('',(0.16880588390457,-1.61462811961523,0.503717722319221));
#8203=CARTESIAN_POINT('',(0.20223249864363,-1.58714193505356,0.503278832566055));
#8204=CARTESIAN_POINT('',(0.216067490778951,-1.57396688338362,0.503067467772295));
#8205=CARTESIAN_POINT('',(0.233705533051533,-1.55462656550834,0.502754711203584));
#8206=CARTESIAN_POINT('',(0.238063902859586,-1.54962404070352,0.50270201055191));
#8207=CARTESIAN_POINT('',(0.242318113274856,-1.54451542105914,0.502590601173211));
#8208=CARTESIAN_POINT('',(-0.246876577857331,-1.54950805614703,0.479887217212153));
#8209=CARTESIAN_POINT('',(-0.242465391347595,-1.5548090136706,0.479981933715201));
#8210=CARTESIAN_POINT('',(-0.237956360330265,-1.55999657758477,0.48001999435624));
#8211=CARTESIAN_POINT('',(-0.21973122610574,-1.58005804325022,0.480272776768333));
#8212=CARTESIAN_POINT('',(-0.205497254283302,-1.59372315648917,0.480443211301309));
#8213=CARTESIAN_POINT('',(-0.171216517548731,-1.62222609529099,0.480796319532575));
#8214=CARTESIAN_POINT('',(-0.150814435566931,-1.63593566969,0.480964135782306));
#8215=CARTESIAN_POINT('',(-0.108915391231091,-1.65795996473134,0.481232084806037));
#8216=CARTESIAN_POINT('',(-0.08741864084758,-1.66627456741266,0.481332217580035));
#8217=CARTESIAN_POINT('',(-0.0438749941068024,-1.67736358174547,0.481465035941405));
#8218=CARTESIAN_POINT('',(-0.0218283157200039,-1.68013793397124,0.481497721528777));
#8219=CARTESIAN_POINT('',(0.0222638856661822,-1.68009800513981,0.481495881806));
#8220=CARTESIAN_POINT('',(0.0443091886918189,-1.67728372428179,0.481461356495851));
#8221=CARTESIAN_POINT('',(0.0878473559582732,-1.66611587367793,0.48132533126714));
#8222=CARTESIAN_POINT('',(0.109340002255447,-1.6577623637525,0.481223831348578));
#8223=CARTESIAN_POINT('',(0.151228175228382,-1.63566228469097,0.480954093192147));
#8224=CARTESIAN_POINT('',(0.171623489986772,-1.62191583389969,0.480785854954279));
#8225=CARTESIAN_POINT('',(0.205890148246129,-1.59335100069074,0.480433248761583));
#8226=CARTESIAN_POINT('',(0.220117368079239,-1.57966021023793,0.480263428125862));
#8227=CARTESIAN_POINT('',(0.238332582752838,-1.55956590623243,0.480012128806554));
#8228=CARTESIAN_POINT('',(0.24283888446634,-1.55437041901646,0.479973780775726));
#8229=CARTESIAN_POINT('',(0.247247612398755,-1.5490613225192,0.479880263041656));
#8230=CARTESIAN_POINT('',(-0.248938945156809,-1.55141652700569,0.468342099895991));
#8231=CARTESIAN_POINT('',(-0.24445755838961,-1.55680751832437,0.468427411328208));
#8232=CARTESIAN_POINT('',(-0.239882097168157,-1.56208119212697,0.468458536624457));
#8233=CARTESIAN_POINT('',(-0.221398127189612,-1.58248025870134,0.468680213355958));
#8234=CARTESIAN_POINT('',(-0.206991180468832,-1.59637635363546,0.468829680469024));
#8235=CARTESIAN_POINT('',(-0.172345987520503,-1.6253624301647,0.469139357087569));
#8236=CARTESIAN_POINT('',(-0.151765492891789,-1.63930553402392,0.46928653993351));
#8237=CARTESIAN_POINT('',(-0.109549144904044,-1.66170584129235,0.469521553692244));
#8238=CARTESIAN_POINT('',(-0.0879135087670618,-1.67016292381809,0.469609384605036));
#8239=CARTESIAN_POINT('',(-0.0441117705749755,-1.6814422287437,0.469725893007918));
#8240=CARTESIAN_POINT('',(-0.0219458918905082,-1.68426439024557,0.469754570498009));
#8241=CARTESIAN_POINT('',(0.0223847089266486,-1.6842241890199,0.469752970565936));
#8242=CARTESIAN_POINT('',(0.0445492056357874,-1.68136182649646,0.469722693143772));
#8243=CARTESIAN_POINT('',(0.0883454384411929,-1.67000312240705,0.469603381897637));
#8244=CARTESIAN_POINT('',(0.109976951194312,-1.66150684214354,0.469514348073667));
#8245=CARTESIAN_POINT('',(0.152182378164353,-1.63903013335394,0.469277722534366));
#8246=CARTESIAN_POINT('',(0.172756075213702,-1.62504982610465,0.469130130819037));
#8247=CARTESIAN_POINT('',(0.207387129226775,-1.59600123436102,0.468820780858911));
#8248=CARTESIAN_POINT('',(0.221787295696257,-1.58207918055896,0.46867178872869));
#8249=CARTESIAN_POINT('',(0.240261306319344,-1.56164687369658,0.468451303618284));
#8250=CARTESIAN_POINT('',(0.24483403511171,-1.55636516703206,0.468419838091463));
#8251=CARTESIAN_POINT('',(0.249312946022927,-1.55096593856672,0.468335605379749));
#8252=CARTESIAN_POINT('',(-0.251082682491488,-1.55340029596523,0.453704416686492));
#8253=CARTESIAN_POINT('',(-0.246524020999752,-1.55888967402514,0.453778021459696));
#8254=CARTESIAN_POINT('',(-0.241876368135491,-1.56425658602808,0.453801443803581));
#8255=CARTESIAN_POINT('',(-0.223110572129754,-1.58502296958659,0.453986171053949));
#8256=CARTESIAN_POINT('',(-0.208517341008309,-1.59917044308101,0.45411072968104));
#8257=CARTESIAN_POINT('',(-0.173483942593546,-1.62868240846398,0.454368807551637));
#8258=CARTESIAN_POINT('',(-0.152717032932761,-1.64287978002686,0.454491473819826));
#8259=CARTESIAN_POINT('',(-0.110174771785953,-1.6656895479364,0.454687349129407));
#8260=CARTESIAN_POINT('',(-0.0883996433404278,-1.67430182016165,0.454760558170799));
#8261=CARTESIAN_POINT('',(-0.0443422898147736,-1.68578841226916,0.454857675401435));
#8262=CARTESIAN_POINT('',(-0.0220602940884238,-1.68866266962224,0.454881583590679));
#8263=CARTESIAN_POINT('',(0.0225025388918539,-1.68862221013385,0.454880255491668));
#8264=CARTESIAN_POINT('',(0.0447831446841,-1.68570749350195,0.454855019203414));
#8265=CARTESIAN_POINT('',(0.0888349615910429,-1.67414095765986,0.454755558524055));
#8266=CARTESIAN_POINT('',(0.110605943380186,-1.66548920139415,0.454681334132951));
#8267=CARTESIAN_POINT('',(0.1531372234494,-1.64260240292932,0.454484053622543));
#8268=CARTESIAN_POINT('',(0.173897298744906,-1.62836748525546,0.454360997503239));
#8269=CARTESIAN_POINT('',(0.208916484616355,-1.59879233012808,0.4541030583601));
#8270=CARTESIAN_POINT('',(0.223502900981322,-1.58461858466529,0.453978823069854));
#8271=CARTESIAN_POINT('',(0.242258688800431,-1.56381850286055,0.453794966738982));
#8272=CARTESIAN_POINT('',(0.246903608506534,-1.55844342863584,0.45377116242637));
#8273=CARTESIAN_POINT('',(0.251459769782026,-1.55294570345067,0.45369848747592));
#8274=CARTESIAN_POINT('',(-0.251489846779358,-1.55377707714202,0.450764889867819));
#8275=CARTESIAN_POINT('',(-0.24691625412258,-1.55928542477505,0.450836155793196));
#8276=CARTESIAN_POINT('',(-0.242254704990333,-1.56467026445524,0.450858085892509));
#8277=CARTESIAN_POINT('',(-0.223434627813356,-1.58550737716569,0.451035520144768));
#8278=CARTESIAN_POINT('',(-0.208805633031056,-1.59970325887569,0.451155162605298));
#8279=CARTESIAN_POINT('',(-0.173697949756033,-1.62931650012839,0.451403056953701));
#8280=CARTESIAN_POINT('',(-0.152895577326018,-1.64356284283349,0.451520885043964));
#8281=CARTESIAN_POINT('',(-0.110291645843745,-1.66645147467728,0.451709037504378));
#8282=CARTESIAN_POINT('',(-0.0884903109583752,-1.67509363906771,0.451779361874529));
#8283=CARTESIAN_POINT('',(-0.0443851549101065,-1.68662015923135,0.451872654820832));
#8284=CARTESIAN_POINT('',(-0.0220815642592612,-1.68950445215959,0.451895623396983));
#8285=CARTESIAN_POINT('',(0.022524458162619,-1.68946394451437,0.451894352681397));
#8286=CARTESIAN_POINT('',(0.044826657303052,-1.68653914415155,0.45187011338966));
#8287=CARTESIAN_POINT('',(0.0889262705441243,-1.67493257813683,0.451774574864407));
#8288=CARTESIAN_POINT('',(0.110723454161077,-1.66625087574731,0.451703275630892));
#8289=CARTESIAN_POINT('',(0.153316392654208,-1.64328509375982,0.451513765148195));
#8290=CARTESIAN_POINT('',(0.174111923419713,-1.62900113931601,0.451395553899013));
#8291=CARTESIAN_POINT('',(0.20920537952816,-1.59932457801538,0.451147765634583));
#8292=CARTESIAN_POINT('',(0.223827552694062,-1.58510236352819,0.451028418263926));
#8293=CARTESIAN_POINT('',(0.242637611964402,-1.56423146312912,0.450851793507018));
#8294=CARTESIAN_POINT('',(0.24729642795155,-1.55883843572509,0.450829474375928));
#8295=CARTESIAN_POINT('',(0.251867515381937,-1.55332171960796,0.450759108551896));
#8296=CARTESIAN_POINT('',(-0.252259671674219,-1.55448945673536,0.444884841135886));
#8297=CARTESIAN_POINT('',(-0.247657305205491,-1.56003428968052,0.444951446290772));
#8298=CARTESIAN_POINT('',(-0.242969089027742,-1.5654535053728,0.444970503146656));
#8299=CARTESIAN_POINT('',(-0.224044774636582,-1.58642645843601,0.445133595551857));
#8300=CARTESIAN_POINT('',(-0.20934734563103,-1.60071531853158,0.445243570506438));
#8301=CARTESIAN_POINT('',(-0.174098033416975,-1.63052309117518,0.445471439830978));
#8302=CARTESIAN_POINT('',(-0.153228490713042,-1.64486350585784,0.445579754566663));
#8303=CARTESIAN_POINT('',(-0.110508452007673,-1.66790363881844,0.445752722632196));
#8304=CARTESIAN_POINT('',(-0.0886581823475848,-1.67660323113803,0.445817375962043));
#8305=CARTESIAN_POINT('',(-0.0444642401295554,-1.68820646214778,0.445903152423878));
#8306=CARTESIAN_POINT('',(-0.0221208003196756,-1.69111003738338,0.445924275555865));
#8307=CARTESIAN_POINT('',(0.0225649196197552,-1.6910694411455,0.445923122829962));
#8308=CARTESIAN_POINT('',(0.0449069648621465,-1.68812526988472,0.44590084697207));
#8309=CARTESIAN_POINT('',(0.0890953522700523,-1.6764418037968,0.445813027474387));
#8310=CARTESIAN_POINT('',(0.110941461716148,-1.6677025728457,0.445747483834596));
#8311=CARTESIAN_POINT('',(0.153650484325002,-1.6445850642667,0.445573259981092));
#8312=CARTESIAN_POINT('',(0.174513171203173,-1.63020691300696,0.445464579767381));
#8313=CARTESIAN_POINT('',(0.209748227873237,-1.60033556980908,0.445236759698185));
#8314=CARTESIAN_POINT('',(0.224438821948343,-1.58602025928432,0.445127027266502));
#8315=CARTESIAN_POINT('',(0.243353099563189,-1.56501334433627,0.444964627247608));
#8316=CARTESIAN_POINT('',(0.248038583072711,-1.55958589073815,0.444945169971509));
#8317=CARTESIAN_POINT('',(0.252638434136101,-1.55403264796033,0.444879405735727));
#8318=CARTESIAN_POINT('',(-0.252622664292602,-1.55482536238818,0.441942233295461));
#8319=CARTESIAN_POINT('',(-0.248006455176969,-1.56038771107235,0.442006516527683));
#8320=CARTESIAN_POINT('',(-0.243305467569578,-1.56582337510184,0.442024192359963));
#8321=CARTESIAN_POINT('',(-0.224331192081523,-1.58686143938401,0.442180235724437));
#8322=CARTESIAN_POINT('',(-0.209601083220823,-1.60119486968295,0.442285458987005));
#8323=CARTESIAN_POINT('',(-0.174284394973972,-1.63109589796248,0.442503485597337));
#8324=CARTESIAN_POINT('',(-0.153383118680432,-1.64548141357417,0.442607124166546));
#8325=CARTESIAN_POINT('',(-0.110608580483629,-1.66859418394215,0.442772628310781));
#8326=CARTESIAN_POINT('',(-0.0887355459697814,-1.67732131215686,0.442834493885806));
#8327=CARTESIAN_POINT('',(-0.0445005418498517,-1.68896132623766,0.442916575178028));
#8328=CARTESIAN_POINT('',(-0.0221388060695639,-1.69187414835535,0.442936790895224));
#8329=CARTESIAN_POINT('',(0.0225835054175527,-1.69183351198143,0.442935695608135));
#8330=CARTESIAN_POINT('',(0.0449438451495841,-1.6888800537035,0.44291438460385));
#8331=CARTESIAN_POINT('',(0.0891732886449483,-1.67715971799605,0.442830359010152));
#8332=CARTESIAN_POINT('',(0.111042158611263,-1.66839290473835,0.442767644420739));
#8333=CARTESIAN_POINT('',(0.153805669515724,-1.64520265331532,0.442600934793135));
#8334=CARTESIAN_POINT('',(0.174700083121482,-1.63077934210329,0.442496939754944));
#8335=CARTESIAN_POINT('',(0.21000250207019,-1.60081462329618,0.442278935789737));
#8336=CARTESIAN_POINT('',(0.224725769546319,-1.58645468579163,0.442173930024814));
#8337=CARTESIAN_POINT('',(0.243689999108391,-1.56538257490706,0.442018522978189));
#8338=CARTESIAN_POINT('',(0.248388254511365,-1.55993864829652,0.442000442350814));
#8339=CARTESIAN_POINT('',(0.253001943052862,-1.55436786978996,0.441936970576864));
#8340=CARTESIAN_POINT('',(-0.253648869863598,-1.55577499120927,0.433107011423015));
#8341=CARTESIAN_POINT('',(-0.248992827022059,-1.56138764893353,0.433164372210804));
#8342=CARTESIAN_POINT('',(-0.244255263707656,-1.56687037982654,0.433178093626098));
#8343=CARTESIAN_POINT('',(-0.225137737476048,-1.5880951265739,0.433313431267988));
#8344=CARTESIAN_POINT('',(-0.210314221851813,-1.60255635570162,0.433404696694103));
#8345=CARTESIAN_POINT('',(-0.174805585471566,-1.6327247950853,0.433593810305983));
#8346=CARTESIAN_POINT('',(-0.153814445180728,-1.64723964938269,0.433683712142061));
#8347=CARTESIAN_POINT('',(-0.110886448018797,-1.67056073539657,0.433827289531594));
#8348=CARTESIAN_POINT('',(-0.088949821558235,-1.67936683889025,0.433880965085049));
#8349=CARTESIAN_POINT('',(-0.0446007217951013,-1.69111235339762,0.433952189796703));
#8350=CARTESIAN_POINT('',(-0.0221884854249551,-1.69405169981594,0.433969738954902));
#8351=CARTESIAN_POINT('',(0.0226348261750392,-1.69401095450555,0.433968810763413));
#8352=CARTESIAN_POINT('',(0.0450456622949064,-1.69103086299336,0.433950333413725));
#8353=CARTESIAN_POINT('',(0.0893891849385167,-1.67920478958084,0.433877452093829));
#8354=CARTESIAN_POINT('',(0.111321634558992,-1.67035887270493,0.433823048123622));
#8355=CARTESIAN_POINT('',(0.154238572686986,-1.64696000997079,0.433678413450055));
#8356=CARTESIAN_POINT('',(0.175222830841754,-1.6324071927526,0.433588182746696));
#8357=CARTESIAN_POINT('',(0.210717158973683,-1.60217471849405,0.433399018025758));
#8358=CARTESIAN_POINT('',(0.225533814945015,-1.58768681802659,0.433307899255694));
#8359=CARTESIAN_POINT('',(0.244641269373979,-1.56642777799609,0.433173038088428));
#8360=CARTESIAN_POINT('',(0.249376102751019,-1.56093671183442,0.433158903021416));
#8361=CARTESIAN_POINT('',(0.25402960945037,-1.55531556651521,0.433102265916703));
#8362=CARTESIAN_POINT('',(-0.254249374761724,-1.5563306856769,0.427207006609944));
#8363=CARTESIAN_POINT('',(-0.249569035056002,-1.56197389852534,0.427259810199523));
#8364=CARTESIAN_POINT('',(-0.244809405920615,-1.56748496979643,0.427271146875257));
#8365=CARTESIAN_POINT('',(-0.225605221616685,-1.58882263659735,0.427393269234884));
#8366=CARTESIAN_POINT('',(-0.210725610097283,-1.60336118256722,0.427475625756132));
#8367=CARTESIAN_POINT('',(-0.175102575430829,-1.63369142160901,0.427646284227898));
#8368=CARTESIAN_POINT('',(-0.154058636482934,-1.64828454955636,0.427727417263589));
#8369=CARTESIAN_POINT('',(-0.11104170730634,-1.67173171721977,0.427856996828826));
#8370=CARTESIAN_POINT('',(-0.0890689493381391,-1.6805856276835,0.427905443358373));
#8371=CARTESIAN_POINT('',(-0.0446558908335221,-1.69239501074393,0.427969735587243));
#8372=CARTESIAN_POINT('',(-0.0222158291318636,-1.69535041822665,0.427985581286567));
#8373=CARTESIAN_POINT('',(0.0226631325699978,-1.69530961557056,0.427984757530913));
#8374=CARTESIAN_POINT('',(0.0451017915404039,-1.69231340565,0.427968088075937));
#8375=CARTESIAN_POINT('',(0.0895092631933495,-1.68042333528955,0.427902319687602));
#8376=CARTESIAN_POINT('',(0.111477837070523,-1.67152954039614,0.427853220754245));
#8377=CARTESIAN_POINT('',(0.154483688513286,-1.64800442640322,0.427722679085074));
#8378=CARTESIAN_POINT('',(0.175520733876623,-1.63337323697658,0.427641236349259));
#8379=CARTESIAN_POINT('',(0.211129437411014,-1.60297875424564,0.427470485700864));
#8380=CARTESIAN_POINT('',(0.22600217855735,-1.58841343576962,0.427388234253463));
#8381=CARTESIAN_POINT('',(0.245196275903994,-1.56704132119228,0.427266492955831));
#8382=CARTESIAN_POINT('',(0.249953177780885,-1.56152186797788,0.427254742414649));
#8383=CARTESIAN_POINT('',(0.254630970883507,-1.55587013194837,0.427202604801083));
#8384=CARTESIAN_POINT('',(-0.255821336090047,-1.55778534527454,0.409479936975323));
#8385=CARTESIAN_POINT('',(-0.251075374151909,-1.56351081138169,0.409519385751026));
#8386=CARTESIAN_POINT('',(-0.246256924917515,-1.56909731806721,0.409524497699338));
#8387=CARTESIAN_POINT('',(-0.226820612488987,-1.59073734574471,0.409609345820398));
#8388=CARTESIAN_POINT('',(-0.211791478524961,-1.60548295668074,0.409666573039493));
#8389=CARTESIAN_POINT('',(-0.175865112266548,-1.63624656672168,0.40978517267731));
#8390=CARTESIAN_POINT('',(-0.154682566096371,-1.65104938803232,0.409841568249341));
#8391=CARTESIAN_POINT('',(-0.111434459207978,-1.67483435782341,0.409931655827864));
#8392=CARTESIAN_POINT('',(-0.0893691357630772,-1.68381637426191,0.409965347834355));
#8393=CARTESIAN_POINT('',(-0.0447938872735215,-1.69579691457913,0.410010076015421));
#8394=CARTESIAN_POINT('',(-0.0222842062183311,-1.69879537193852,0.410021112189995));
#8395=CARTESIAN_POINT('',(0.0227339936866456,-1.69875443568542,0.410020576440845));
#8396=CARTESIAN_POINT('',(0.0452422663045533,-1.6957150422959,0.410009004517121));
#8397=CARTESIAN_POINT('',(0.0898119056378849,-1.68365350551167,0.409963300304995));
#8398=CARTESIAN_POINT('',(0.11187302839387,-1.67463142907812,0.409929168016594));
#8399=CARTESIAN_POINT('',(0.155110015010612,-1.65076807758957,0.409838390808734));
#8400=CARTESIAN_POINT('',(0.176285641657555,-1.63592693500615,0.409781745889275));
#8401=CARTESIAN_POINT('',(0.212197625450719,-1.60509851546805,0.409662960494966));
#8402=CARTESIAN_POINT('',(0.22721986514018,-1.59032585381774,0.409605734216428));
#8403=CARTESIAN_POINT('',(0.246646057171569,-1.56865094748958,0.409521021600254));
#8404=CARTESIAN_POINT('',(0.251461792282557,-1.56305592492456,0.409515514697396));
#8405=CARTESIAN_POINT('',(0.256205177398749,-1.55732183880868,0.409476562937222));
#8406=CARTESIAN_POINT('',(-0.256563981891721,-1.55847257391279,0.397625904497524));
#8407=CARTESIAN_POINT('',(-0.25178387026438,-1.5642404680268,0.397656800976564));
#8408=CARTESIAN_POINT('',(-0.246935958676772,-1.56986462157279,0.397658933225185));
#8409=CARTESIAN_POINT('',(-0.227381707688634,-1.5916582231983,0.397721826210963));
#8410=CARTESIAN_POINT('',(-0.212277737569109,-1.60650905602935,0.397764249911348));
#8411=CARTESIAN_POINT('',(-0.176202007344357,-1.63749295462704,0.397852178427347));
#8412=CARTESIAN_POINT('',(-0.154953360293806,-1.65240242284087,0.397893996536887));
#8413=CARTESIAN_POINT('',(-0.111598579746736,-1.67635923780347,0.397960807631352));
#8414=CARTESIAN_POINT('',(-0.0894926861492918,-1.68540645104907,0.397985800616278));
#8415=CARTESIAN_POINT('',(-0.0448490200762786,-1.69747411515914,0.398018989850398));
#8416=CARTESIAN_POINT('',(-0.0223114942902585,-1.70049449876813,0.398027186099592));
#8417=CARTESIAN_POINT('',(0.0227623963876778,-1.70045352428254,0.398026810251128));
#8418=CARTESIAN_POINT('',(0.0452985123228151,-1.69739216641337,0.39801823815347));
#8419=CARTESIAN_POINT('',(0.0899365638573595,-1.68524340034887,0.397984354000181));
#8420=CARTESIAN_POINT('',(0.112038252797576,-1.67615605985572,0.397959041944551));
#8421=CARTESIAN_POINT('',(0.155381903393463,-1.65212067049322,0.397891706264198));
#8422=CARTESIAN_POINT('',(0.17662362521022,-1.63717275556145,0.397849682639477));
#8423=CARTESIAN_POINT('',(0.212684962621277,-1.60612375123497,0.397761543513528));
#8424=CARTESIAN_POINT('',(0.227782033921383,-1.59124571608601,0.397719077457973));
#8425=CARTESIAN_POINT('',(0.247326158810502,-1.56941699238505,0.397656207842359));
#8426=CARTESIAN_POINT('',(0.25217137197389,-1.56378424188616,0.397653718576458));
#8427=CARTESIAN_POINT('',(0.256948888334381,-1.55800767656687,0.397623211204289));
#8428=CARTESIAN_POINT('',(-0.25753079298631,-1.55936724034798,0.373856731348561));
#8429=CARTESIAN_POINT('',(-0.252704587470176,-1.56519221726213,0.373871451037866));
#8430=CARTESIAN_POINT('',(-0.247819904698463,-1.57086336222275,0.373870374576899));
#8431=CARTESIAN_POINT('',(-0.228112032799935,-1.59285663620762,0.373896357358503));
#8432=CARTESIAN_POINT('',(-0.212910605391248,-1.60784437965098,0.37391388901374));
#8433=CARTESIAN_POINT('',(-0.176640396293582,-1.63911504736746,0.373950235251587));
#8434=CARTESIAN_POINT('',(-0.155305713782813,-1.65416346409067,0.373967529514965));
#8435=CARTESIAN_POINT('',(-0.111812131238307,-1.67834426095988,0.373995171494462));
#8436=CARTESIAN_POINT('',(-0.0896534746842301,-1.68747650561014,0.374005519210582));
#8437=CARTESIAN_POINT('',(-0.0449208568488388,-1.6996578272006,0.374019271579096));
#8438=CARTESIAN_POINT('',(-0.0223471459390072,-1.70270683588154,0.37402267623149));
#8439=CARTESIAN_POINT('',(0.0227991246793548,-1.70266585273437,0.37402254595608));
#8440=CARTESIAN_POINT('',(0.0453714317153337,-1.69957586113506,0.374019011028278));
#8441=CARTESIAN_POINT('',(0.0900984592914971,-1.68731336712975,0.374005005076005));
#8442=CARTESIAN_POINT('',(0.11225292949101,-1.67814093343639,0.373994534051535));
#8443=CARTESIAN_POINT('',(0.155735432122303,-1.65388133209366,0.37396665938946));
#8444=CARTESIAN_POINT('',(0.177063221135484,-1.63879430038089,0.373949255751855));
#8445=CARTESIAN_POINT('',(0.213319106306937,-1.60745809226763,0.373912736397639));
#8446=CARTESIAN_POINT('',(0.228513668716505,-1.5924429151675,0.373895136428129));
#8447=CARTESIAN_POINT('',(0.248211466024807,-1.57041413528646,0.373869072358259));
#8448=CARTESIAN_POINT('',(0.253093503946633,-1.56473425172199,0.373869925444112));
#8449=CARTESIAN_POINT('',(0.257917088002848,-1.55890053407144,0.373855390989573));
#8450=CARTESIAN_POINT('',(-0.257754705012735,-1.55957444377747,0.361941528731104));
#8451=CARTESIAN_POINT('',(-0.25291862118033,-1.56541158137582,0.36194567613186));
#8452=CARTESIAN_POINT('',(-0.2480285030959,-1.57108965554839,0.361941514811042));
#8453=CARTESIAN_POINT('',(-0.228291721447942,-1.59311968133366,0.361941486970917));
#8454=CARTESIAN_POINT('',(-0.213071129046066,-1.6081328117413,0.361941466090824));
#8455=CARTESIAN_POINT('',(-0.176760837475318,-1.63945690353084,0.361941417370605));
#8456=CARTESIAN_POINT('',(-0.155406786046298,-1.65453141632476,0.361941389530481));
#8457=CARTESIAN_POINT('',(-0.111879122112092,-1.67875443957929,0.361941333850231));
#8458=CARTESIAN_POINT('',(-0.0897057540413877,-1.6879028140128,0.361941306010107));
#8459=CARTESIAN_POINT('',(-0.0449460158831053,-1.70010575047382,0.361941250329857));
#8460=CARTESIAN_POINT('',(-0.0223598971488593,-1.70316024397438,0.361941222489733));
#8461=CARTESIAN_POINT('',(0.0228112105634899,-1.70311934329478,0.361941166809484));
#8462=CARTESIAN_POINT('',(0.0453959458781686,-1.70002394934429,0.361941138969359));
#8463=CARTESIAN_POINT('',(0.0901501756933301,-1.68773996146957,0.36194108328911));
#8464=CARTESIAN_POINT('',(0.112319418871413,-1.67855143652744,0.361941055448986));
#8465=CARTESIAN_POINT('',(0.155836167119151,-1.65424959794491,0.361940999768736));
#8466=CARTESIAN_POINT('',(0.177183427815622,-1.63913642077421,0.361940971928612));
#8467=CARTESIAN_POINT('',(0.213479611864465,-1.60774658664497,0.361940923208393));
#8468=CARTESIAN_POINT('',(0.228693443767134,-1.59270589890584,0.3619409023283));
#8469=CARTESIAN_POINT('',(0.248420306012954,-1.57064014037182,0.361940874488175));
#8470=CARTESIAN_POINT('',(0.253307842433477,-1.56495324308115,0.361944913158532));
#8471=CARTESIAN_POINT('',(0.258141323185109,-1.55910731999772,0.361940860568113));
#8472=CARTESIAN_POINT('',(-0.257754705012735,-1.55957444377747,0.349999999999932));
#8473=CARTESIAN_POINT('',(-0.252916253379242,-1.56541443921983,0.349999999999932));
#8474=CARTESIAN_POINT('',(-0.248028503096332,-1.57108965554791,0.349999999999932));
#8475=CARTESIAN_POINT('',(-0.228291721446645,-1.5931196813351,0.349999999999932));
#8476=CARTESIAN_POINT('',(-0.213071129043769,-1.60813281174393,0.349999999999932));
#8477=CARTESIAN_POINT('',(-0.176760837471269,-1.63945690353571,0.349999999999932));
#8478=CARTESIAN_POINT('',(-0.155406786041688,-1.65453141633051,0.349999999999932));
#8479=CARTESIAN_POINT('',(-0.111879122106998,-1.67875443958616,0.349999999999932));
#8480=CARTESIAN_POINT('',(-0.0897057540363705,-1.6879028140199,0.349999999999932));
#8481=CARTESIAN_POINT('',(-0.0449460158786383,-1.70010575048092,0.349999999999932));
#8482=CARTESIAN_POINT('',(-0.0223598971448657,-1.70316024398124,0.349999999999932));
#8483=CARTESIAN_POINT('',(0.0228112105663819,-1.70311934330084,0.349999999999932));
#8484=CARTESIAN_POINT('',(0.0453959458804326,-1.7000239493498,0.349999999999932));
#8485=CARTESIAN_POINT('',(0.0901501756944249,-1.68773996147381,0.349999999999932));
#8486=CARTESIAN_POINT('',(0.112319418871967,-1.67855143653099,0.349999999999932));
#8487=CARTESIAN_POINT('',(0.155836167118952,-1.65424959794706,0.349999999999932));
#8488=CARTESIAN_POINT('',(0.17718342781521,-1.63913642077565,0.349999999999932));
#8489=CARTESIAN_POINT('',(0.213479611864181,-1.60774658664535,0.349999999999932));
#8490=CARTESIAN_POINT('',(0.228693443767783,-1.59270589890512,0.349999999999932));
#8491=CARTESIAN_POINT('',(0.248420306012738,-1.57064014037207,0.349999999999932));
#8492=CARTESIAN_POINT('',(0.25330550099399,-1.5649560750544,0.349999999999932));
#8493=CARTESIAN_POINT('',(0.258141323185109,-1.55910731999772,0.349999999999932));
#8494=CARTESIAN_POINT('',(1.02891049835898E-17,-1.32105371891734,0.7));
#8495=CARTESIAN_POINT('',(-0.0174245426225593,-1.33717802026223,0.7));
#8496=CARTESIAN_POINT('',(-0.0433426510781,-1.36116208687903,0.698237149674489));
#8497=CARTESIAN_POINT('',(-0.0773149029783453,-1.39259928663055,0.691185244879431));
#8498=CARTESIAN_POINT('',(-0.0982615973590769,-1.41198291234116,0.684463681232848));
#8499=CARTESIAN_POINT('',(-0.11480930754067,-1.42729581158423,0.677429497639431));
#8500=CARTESIAN_POINT('',(-0.125064060800656,-1.43678534226308,0.672260428201307));
#8501=CARTESIAN_POINT('',(-0.133186289149056,-1.44430147972036,0.667624876560866));
#8502=CARTESIAN_POINT('',(-0.141157516636597,-1.45167788419089,0.662697432340031));
#8503=CARTESIAN_POINT('',(-0.154757280548932,-1.46426281662165,0.653260924564266));
#8504=CARTESIAN_POINT('',(-0.169431855818376,-1.47784235663474,0.640550138378381));
#8505=CARTESIAN_POINT('',(-0.181457969555619,-1.48897106664496,0.627543394716989));
#8506=CARTESIAN_POINT('',(-0.188058586688151,-1.49507913742837,0.619572256891706));
#8507=CARTESIAN_POINT('',(-0.194392869020843,-1.50094074764956,0.611345784711181));
#8508=CARTESIAN_POINT('',(-0.201854659590536,-1.50784573002554,0.600547477817691));
#8509=CARTESIAN_POINT('',(-0.210083850055743,-1.51546084795201,0.586794788879627));
#8510=CARTESIAN_POINT('',(-0.217604595428891,-1.52242038584988,0.572265899707693));
#8511=CARTESIAN_POINT('',(-0.223300660849877,-1.52769140370772,0.559511331216));
#8512=CARTESIAN_POINT('',(-0.22750745287382,-1.53158427962181,0.548962562739279));
#8513=CARTESIAN_POINT('',(-0.231440658996405,-1.53522398495846,0.538311745156148));
#8514=CARTESIAN_POINT('',(-0.237665299683764,-1.54098413513175,0.519346404234476));
#8515=CARTESIAN_POINT('',(-0.244813115238518,-1.54759857170314,0.491436051121843));
#8516=CARTESIAN_POINT('',(-0.249972130153879,-1.5523726144393,0.462559689995052));
#8517=CARTESIAN_POINT('',(-0.253049347748969,-1.55522020618858,0.439001207769714));
#8518=CARTESIAN_POINT('',(-0.255449645882446,-1.55744139105754,0.415410338090495));
#8519=CARTESIAN_POINT('',(-0.257306876380623,-1.55916003268093,0.385770669313032));
#8520=CARTESIAN_POINT('',(-0.257754705012735,-1.55957444377747,0.361941528731104));
#8521=CARTESIAN_POINT('',(-0.257754705012735,-1.55957444377747,0.349999999999932));
#8522=CARTESIAN_POINT('',(-0.257754705012735,-1.55957444377747,0.35));
#8523=CARTESIAN_POINT('',(-0.262617291012555,-1.55370531823317,0.350000000000178));
#8524=CARTESIAN_POINT('',(-0.267123995875037,-1.54804301860342,0.350000000000179));
#8525=CARTESIAN_POINT('',(-0.275638755721653,-1.5370034128524,0.349999999999823));
#8526=CARTESIAN_POINT('',(-0.279645941222006,-1.53162575099913,0.350000000000179));
#8527=CARTESIAN_POINT('',(-0.287419506157159,-1.52089224816832,0.349999999999816));
#8528=CARTESIAN_POINT('',(-0.291171867072792,-1.51554414934157,0.35));
#8529=CARTESIAN_POINT('',(-0.298365197988944,-1.50501094885108,0.35));
#8530=CARTESIAN_POINT('',(-0.30180563216737,-1.49982618401391,0.350000000000185));
#8531=CARTESIAN_POINT('',(-0.311748211700579,-1.4844606765118,0.34999999999963));
#8532=CARTESIAN_POINT('',(-0.317876245098894,-1.47446580653678,0.35));
#8533=CARTESIAN_POINT('',(-0.329425495635736,-1.45478858208922,0.35));
#8534=CARTESIAN_POINT('',(-0.334843599584692,-1.44510819602025,0.349999999999625));
#8535=CARTESIAN_POINT('',(-0.345136725271318,-1.42595705371173,0.350000000000375));
#8536=CARTESIAN_POINT('',(-0.350010467439098,-1.41648710839452,0.35));
#8537=CARTESIAN_POINT('',(-0.35699296183622,-1.40238972527022,0.35));
#8538=CARTESIAN_POINT('',(-0.359262285996094,-1.39771492172284,0.350000000000188));
#8539=CARTESIAN_POINT('',(-0.363684595809446,-1.38843104025847,0.349999999999811));
#8540=CARTESIAN_POINT('',(-0.365839476548972,-1.38381812776734,0.350000000000188));
#8541=CARTESIAN_POINT('',(-0.372151191455393,-1.37005573069242,0.349999999999623));
#8542=CARTESIAN_POINT('',(-0.376155730165638,-1.3609821590065,0.350000000000375));
#8543=CARTESIAN_POINT('',(-0.387657781429829,-1.33399913031826,0.34999999999925));
#8544=CARTESIAN_POINT('',(-0.394648715382983,-1.31632400092171,0.349999999999253));
#8545=CARTESIAN_POINT('',(-0.407611243312734,-1.28137455512212,0.350000000000747));
#8546=CARTESIAN_POINT('',(-0.413579747261978,-1.26410234588535,0.349999999999254));
#8547=CARTESIAN_POINT('',(-0.424692157944776,-1.22982658670434,0.350000000000746));
#8548=CARTESIAN_POINT('',(-0.429834711526405,-1.21282396263946,0.350000000000746));
#8549=CARTESIAN_POINT('',(-0.439422827604119,-1.17899954329765,0.349999999999255));
#8550=CARTESIAN_POINT('',(-0.443867717452011,-1.16217821006251,0.350000000000746));
#8551=CARTESIAN_POINT('',(-0.452148147009436,-1.12865423271648,0.349999999999254));
#8552=CARTESIAN_POINT('',(-0.455983320597283,-1.11195184205718,0.349999999999252));
#8553=CARTESIAN_POINT('',(-0.463106396341824,-1.0786193742073,0.350000000000748));
#8554=CARTESIAN_POINT('',(-0.466394085602616,-1.06198944698062,0.35000000000075));
#8555=CARTESIAN_POINT('',(-0.470948695279157,-1.03707154935754,0.349999999999625));
#8556=CARTESIAN_POINT('',(-0.472403960053132,-1.02877014818758,0.350000000000375));
#8557=CARTESIAN_POINT('',(-0.475193018092237,-1.01217255919746,0.349999999999625));
#8558=CARTESIAN_POINT('',(-0.476527402616473,-1.00387241651556,0.350000000000376));
#8559=CARTESIAN_POINT('',(-0.48289676936325,-0.96242993483698,0.349999999998497));
#8560=CARTESIAN_POINT('',(-0.487027631327192,-0.929479915020778,0.350000000005999));
#8561=CARTESIAN_POINT('',(-0.493574292822778,-0.863770711867263,0.349999999994001));
#8562=CARTESIAN_POINT('',(-0.495988594740315,-0.831012909356958,0.349999999997));
#8563=CARTESIAN_POINT('',(-0.499201705692831,-0.765523327332766,0.350000000003));
#8564=CARTESIAN_POINT('',(-0.5,-0.732792484130677,0.349999999990978));
#8565=CARTESIAN_POINT('',(-0.5,-0.7,0.35));
#8566=CARTESIAN_POINT('',(-0.257754705012735,-1.55957444377747,0.7));
#8567=CARTESIAN_POINT('',(-0.262617291011432,-1.55370531823228,0.700000000000356));
#8568=CARTESIAN_POINT('',(-0.267123995874836,-1.5480430186032,0.700000000000357));
#8569=CARTESIAN_POINT('',(-0.275638755721855,-1.53700341285263,0.699999999999645));
#8570=CARTESIAN_POINT('',(-0.279645941222107,-1.53162575099927,0.700000000000357));
#8571=CARTESIAN_POINT('',(-0.287419506157055,-1.52089224816818,0.699999999999632));
#8572=CARTESIAN_POINT('',(-0.291171867072483,-1.51554414934136,0.699999999999815));
#8573=CARTESIAN_POINT('',(-0.298365197989252,-1.50501094885129,0.700000000000185));
#8574=CARTESIAN_POINT('',(-0.301805632166999,-1.49982618401367,0.700000000000186));
#8575=CARTESIAN_POINT('',(-0.311748211701324,-1.48446067651228,0.69999999999963));
#8576=CARTESIAN_POINT('',(-0.317876245098988,-1.47446580653684,0.7));
#8577=CARTESIAN_POINT('',(-0.32942549563564,-1.45478858208916,0.7));
#8578=CARTESIAN_POINT('',(-0.334843599584324,-1.44510819602006,0.699999999999249));
#8579=CARTESIAN_POINT('',(-0.345136725271685,-1.42595705371193,0.700000000000751));
#8580=CARTESIAN_POINT('',(-0.350010467438326,-1.41648710839414,0.7));
#8581=CARTESIAN_POINT('',(-0.356992961836607,-1.40238972527041,0.7));
#8582=CARTESIAN_POINT('',(-0.359262285996386,-1.39771492172293,0.700000000000189));
#8583=CARTESIAN_POINT('',(-0.363684595809154,-1.38843104025838,0.699999999999811));
#8584=CARTESIAN_POINT('',(-0.36583947654904,-1.38381812776741,0.700000000000188));
#8585=CARTESIAN_POINT('',(-0.372151191455256,-1.37005573069227,0.699999999999623));
#8586=CARTESIAN_POINT('',(-0.376155730165648,-1.36098215900635,0.700000000000375));
#8587=CARTESIAN_POINT('',(-0.387657781429809,-1.33399913031857,0.699999999999249));
#8588=CARTESIAN_POINT('',(-0.394648715381728,-1.31632400092153,0.699999999998506));
#8589=CARTESIAN_POINT('',(-0.407611243313989,-1.28137455512231,0.700000000001495));
#8590=CARTESIAN_POINT('',(-0.413579747261384,-1.26410234588528,0.699999999998508));
#8591=CARTESIAN_POINT('',(-0.424692157945371,-1.22982658670441,0.700000000001492));
#8592=CARTESIAN_POINT('',(-0.429834711527168,-1.21282396263946,0.700000000000746));
#8593=CARTESIAN_POINT('',(-0.439422827603356,-1.17899954329765,0.699999999999254));
#8594=CARTESIAN_POINT('',(-0.44386771745171,-1.16217821006244,0.700000000000747));
#8595=CARTESIAN_POINT('',(-0.452148147009737,-1.12865423271655,0.699999999999254));
#8596=CARTESIAN_POINT('',(-0.455983320596592,-1.11195184205696,0.699999999998504));
#8597=CARTESIAN_POINT('',(-0.463106396342515,-1.07861937420752,0.700000000001496));
#8598=CARTESIAN_POINT('',(-0.46639408560345,-1.06198944698057,0.70000000000075));
#8599=CARTESIAN_POINT('',(-0.47094869527874,-1.03707154935757,0.699999999999625));
#8600=CARTESIAN_POINT('',(-0.472403960053602,-1.02877014818837,0.700000000000376));
#8601=CARTESIAN_POINT('',(-0.475193018091767,-1.01217255919666,0.699999999999624));
#8602=CARTESIAN_POINT('',(-0.476527402616398,-1.00387241651555,0.700000000000752));
#8603=CARTESIAN_POINT('',(-0.48289676936355,-0.962429934837026,0.699999999996993));
#8604=CARTESIAN_POINT('',(-0.487027631330812,-0.929479915020839,0.700000000008998));
#8605=CARTESIAN_POINT('',(-0.493574292819158,-0.863770711867202,0.699999999991001));
#8606=CARTESIAN_POINT('',(-0.495988594737391,-0.831012909355389,0.6999999999955));
#8607=CARTESIAN_POINT('',(-0.499201705695756,-0.765523327334336,0.7000000000045));
#8608=CARTESIAN_POINT('',(-0.499999999991729,-0.732792484129499,0.699999999983459));
#8609=CARTESIAN_POINT('',(-0.5,-0.7,0.7));
#8610=CARTESIAN_POINT('',(0.0117619495695551,-1.33627918430524,0.7));
#8611=CARTESIAN_POINT('',(0.00971726174599062,-1.33381125272574,0.7));
#8612=CARTESIAN_POINT('',(0.0077191384545222,-1.33130487931857,0.7));
#8613=CARTESIAN_POINT('',(0.00380229078538119,-1.32622658529479,0.7));
#8614=CARTESIAN_POINT('',(0.00188364532001015,-1.32365459927882,0.7));
#8615=CARTESIAN_POINT('',(-0.00194860455034056,-1.31836314481965,0.7));
#8616=CARTESIAN_POINT('',(-0.00385971775686571,-1.31564161976667,0.7));
#8617=CARTESIAN_POINT('',(-0.00761476106550922,-1.31014310670304,0.7));
#8618=CARTESIAN_POINT('',(-0.00945866637915926,-1.3073660982202,0.7));
#8619=CARTESIAN_POINT('',(-0.0148985109033535,-1.29895922839896,0.7));
#8620=CARTESIAN_POINT('',(-0.0184029712811419,-1.2932538467687,0.7));
#8621=CARTESIAN_POINT('',(-0.0252020328703988,-1.28166983441166,0.7));
#8622=CARTESIAN_POINT('',(-0.0284964321173161,-1.27579103696276,0.7));
#8623=CARTESIAN_POINT('',(-0.0348985806254144,-1.26387935329465,0.7));
#8624=CARTESIAN_POINT('',(-0.0380062307638735,-1.25784638524366,0.7));
#8625=CARTESIAN_POINT('',(-0.0425404840412896,-1.24869190519931,0.7));
#8626=CARTESIAN_POINT('',(-0.0440286453468057,-1.24562684167107,0.7));
#8627=CARTESIAN_POINT('',(-0.0469532373359684,-1.239487162067,0.7));
#8628=CARTESIAN_POINT('',(-0.0483909056841006,-1.23641005215262,0.7));
#8629=CARTESIAN_POINT('',(-0.0526340404551899,-1.22715809663196,0.7));
#8630=CARTESIAN_POINT('',(-0.0553697663913431,-1.22096266354699,0.7));
#8631=CARTESIAN_POINT('',(-0.0633243326287622,-1.20230179306253,0.7));
#8632=CARTESIAN_POINT('',(-0.0682917597035338,-1.18976213818691,0.7));
#8633=CARTESIAN_POINT('',(-0.0776559930014733,-1.16451438050696,0.7));
#8634=CARTESIAN_POINT('',(-0.0820521995500648,-1.151806100661,0.7));
#8635=CARTESIAN_POINT('',(-0.0903406370822837,-1.12624076682257,0.7));
#8636=CARTESIAN_POINT('',(-0.0942325683275985,-1.11338362432841,0.7));
#8637=CARTESIAN_POINT('',(-0.101559926887725,-1.08753457884238,0.7));
#8638=CARTESIAN_POINT('',(-0.10499518834181,-1.07454262690114,0.7));
#8639=CARTESIAN_POINT('',(-0.111443969354114,-1.04843422430662,0.7));
#8640=CARTESIAN_POINT('',(-0.11445739037038,-1.03531774457247,0.7));
#8641=CARTESIAN_POINT('',(-0.120088293964954,-1.00896790361858,0.7));
#8642=CARTESIAN_POINT('',(-0.122705715068657,-0.995734524247932,0.7));
#8643=CARTESIAN_POINT('',(-0.12634925170828,-0.975801032817652,0.7));
#8644=CARTESIAN_POINT('',(-0.127516618042461,-0.969142618155312,0.7));
#8645=CARTESIAN_POINT('',(-0.129758960460224,-0.955798515122442,0.7));
#8646=CARTESIAN_POINT('',(-0.130834416110707,-0.949109627409027,0.7));
#8647=CARTESIAN_POINT('',(-0.135978121423841,-0.915641949755018,0.7));
#8648=CARTESIAN_POINT('',(-0.139346736599275,-0.888810588376311,0.7));
#8649=CARTESIAN_POINT('',(-0.144703739948711,-0.83504204975426,0.7));
#8650=CARTESIAN_POINT('',(-0.146691530670466,-0.808104826726059,0.7));
#8651=CARTESIAN_POINT('',(-0.14933976173432,-0.754128618637004,0.7));
#8652=CARTESIAN_POINT('',(-0.149999999999248,-0.727089564769304,0.7));
#8653=CARTESIAN_POINT('',(-0.15,-0.7,0.7));
#8654=MECHANICAL_DESIGN_GEOMETRIC_PRESENTATION_REPRESENTATION('',(#337),
#8655);
#8655=(
GEOMETRIC_REPRESENTATION_CONTEXT(3)
GLOBAL_UNCERTAINTY_ASSIGNED_CONTEXT((#8656))
GLOBAL_UNIT_ASSIGNED_CONTEXT((#8659,#8658,#8657))
REPRESENTATION_CONTEXT('Part 1','TOP_LEVEL_ASSEMBLY_PART')
);
#8656=UNCERTAINTY_MEASURE_WITH_UNIT(LENGTH_MEASURE(4.E-5),#8659,
'DISTANCE_ACCURACY_VALUE','Maximum Tolerance applied to model');
#8657=(
NAMED_UNIT(*)
SI_UNIT($,.STERADIAN.)
SOLID_ANGLE_UNIT()
);
#8658=(
NAMED_UNIT(*)
PLANE_ANGLE_UNIT()
SI_UNIT($,.RADIAN.)
);
#8659=(
LENGTH_UNIT()
NAMED_UNIT(*)
SI_UNIT($,.METRE.)
);
#8660=PRODUCT_DEFINITION_SHAPE('','',#8661);
#8661=PRODUCT_DEFINITION('','',#8663,#8662);
#8662=PRODUCT_DEFINITION_CONTEXT('',#8669,'design');
#8663=PRODUCT_DEFINITION_FORMATION_WITH_SPECIFIED_SOURCE('','',#8665,
 .NOT_KNOWN.);
#8664=PRODUCT_RELATED_PRODUCT_CATEGORY('','',(#8665));
#8665=PRODUCT('Part 1','Part 1','Part 1',(#8667));
#8666=PRODUCT_CATEGORY('','');
#8667=PRODUCT_CONTEXT('',#8669,'mechanical');
#8668=APPLICATION_PROTOCOL_DEFINITION('international standard',
'ap242_managed_model_based_3d_engineering',2020,#8669);
#8669=APPLICATION_CONTEXT('managed model based 3d engineering');
ENDSEC;
END-ISO-10303-21;
